header,real:2
-110.12932,54.785907
-110.269446,54.782284
-110.186851,54.785892
-110.269422,54.829624
-110.224832,54.840471
-110.402983,54.771449
-110.422131,54.785901
-110.345762,54.800533
-110.396621,54.829633
-110.320301,54.840441
-110.498414,54.771451
-110.599928,54.785896
-110.479147,54.814989
-110.549109,54.840482
-110.688675,54.77509
-110.707896,54.796954
-110.625318,54.826012
-110.701599,54.844116
-110.77791,54.775087
-110.885862,54.796947
-110.879581,54.822471
-111.038407,54.771468
-110.936727,54.796937
-110.936727,54.82246
-111.025865,54.826041
-111.13386,54.771478
-111.089256,54.796927
-111.133864,54.840503
-111.674106,54.764109
-111.78861,54.767676
-111.699581,54.796863
-111.902778,54.771211
-111.883638,54.778455
-111.896572,54.843896
-111.852009,54.843897
-112.055371,54.767516
-112.112394,54.785519
-112.055334,54.785555
-112.137831,54.803748
-112.169807,54.767425
-112.207734,54.814564
-112.284017,54.839992
-112.430364,54.782042
-112.309435,54.785454
-112.487492,54.782048
-112.66546,54.785734
-112.73538,54.829416
-110.123115,54.873181
-110.269399,54.873181
-110.186834,54.873176
-110.199382,54.913308
-110.275652,54.916925
-110.41574,54.858728
-110.326522,54.884202
-110.396549,54.884217
-110.396506,54.916935
-110.504559,54.85873
-110.555355,54.869577
-110.498201,54.916928
-110.580733,54.913303
-110.727018,54.869595
-110.625306,54.86956
-110.707861,54.887844
-110.650717,54.920534
-110.777878,54.85513
-110.828717,54.884229
-110.911297,54.902274
-110.828714,54.913322
-111.368963,54.895029
-111.311852,54.913308
-111.489848,54.898635
-111.388128,54.927733
-111.629562,54.876765
-111.604145,54.913273
-111.597866,54.91689
-111.674156,54.920494
-111.826646,54.880391
-111.801237,54.916768
-111.826639,54.927575
-111.89669,54.858597
-111.851923,54.873029
-111.896661,54.916755
-111.896637,54.92759
-112.055391,54.902133
-112.004556,54.916751
-112.049124,54.927594
-112.284175,54.931203
-112.309458,54.858266
-112.589292,54.872959
-112.595535,54.887595
-112.58298,54.913081
-112.665477,54.858523
-112.665485,54.872978
-112.665482,54.913116
-112.741762,54.92756
-111.362705,54.942377
-111.305576,54.96047
-111.311853,54.989561
-111.388132,54.960441
-111.445227,54.975091
-111.419806,54.989544
-111.553317,54.975072
-111.604159,54.971464
-111.572445,54.985923
-111.667877,55.004131
-111.820384,54.956678
-111.8204,54.971313
-111.724969,55.004132
-111.972865,54.956666
-111.972858,54.974916
-111.928283,54.989332
-111.972819,55.01483
-112.023702,54.942214
-112.049165,54.971303
-112.074623,54.98577
-112.055412,55.014843
-112.258705,54.956679
-112.201601,54.960301
-112.201591,55.004034
-112.201633,55.018497
-112.303318,54.945834
-112.379554,54.974897
-112.411274,54.985733
-112.303298,54.985789
-112.538352,54.989388
-112.589296,55.000385
-112.557585,55.018465
-112.659201,54.960288
-111.343543,55.033282
-111.318119,55.058766
-111.31811,55.091471
-111.324294,55.10969
-111.426106,55.040517
-111.527833,55.065961
-111.470701,55.087813
-111.489835,55.105937
-111.566179,55.033259
-111.674095,55.04411
-111.67404,55.1023
-111.566114,55.102303
-111.769689,55.033053
-111.769707,55.058528
-111.776028,55.076579
-111.744183,55.09129
-111.953693,55.029452
-111.877566,55.043803
-111.909252,55.072952
-111.877633,55.087517
-112.125386,55.102133
-112.112443,55.102141
-112.284215,55.033105
-112.252566,55.058615
-112.258853,55.069453
-112.220834,55.109595
-112.411415,55.043945
-112.303414,55.062182
-112.309689,55.087657
-112.315874,55.105799
-112.513091,55.062178
-112.589397,55.105781
-112.48142,55.10211
-112.64015,55.091302
-112.830976,55.036766
-112.786325,55.058621
-113.548895,55.033087
-113.580581,55.076674
-113.605924,55.102148
-113.713816,55.033085
-113.732908,55.073039
-113.879462,55.044011
-113.962082,55.058628
-113.853954,55.076685
-113.930341,55.105896
-113.981169,55.029894
-113.987447,55.048169
-114.145092,55.04867
-114.043412,55.059667
-114.068882,55.092398
-114.11968,55.106837
-114.189639,55.048675
-114.221262,55.070554
-114.164345,55.110387
-114.379929,55.02706
-114.348363,55.10324
-114.469118,55.03421
-114.577046,55.059671
-114.462846,55.074134
-114.729482,55.034211
-114.678677,55.048673
-114.735677,55.074138
-114.653276,55.077759
-110.008948,55.153249
-110.61826,55.150084
-110.566844,55.160944
-110.657029,55.150095
-110.740431,55.160936
-110.631343,55.179175
-110.804753,55.150109
-110.888007,55.150116
-110.779113,55.164536
-110.919978,55.175579
-110.990574,55.150138
-111.048231,55.150131
-110.964931,55.164587
-111.06756,55.193667
-111.093212,55.150118
-111.118836,55.164582
-111.150787,55.175611
-111.125162,55.193674
-111.330216,55.124667
-111.381497,55.175603
-111.253294,55.190058
-111.509712,55.121044
-111.413392,55.146516
-111.535356,55.160965
-111.44576,55.197299
-111.554667,55.121029
-111.637923,55.135496
-111.663566,55.179217
-111.61228,55.193678
-111.772378,55.153749
-111.811073,55.164585
-111.71485,55.17921
-111.836711,55.179211
-111.919957,55.135496
-111.996873,55.150114
-111.971234,55.179216
-112.093102,55.164585
-112.073793,55.164584
-112.150712,55.179202
-112.201995,55.121033
-112.304562,55.128244
-112.221304,55.135491
-112.432793,55.135485
-112.400815,55.135482
-112.323873,55.146498
-112.381479,55.190043
-112.535373,55.117347
-112.612268,55.160945
-112.477737,55.160957
-112.714788,55.121037
-112.708429,55.193659
-112.926309,55.179152
-112.797998,55.186426
-112.990573,55.150072
-112.958624,55.168123
-112.996869,55.19363
-113.233851,55.117232
-113.381231,55.131826
-113.278779,55.13183
-113.298073,55.157331
-113.355674,55.175552
-113.400609,55.160913
-113.4776,55.193603
-113.682784,55.150011
-113.637832,55.164496
-113.682823,55.193553
-113.586557,55.197188
-113.843109,55.11723
-113.836719,55.150046
-113.791758,55.160885
-113.734135,55.179118
-113.939148,55.135682
-113.91352,55.150234
-113.945485,55.150346
-113.990523,55.161346
-114.069445,55.121506
-114.152485,55.132293
-114.043789,55.176031
-114.120649,55.17602
-114.1592,55.117839
-114.223086,55.161347
-114.268012,55.175972
-114.434426,55.164932
-114.524411,55.114258
-114.49877,55.164973
-114.601351,55.175983
-114.620666,55.139488
-114.768088,55.146887
-110.008902,55.284336
-110.592552,55.204661
-110.534867,55.237373
-110.554227,55.262848
-110.611991,55.262825
-110.637686,55.204653
-110.766117,55.208263
-110.702059,55.233757
-110.669635,55.266454
-110.874949,55.208298
-110.919978,55.230192
-110.874948,55.266478
-110.836724,55.280927
-110.939288,55.208289
-111.041882,55.222768
-110.96493,55.251852
-111.07386,55.280926
-111.170083,55.219155
-111.099537,55.219138
-111.125161,55.266483
-111.195707,55.266491
-111.330216,55.201142
-111.330215,55.219165
-111.246961,55.266483
-111.355856,55.280951
-111.407139,55.211922
-111.407138,55.24824
-111.484068,55.262888
-111.560998,55.204689
-111.689209,55.219138
-111.644175,55.244631
-111.631591,55.262882
-111.702188,55.204679
-111.843041,55.208298
-111.702188,55.237384
-111.811072,55.262877
-111.939264,55.219154
-111.964903,55.237398
-111.887987,55.259304
-111.964903,55.280942
-112.125072,55.222758
-112.11874,55.241009
-112.11874,55.25185
-112.14438,55.266475
-112.221305,55.208307
-112.221305,55.233783
-112.176352,55.251839
-112.381473,55.23739
-112.381476,55.248231
-112.458408,55.277305
-112.50338,55.251846
-112.484044,55.277307
-112.689132,55.277344
-112.919942,55.208253
-112.785329,55.222753
-112.79169,55.280921
-112.971192,55.204671
-112.990459,55.219131
-112.94555,55.222729
-112.971153,55.280918
-113.400688,55.208231
-113.407036,55.219065
-113.496955,55.255392
-113.477655,55.280878
-113.554585,55.208212
-113.657121,55.219079
-113.682782,55.262787
-113.682764,55.280846
-113.836597,55.204601
-113.766079,55.219086
-113.785322,55.280855
-113.939165,55.233983
-113.939147,55.281128
-114.069335,55.208682
-114.120617,55.223151
-114.056632,55.281312
-114.197467,55.205046
-114.216781,55.237758
-114.191137,55.266843
-114.325635,55.281279
-114.537,55.201512
-114.678263,55.208697
-114.639577,55.215906
-110.547879,55.291938
-110.605642,55.324622
-110.61199,55.364551
-110.74043,55.295543
-110.625,55.353705
-110.734087,55.353721
-110.657028,55.364558
-110.836724,55.291948
-110.919977,55.306396
-110.791774,55.321017
-110.843055,55.339107
-110.894336,55.36819
-110.990572,55.295582
-110.996903,55.306424
-111.022555,55.339126
-111.035547,55.353758
-111.170082,55.295582
-111.118834,55.310023
-111.093209,55.339102
-111.150785,55.364597
-111.246962,55.29558
-111.343177,55.306446
-111.278938,55.339167
-111.35582,55.364645
-111.529028,55.295573
-111.426447,55.324672
-111.497049,55.353766
-111.497048,55.36822
-111.689209,55.306408
-111.560998,55.357364
-111.657235,55.368212
-111.554667,55.368202
-111.759795,55.306425
-111.734157,55.306419
-111.843041,55.368197
-111.945595,55.295581
-111.926207,55.342739
-111.996872,55.35374
-111.862349,55.364583
-112.150711,55.291947
-112.09943,55.306419
-112.118738,55.335504
-112.04815,55.364592
-112.17002,55.29556
-112.17002,55.321036
-112.272587,55.346568
-112.201991,55.368203
-112.458413,55.339101
-112.400797,55.335505
-112.400797,55.364593
-112.323871,55.36819
-112.503356,55.31002
-112.484051,55.335488
-112.484051,55.350123
-112.734099,55.295564
-112.727783,55.324647
-112.682799,55.339102
-112.868626,55.339091
-112.836621,55.335483
-112.919911,55.36814
-113.016096,55.295557
-113.048065,55.310005
-113.022427,55.335486
-113.016096,55.364576
-113.169978,55.313625
-113.195612,55.364565
-113.253213,55.321002
-113.323828,55.324614
-113.43904,55.291899
-113.458387,55.324604
-113.503329,55.350062
-113.612214,55.324601
-113.682796,55.324569
-113.631543,55.350074
-113.676495,55.353664
-113.75337,55.309937
-113.702097,55.31354
-113.881563,55.321037
-113.894229,55.368239
-114.114231,55.295938
-114.056601,55.32864
-114.223093,55.295937
-114.197461,55.325018
-114.268022,55.33586
-114.242383,55.335875
-114.31932,55.310369
-114.376912,55.328642
-114.575711,55.325013
-114.575714,55.339463
-114.742564,55.339474
-114.652626,55.346877
-114.723423,55.357765
-110.124216,55.393588
-110.124213,55.440925
-110.35509,55.437389
-110.586281,55.382811
-110.579933,55.397267
-110.60564,55.422732
-110.566839,55.422745
-110.714742,55.393653
-110.759772,55.422727
-110.657026,55.437369
-110.817413,55.382825
-110.836723,55.411917
-110.919975,55.455422
-111.016223,55.397302
-110.939286,55.440995
-111.09321,55.38283
-111.150785,55.397299
-111.150785,55.40832
-111.227649,55.411976
-111.355833,55.397361
-111.272604,55.397366
-111.272601,55.412001
-111.298241,55.437485
-111.515965,55.397302
-111.535357,55.433833
-111.445775,55.45546
-111.663568,55.393684
-111.618533,55.397305
-111.695465,55.451844
-111.631594,55.451866
-111.817404,55.37923
-111.843043,55.415533
-111.766129,55.426391
-111.7598,55.451865
-111.996873,55.382829
-111.964905,55.41193
-111.964906,55.42277
-111.945599,55.451862
-112.016181,55.382827
-112.125066,55.39368
-112.048149,55.422767
-112.048148,55.441015
-112.253274,55.382842
-112.298228,55.382829
-112.304558,55.397279
-112.176342,55.455437
-112.381481,55.451858
-112.554639,55.411927
-112.509687,55.422762
-112.484048,55.437388
-112.689173,55.379219
-112.734174,55.451826
-112.817364,55.382819
-112.919914,55.37916
-112.919939,55.451778
-113.201939,55.397266
-113.176292,55.411909
-113.118666,55.451832
-113.349481,55.400863
-113.253228,55.451812
-113.509684,55.426318
-113.484052,55.44096
-113.484052,55.455395
-113.413361,55.451793
-113.637909,55.382768
-113.682875,55.411841
-113.625243,55.429926
-113.631576,55.451787
-113.817376,55.382744
-113.766111,55.393597
-113.714847,55.422676
-113.862303,55.397213
-113.945447,55.452036
-114.03727,55.39405
-114.139877,55.423129
-114.062947,55.441393
-114.062947,55.455821
-114.319285,55.379565
-110.707687,55.473616
-110.746351,55.484449
-110.649135,55.480829
-110.662315,55.528171
-110.875753,55.470017
-110.869362,55.480858
-110.869362,55.499106
-110.798113,55.539013
-111.024654,55.470021
-110.947008,55.495475
-110.979281,55.509944
-110.998772,55.542649
-111.212265,55.484456
-111.140892,55.499117
-111.205858,55.528194
-111.128187,55.539039
-111.341614,55.466396
-111.322107,55.48445
-111.399842,55.51348
-111.30938,55.542637
-111.471001,55.466421
-111.619816,55.480853
-111.652078,55.513554
-111.729699,55.495477
-111.859065,55.499091
-111.729698,55.524564
-111.852675,55.528181
-112.007955,55.473615
-111.878555,55.480841
-111.878554,55.509928
-112.014342,55.524559
-112.085573,55.466426
-112.06609,55.484466
-112.169593,55.524559
-112.098276,55.542644
-112.273097,55.513577
-112.189081,55.52818
-112.318461,55.524582
-112.195471,55.539029
-112.45421,55.480889
-112.376594,55.491959
-112.344335,55.509953
-112.344336,55.524587
-112.758394,55.513555
-112.68708,55.542663
-112.868349,55.50996
-112.97181,55.499074
-113.152879,55.469966
-113.198243,55.499057
-113.172366,55.513511
-113.152881,55.524528
-113.385764,55.513501
-113.301749,55.524523
-113.353496,55.542596
-113.566944,55.499053
-113.431134,55.538971
-113.612316,55.466396
-113.670473,55.4664
-113.722238,55.509908
-113.83884,55.466391
-113.79987,55.499082
-113.825746,55.509921
-113.85162,55.542616
-113.980998,55.513861
-113.903368,55.513575
-114.063212,55.52854
-114.76776,55.466726
-114.774119,55.488361
-110.25464,55.571711
-110.164225,55.597169
-110.461659,55.571688
-110.377635,55.600795
-110.597373,55.589949
-110.610553,55.615419
-110.597372,55.633492
-110.636434,55.557241
-110.73996,55.571716
-110.714078,55.586354
-110.688196,55.61544
-110.798114,55.55726
-110.895245,55.571731
-110.817605,55.615447
-110.862972,55.615457
-111.076419,55.557271
-110.979281,55.582755
-110.97289,55.586366
-110.947008,55.597195
-111.205802,55.571733
-111.128198,55.571735
-111.128192,55.600823
-111.205829,55.629906
-111.361139,55.597188
-111.335255,55.597198
-111.283482,55.615449
-111.496858,55.560885
-111.425593,55.586346
-111.522724,55.582738
-111.671563,55.582746
-111.619815,55.615448
-111.568071,55.626264
-111.826799,55.568117
-111.74918,55.611837
-111.85906,55.626276
-111.826798,55.629903
-112.007951,55.564488
-111.884945,55.571716
-112.014339,55.582731
-111.936713,55.61545
-112.143718,55.553658
-112.091967,55.571731
-112.14372,55.5972
-112.08558,55.608269
-112.163207,55.61544
-112.221347,55.553681
-112.292587,55.568136
-112.247225,55.571752
-112.29259,55.626316
-112.376597,55.553702
-112.396084,55.597246
-112.441436,55.626331
-112.603066,55.600846
-112.557716,55.615488
-112.583588,55.611872
-112.577202,55.626327
-113.094744,55.557233
-113.1401,55.611781
-113.146488,55.62985
-113.411643,55.557212
-113.30175,55.597151
-113.392077,55.615399
-113.327621,55.629857
-113.560553,55.571688
-113.547371,55.608236
-113.457017,55.629865
-113.689968,55.600797
-113.638202,55.600801
-113.81936,55.586345
-113.748121,55.626258
-113.999518,55.550443
-113.981002,55.626566
-114.017987,55.572077
-114.050075,55.597555
-114.224524,55.572072
-114.166429,55.615779
-114.302093,55.61216
-114.392724,55.568454
-114.315179,55.575661
-114.450808,55.586686
-114.586587,55.553999
-114.528438,55.60116
-114.554319,55.615796
-114.56071,55.630249
-110.312703,55.640884
-110.254638,55.695515
-110.604162,55.64451
-110.92753,55.658995
-110.875759,55.670019
-110.791724,55.699079
-111.024658,55.644553
-111.082807,55.644536
-111.03106,55.688123
-111.050555,55.702761
-111.134574,55.644549
-111.128177,55.659008
-111.108676,55.65177
-111.128198,55.699136
-111.393391,55.644522
-111.289872,55.655377
-111.309363,55.688081
-111.283493,55.706322
-111.438742,55.673616
-111.509951,55.699091
-111.587556,55.658977
-111.619816,55.688076
-111.677952,55.717157
-111.749181,55.644538
-111.775049,55.670017
-111.826798,55.717165
-111.910829,55.655373
-112.163207,55.655368
-112.111454,55.670013
-112.111453,55.6991
-112.189083,55.673615
-112.240836,55.684484
-112.221349,55.684477
-112.227657,55.695546
-112.240834,55.702731
-112.370214,55.659026
-112.473635,55.684496
-112.350727,55.684487
-112.376599,55.702749
-112.583595,55.717194
-112.939535,55.684426
-113.043002,55.702688
-113.178755,55.644494
-113.250003,55.658931
-113.33401,55.640879
-113.359889,55.684419
-113.379377,55.713502
-113.334011,55.71712
-113.560552,55.640889
-113.45702,55.688042
-113.489299,55.702685
-113.592831,55.644503
-113.586438,55.699059
-113.689968,55.702693
-113.638203,55.71715
-113.851623,55.669986
-113.773996,55.684441
-113.877497,55.702674
-113.79987,55.717145
-113.929248,55.641031
-113.948729,55.684631
-113.955112,55.717347
-114.037421,55.655724
-114.146984,55.673953
-114.018003,55.684796
-114.04381,55.717502
-114.250384,55.673968
-114.172822,55.713882
-114.321563,55.641246
-114.379643,55.670351
-114.450813,55.717489
-114.55432,55.64127
-114.554321,55.655723
-114.476674,55.655699
-114.554322,55.670357
-110.241854,55.782778
-110.422995,55.75725
-110.429381,55.800788
-110.726777,55.771717
-110.772231,55.786334
-110.694582,55.797192
-110.901666,55.731801
-110.823993,55.76089
-110.927595,55.790026
-110.798111,55.804399
-110.97932,55.742711
-110.959864,55.77904
-110.998773,55.790064
-111.05054,55.786451
-111.21225,55.74631
-111.128194,55.746315
-111.128188,55.790036
-111.335239,55.746256
-111.283496,55.742636
-111.309366,55.789975
-111.335239,55.800815
-111.438741,55.746241
-111.542203,55.760865
-111.548589,55.800787
-111.438741,55.800801
-111.600331,55.746246
-111.677952,55.771716
-111.710134,55.789947
-111.645689,55.804407
-111.787744,55.742644
-111.865371,55.771706
-111.775049,55.771729
-111.826797,55.804405
-111.904437,55.757264
-111.884943,55.789957
-111.936713,55.800809
-112.059701,55.746243
-112.085572,55.775336
-112.240832,55.728205
-112.24722,55.742659
-112.195469,55.742636
-112.402469,55.728227
-112.337944,55.789973
-112.525359,55.742718
-112.680686,55.760884
-112.738872,55.800818
-112.933117,55.728144
-112.842408,55.786341
-112.926327,55.786333
-113.198244,55.804365
-113.127005,55.804357
-113.405255,55.728126
-113.411645,55.789911
-113.282266,55.804347
-113.560556,55.742597
-113.508793,55.742612
-113.457022,55.775306
-113.573257,55.782743
-113.482908,55.804375
-113.625021,55.757256
-113.715836,55.775303
-113.68996,55.77532
-113.877497,55.728148
-113.871107,55.775306
-113.748099,55.786319
-113.799855,55.800794
-113.974596,55.74649
-113.942337,55.739167
-113.896983,55.757264
-113.974598,55.775574
-114.08903,55.732141
-114.121184,55.75761
-114.043793,55.790311
-114.192289,55.742979
-114.276244,55.772066
-114.373264,55.74298
-114.450815,55.761211
-114.327952,55.790303
-114.767738,55.80483
-110.315196,55.858947
-110.348142,55.837104
-110.432894,55.840947
-110.58952,55.819038
-110.58952,55.858965
-110.511204,55.87721
-110.563415,55.891669
-110.7526,55.815432
-110.772255,55.89165
-110.804803,55.829862
-110.981139,55.833431
-110.95502,55.877149
-111.039749,55.891621
-111.215986,55.833482
-111.111624,55.833429
-111.150508,55.848117
-111.137696,55.877199
-111.326838,55.81543
-111.300736,55.829862
-111.346494,55.848113
-111.268187,55.891636
-111.450907,55.873574
-111.692302,55.877184
-111.718406,55.891624
-111.764168,55.833457
-111.875017,55.848079
-111.848913,55.891629
-111.77061,55.891631
-111.894678,55.815395
-111.999093,55.833452
-112.01875,55.851691
-112.038004,55.887993
-112.155691,55.833443
-112.10349,55.833448
-112.292651,55.833442
-112.227553,55.833435
-112.234001,55.877156
-112.292654,55.873549
-112.364517,55.818969
-112.44929,55.844457
-112.612414,55.88798
-112.684395,55.829815
-112.873256,55.811804
-112.964858,55.84443
-112.938757,55.877141
-112.860451,55.891592
-113.160378,55.82978
-113.232327,55.844423
-113.251988,55.891571
-113.14757,55.88795
-113.336736,55.851632
-113.382491,55.858863
-113.421486,55.8771
-113.493346,55.815338
-113.47361,55.840826
-113.617422,55.815324
-113.747925,55.818934
-113.695714,55.844409
-113.852338,55.818968
-113.78048,55.833403
-113.806584,55.858879
-113.852322,55.887969
-113.956702,55.87368
-114.011729,55.819406
-114.14823,55.83074
-114.063739,55.877776
-114.19382,55.845411
-114.460371,55.849011
-114.375903,55.888958
-114.538667,55.878118
-114.610557,55.870921
-110.387136,55.97532
-110.563415,55.920756
-110.537309,55.920756
-110.51765,55.949839
-110.589521,55.960859
-110.778692,55.917117
-110.687494,55.938995
-110.758972,55.96446
-110.64818,55.982526
-110.798356,55.902666
-110.928897,55.90263
-110.850561,55.964469
-110.93532,55.96444
-110.98754,55.902663
-110.981074,55.964455
-111.05938,55.964451
-111.065822,55.971678
-111.137684,55.93537
-111.13768,55.960843
-111.215982,55.964456
-111.379039,55.917116
-111.294288,55.92073
-111.294287,55.96445
-111.372593,55.964449
-111.529223,55.917114
-111.477011,55.924345
-111.450905,55.960831
-111.60754,55.920723
-111.607539,55.960829
-111.79671,55.902656
-111.875013,55.902637
-111.914329,55.902638
-112.011896,55.946175
-111.920773,55.949793
-111.999086,55.957245
-112.103489,55.906251
-112.103488,55.931723
-112.155694,55.949784
-112.077389,55.964418
-112.097043,55.95724
-112.312314,55.906243
-112.234003,55.920694
-112.318761,55.935327
-112.370968,55.920683
-112.495061,55.935304
-112.397074,55.964413
-112.475391,55.964407
-112.605897,55.964419
-112.729945,55.964405
-112.710288,55.97524
-112.866897,55.92068
-112.83435,55.9353
-112.834352,55.982452
-113.121468,55.935288
-113.095365,55.978836
-113.017052,55.97884
-113.245543,55.913433
-113.23233,55.920662
-113.317003,55.899005
-113.362837,55.93167
-113.343101,55.967982
-113.402151,55.971592
-113.467247,55.906178
-113.473612,55.946107
-113.604133,55.982412
-113.669615,55.920648
-113.649959,55.964362
-113.728259,55.960751
-113.904512,55.906211
-113.904511,55.935296
-113.780457,55.9752
-113.956716,55.964533
-114.089738,55.946867
-114.018118,55.964826
-114.193807,55.961755
-114.643119,55.92166
-110.204494,56.008009
-110.276309,56.051732
-110.361034,56.008015
-110.328486,56.05172
-110.569862,55.993563
-110.602333,56.022641
-110.543758,56.051738
-110.517653,56.066186
-110.720059,55.993559
-110.641735,56.022631
-110.778719,56.037084
-110.92888,56.004388
-111.059374,55.993545
-110.954989,56.004385
-111.007164,56.051729
-111.137677,56.037078
-111.222427,56.05171
-111.320389,55.99354
-111.333199,56.015445
-111.274631,56.048085
-111.483457,55.98631
-111.529223,56.007983
-111.477012,56.03346
-111.450907,56.0517
-111.607541,56.040678
-111.679409,56.048088
-111.999085,56.007964
-111.933582,56.007968
-111.999089,56.051684
-112.155699,56.00796
-112.077397,56.051677
-112.155701,56.05168
-112.416723,55.993506
-112.390571,56.05167
-112.625532,56.004325
-112.547273,56.022564
-112.52765,56.051639
-112.782154,56.004333
-112.684206,56.007939
-112.886559,56.022579
-112.860457,56.06611
-113.023512,56.022566
-113.121478,56.022553
-113.017067,56.037016
-113.095375,56.062491
-113.290905,55.997058
-113.212597,56.011539
-113.225889,56.033398
-113.206231,56.062484
-113.336738,55.993454
-113.415047,56.004291
-113.408601,56.033377
-113.330294,56.033376
-113.473619,55.989834
-113.513018,56.018932
-113.467257,56.03337
-113.747895,56.007897
-113.832646,56.007904
-113.780437,56.007892
-113.773963,56.036974
-113.800068,56.051611
-114.141763,56.041526
-114.245832,56.005302
-114.193795,56.037992
-114.167769,56.063443
-114.336639,56.049011
-114.486449,56.005292
-114.61056,56.023534
-110.204491,56.091657
-110.224134,56.138994
-110.406792,56.095279
-110.387133,56.149838
-110.59597,56.095271
-110.550124,56.120751
-110.667844,56.080813
-110.726503,56.120745
-110.641736,56.12073
-110.824475,56.109918
-110.902795,56.124385
-110.798364,56.12074
-110.876673,56.153476
-110.830895,56.149855
-111.059375,56.091642
-110.981122,56.09165
-110.981108,56.135362
-110.961456,56.15706
-111.137678,56.095248
-111.137679,56.124333
-111.22243,56.138965
-111.379042,56.091628
-111.274632,56.091622
-111.274634,56.13534
-111.300737,56.1498
-111.45091,56.10987
-111.529228,56.106259
-111.535676,56.138954
-112.031642,56.077143
-111.914327,56.09522
-111.97299,56.124313
-111.999098,56.13894
-112.109945,56.135328
-112.312257,56.095219
-112.214352,56.135313
-112.47538,56.149749
-112.423091,56.149768
-112.370801,56.149765
-112.521174,56.08073
-112.658162,56.077136
-112.677825,56.080745
-112.788597,56.109836
-112.70397,56.124287
-112.919103,56.095202
-112.945204,56.10983
-113.017067,56.091573
-113.101818,56.124274
-113.023509,56.135293
-113.258436,56.084337
-113.219443,56.09157
-113.258434,56.113422
-113.199783,56.135286
-113.304195,56.080705
-113.336736,56.120632
-113.330291,56.138875
-113.66962,56.138885
-113.800051,56.091574
-113.989217,56.077438
-114.018088,56.077553
-114.148195,56.154158
-114.226239,56.150729
-114.330296,56.107178
-114.440698,56.128862
-110.167132,56.197259
-110.167132,56.219164
-110.417225,56.179035
-110.469917,56.19365
-110.62146,56.164559
-110.634389,56.182619
-110.634389,56.215318
-110.601625,56.215334
-110.753258,56.182635
-110.779588,56.211703
-110.674192,56.226353
-110.70708,56.240813
-110.937512,56.215286
-110.950543,56.219075
-110.83226,56.240788
-111.010095,56.171816
-111.042991,56.193676
-110.990255,56.211735
-111.042992,56.237213
-111.23384,56.179047
-111.174674,56.211752
-111.35899,56.193687
-111.391821,56.197293
-111.339162,56.222772
-111.418152,56.240816
-111.55623,56.182671
-111.444481,56.190111
-111.464312,56.226388
-111.556232,56.226386
-111.622308,56.182652
-111.622309,56.226368
-111.721144,56.240814
-111.872233,56.182651
-111.793235,56.182657
-111.773811,56.226367
-111.852809,56.226374
-111.997491,56.193673
-111.938314,56.208117
-112.18183,56.211726
-112.28718,56.226363
-112.333356,56.24081
-112.471492,56.182627
-112.418878,56.193633
-112.392533,56.208068
-112.438683,56.23719
-112.682127,56.211692
-112.550525,56.226345
-112.682148,56.237171
-112.728306,56.193659
-112.734821,56.208113
-112.701974,56.222719
-112.761177,56.22275
-112.860036,56.226339
-113.123426,56.211711
-113.478794,56.164543
-113.52505,56.193677
-113.636833,56.204496
-114.176404,56.219346
-114.268765,56.230155
-110.410724,56.284539
-110.410724,56.302605
-110.562277,56.255447
-110.601627,56.266279
-110.766229,56.255438
-110.917774,56.251822
-110.911288,56.313614
-111.023154,56.284543
-111.075837,56.284539
-111.062829,56.313628
-111.260172,56.269901
-111.240261,56.269911
-111.385322,56.269914
-111.385323,56.295385
-111.391826,56.313629
-111.306332,56.320854
-111.464318,56.306455
-111.674978,56.269911
-111.608901,56.280923
-111.635235,56.317241
-111.661568,56.317242
-111.701311,56.328072
-111.773811,56.266292
-111.793235,56.288157
-111.766901,56.291762
-111.859314,56.317237
-112.214596,56.306413
-112.20167,56.331666
-112.267267,56.248262
-112.346277,56.291747
-112.38603,56.255417
-112.445198,56.288142
-112.392528,56.295348
-112.445198,56.324454
-112.576862,56.248216
-112.682169,56.251812
-112.616539,56.291775
-112.728336,56.251829
-112.728349,56.310001
-112.807359,56.309997
-112.860037,56.251811
-112.860039,56.313592
-113.38685,56.25545
-113.623906,56.324461
-113.571226,56.328085
-113.683088,56.28455
-113.913633,56.284501
-113.814782,56.298958
-113.966309,56.251802
-114.07103,56.324632
-110.917796,56.342703
-110.937638,56.342693
-110.944141,56.375398
-111.062832,56.346329
-111.029655,56.3682
-110.970492,56.415334
-111.233846,56.349941
-111.194505,56.382654
-111.128474,56.382639
-111.312841,56.357165
-111.292953,56.397262
-111.299858,56.397263
-111.477241,56.357175
-111.694813,56.371791
-111.81315,56.3718
-111.753981,56.38262
-112.274176,56.33547
-112.524238,56.371795
-112.583407,56.379021
-112.576911,56.415341
-113.103589,56.371769
-113.472371,56.386223
-113.571226,56.339105
-113.61049,56.408102
-113.498709,56.411703
-113.781939,56.382632
-113.854452,56.41173
-110.331681,56.469869
-110.990316,56.469936
-110.970459,56.502615
-111.220865,56.440821
-111.247215,56.451868
-111.385325,56.444415
-111.306368,56.488133
-111.385326,56.488133
-111.615815,56.422773
-111.865821,56.429959
-112.372309,56.451822
-112.497903,56.440823
-112.623023,56.426381
-112.623011,56.462688
-112.550658,56.484555
-113.281482,56.484493
-113.433024,56.426339
-113.439526,56.444402
-113.446027,56.502545
-113.334167,56.498933
-113.518544,56.444413
-113.551384,56.498974
-113.860954,56.469899
-111.072188,56.520778
-110.978952,56.54264
-111.032161,56.542654
-111.045659,56.575353
-110.992443,56.582582
-111.397668,56.531643
-111.324512,56.575338
-111.490449,56.542693
-111.463886,56.553514
-111.690031,56.546309
-112.354526,56.531587
-112.434267,56.531575
-112.434262,56.575316
-112.613836,56.54982
-113.078999,56.575288
-113.398019,56.52796
-113.371434,56.531562
-113.45119,56.571678
-113.530945,56.560645
-113.923167,56.513653
-110.394289,56.611735
-110.985609,56.608043
-111.038743,56.600831
-111.085315,56.611656
-111.078705,56.644353
-111.198275,56.629919
-111.198275,56.629919
-111.218191,56.662624
-111.377662,56.626304
-111.404296,56.637147
-111.583714,56.611696
-111.497509,56.622507
-111.510579,56.655382
-111.470846,56.669821
-111.789818,56.629898
-111.836091,56.651585
-112.068776,56.677001
-112.1951,56.662552
-112.161971,56.680632
-112.354535,56.618854
-112.514076,56.618849
-112.434276,56.618862
-112.434344,56.662564
-112.573839,56.615212
-112.600459,56.677
-112.806601,56.607986
-112.859765,56.644279
-112.780008,56.644294
-112.7334,56.676979
-112.992682,56.60437
-112.91293,56.615207
-112.9661,56.658927
-113.01927,56.676974
-113.125607,56.629844
-113.291679,56.604373
-113.23851,56.633451
-113.211925,56.662522
-113.537429,56.64428
-111.091864,56.698897
-111.098732,56.738819
-111.065175,56.753458
-111.238154,56.70611
-111.158317,56.731595
-111.251231,56.760646
-111.198062,56.764269
-111.2979,56.706133
-111.344488,56.749881
-111.370996,56.760698
-111.317854,56.764305
-111.490559,56.720738
-111.563675,56.731573
-111.483988,56.760678
-111.723184,56.684449
-111.7432,56.706117
-111.796369,56.684442
-111.882671,56.749829
-111.876105,56.757057
-112.195118,56.706097
-112.115372,56.706098
-112.115368,56.74981
-112.321472,56.706098
-112.274869,56.706091
-112.274865,56.749803
-112.434379,56.70609
-112.434376,56.749802
-112.726841,56.706061
-112.866328,56.731529
-113.025834,56.713504
-113.025834,56.760606
-111.038598,56.771749
-111.065171,56.782534
-110.998993,56.793382
-111.105283,56.815208
-110.998998,56.837097
-111.151868,56.771737
-111.171483,56.786149
-111.131859,56.833451
-111.238168,56.844314
-111.324437,56.808002
-111.297909,56.82243
-111.37092,56.83347
-111.297884,56.8479
-111.483877,56.789771
-111.523995,56.837106
-111.483884,56.84794
-111.802912,56.793368
-112.195109,56.793347
-112.348048,56.79334
-112.274859,56.789722
-112.361171,56.83705
-112.51413,56.793337
-112.434369,56.837046
-112.514126,56.837049
-112.673659,56.804346
-112.706811,56.851493
-112.766472,56.833425
-113.025834,56.793301
-113.099022,56.807948
-113.105585,56.822399
-113.105584,56.855138
-111.122431,56.859091
-111.155796,56.859097
-111.289875,56.928155
-111.323678,56.86998
-111.397184,56.899074
-111.303494,56.938996
-111.497932,56.877201
-111.77269,56.902643
-111.786352,56.89542
-111.786353,56.902646
-112.034526,56.891823
-112.034527,56.931745
-112.228942,56.880799
-112.135257,56.928133
-112.296297,56.924515
-112.376823,56.924516
-112.457348,56.880797
-112.45735,56.92451
-112.537877,56.924511
-112.6184,56.862709
-112.698927,56.880789
-112.651872,56.895426
-112.779469,56.891803
-112.77947,56.924498
-111.182603,56.957232
-111.289936,56.968066
-111.216452,57.000765
-111.162814,57.000756
-111.558226,56.946364
-111.551545,56.968038
-111.524732,56.97545
-111.745869,56.946418
-111.766152,56.997123
-111.665411,56.989915
-111.752906,57.004581
-111.887078,56.946422
-111.906879,56.975498
-111.779731,56.989893
-112.376824,56.96805
-112.45735,56.968043
-112.45735,57.011757
-112.537879,57.011758
-112.618406,56.968036
-112.618407,57.011752
-112.69893,57.011748
-112.752616,56.964406
-112.752616,57.01173
-112.947154,56.949951
-112.994206,56.98265
-112.947153,57.022566
-110.954819,57.069919
-110.981649,57.055289
-111.062133,57.077171
-111.055508,57.10264
-110.994811,57.113463
-111.169435,57.04086
-111.142616,57.055298
-111.169434,57.069942
-111.142615,57.084379
-111.397184,57.033641
-111.444285,57.062762
-111.310159,57.10624
-111.464496,57.040852
-111.578399,57.073568
-111.457841,57.106271
-111.692226,57.069953
-111.699264,57.091863
-111.726077,57.10627
-111.920545,57.0589
-111.933714,57.069911
-111.806557,57.087993
-111.813179,57.109851
-111.940757,57.058892
-112.698931,57.05528
-112.698929,57.098995
-110.927985,57.157168
-110.927984,57.171618
-110.934605,57.200702
-110.907776,57.200709
-111.028677,57.142557
-111.42397,57.124493
-111.417409,57.153575
-111.471075,57.128142
-111.504535,57.135376
-111.504529,57.164464
-111.52472,57.193536
-111.772749,57.128114
-111.652289,57.13896
-111.705867,57.153601
-111.752866,57.186298
-111.799506,57.124481
-111.80655,57.128092
-111.913912,57.135312
-111.806559,57.179073
-111.887071,57.179078
-112.001061,57.128096
-112.034527,57.142545
-111.947375,57.167998
-112.034524,57.182645
-112.215779,57.142547
-112.162098,57.13894
-112.215778,57.168016
-112.141884,57.175243
-112.276089,57.12447
-112.397029,57.189861
-112.457343,57.142533
-112.732386,57.193451
-112.765786,57.167984
-110.856482,57.215473
-110.856481,57.229922
-110.985172,57.20821
-111.025622,57.237367
-111.10686,57.258994
-111.012245,57.280847
-111.18141,57.288073
-111.458807,57.266428
-111.567153,57.226294
-111.546636,57.237358
-111.553745,57.277231
-111.608078,57.284439
-111.783822,57.24448
-111.756773,57.258947
-111.783831,57.266383
-111.635236,57.29162
-111.851678,57.208217
-111.905838,57.222673
-111.797525,57.258929
-111.919204,57.277217
-112.04124,57.222672
-111.97337,57.237333
-111.993759,57.2736
-112.277895,57.233488
-112.332065,57.233496
-112.318773,57.251736
-112.460873,57.269969
-112.738302,57.208192
-110.985163,57.295515
-111.039323,57.295531
-111.127246,57.339003
-111.032214,57.357257
-111.113454,57.375315
-111.269334,57.302705
-111.188094,57.317157
-111.255959,57.349852
-111.188093,57.339013
-111.262646,57.375319
-111.465408,57.320748
-111.3168,57.357241
-111.458812,57.37169
-111.310117,57.368075
-111.533343,57.295518
-111.485879,57.309912
-111.61476,57.331756
-111.621412,57.371676
-111.655238,57.299042
-111.729638,57.317127
-111.635164,57.346193
-111.641788,57.378901
-111.925806,57.295503
-111.885434,57.32816
-111.81089,57.346204
-111.912511,57.375298
-111.993754,57.331761
-111.966673,57.342588
-111.959986,57.357216
-112.020833,57.360848
-112.244186,57.31352
-112.162921,57.331764
-112.135841,57.35722
-112.189999,57.360849
-112.325459,57.295494
-112.37963,57.320739
-112.379632,57.353657
-112.582907,57.328133
-112.460875,57.35364
-112.542117,57.353657
-112.582908,57.357213
-110.883548,57.419037
-110.883548,57.448117
-110.937696,57.448113
-110.910623,57.462567
-111.073084,57.382729
-111.127245,57.41902
-111.127246,57.4481
-111.100167,57.462561
-111.248855,57.382728
-111.154326,57.407998
-111.154327,57.437079
-111.458856,57.407995
-111.458868,57.4154
-111.458915,57.44448
-111.628091,57.389922
-111.608055,57.411793
-111.519679,57.444492
-111.614763,57.466167
-111.770429,57.407988
-111.641788,57.397152
-111.722936,57.426251
-111.756721,57.451705
-111.675551,57.462564
-111.9258,57.404373
-111.837948,57.426235
-111.9258,57.451697
-111.804159,57.462529
-111.973357,57.386303
-112.29837,57.386296
-112.433793,57.415364
-112.542117,57.411815
-110.971453,57.477179
-111.025612,57.480802
-111.03932,57.480806
-111.127248,57.477181
-111.154329,57.477178
-111.608076,57.469961
-111.587691,57.495258
-111.57399,57.50628
-111.614772,57.506274
-111.641834,57.469957
-111.655108,57.499075
-111.736269,57.50626
-111.770433,57.517086
-111.804164,57.480771
-111.925802,57.484389
-111.939597,57.524299
-111.804185,57.517076
-111.878756,57.546171
-112.068308,57.477164
-112.041231,57.524308
-111.130949,57.568022
-111.185658,57.568013
-111.205838,57.5971
-111.260546,57.597102
-111.315333,57.597069
-111.404533,57.568006
-111.56158,57.582465
-111.623413,57.597074
-111.732885,57.597088
-111.684914,57.629772
-111.958509,57.55719
-111.86968,57.58985
-111.931153,57.618926
-112.074699,57.593455
-112.006472,57.607893
-112.033832,57.640592
-112.232092,57.575202
-112.21149,57.607892
-112.156775,57.60788
-112.259443,57.615337
-112.402958,57.578806
-112.327571,57.578796
-112.348253,57.622509
-111.937914,57.709769
-112.115907,57.651599
-111.992628,57.680678
-112.033834,57.687913
-112.019989,57.727826
-112.238843,57.677064
-112.259441,57.70975
-112.170623,57.724197
-111.931161,57.749686
-111.965278,57.807827
-112.088545,57.731617
-112.013236,57.771529
-112.088554,57.77153
-112.04735,57.796999
-112.129423,57.796978
-112.266195,57.753273
-112.184135,57.771518
-112.266201,57.793366
-112.184139,57.807817
-110.803309,54.811402
-111.184726,54.829658
-111.718675,54.767736
-111.737853,54.811292
-112.277768,54.770993
-111.038422,54.862358
-111.070126,54.887816
-110.962152,54.913311
-111.044628,54.913315
-111.184725,54.862363
-111.153019,54.905916
-111.102157,54.909749
-111.222627,54.920527
-110.561495,54.942407
-110.606139,54.942385
-110.60614,54.985939
-110.580718,55.015046
-110.701562,54.942413
-110.663184,54.971501
-110.682404,54.985963
-110.67612,55.018671
-110.790326,54.956863
-110.834992,54.985963
-110.873301,55.015052
-110.784125,55.015042
-111.368976,55.00056
-111.489856,55.004181
-111.820535,55.014777
-110.549018,55.05878
-110.606138,55.091469
-110.54274,55.102326
-110.714024,55.044149
-110.6507,55.05878
-110.764891,55.073221
-110.707822,55.102332
-110.771565,55.047743
-110.815758,55.073233
-110.854144,55.105988
-110.796998,55.105977
-114.418311,55.063318
-110.566844,55.164558
-110.579935,55.197258
-110.766117,55.179173
-111.330216,55.153758
-112.170023,55.131862
-111.509713,55.237405
-112.298231,55.277311
-114.197467,55.284912
-113.721031,55.346426
-114.620656,55.288691
-110.657027,55.382806
-110.894335,55.422752
-110.964929,55.397295
-110.507031,55.608242
-111.406495,55.626266
-110.384025,55.640904
-110.384021,55.717145
-110.539301,55.644519
-110.507031,55.666418
-110.623253,55.684427
-110.642824,55.637328
-110.649135,55.66642
-110.733569,55.684456
-110.688196,55.684456
-110.791725,55.669992
-111.412876,55.695513
-110.455262,55.771691
-110.610549,55.749833
-110.545605,55.757255
-110.616938,55.77169
-110.539294,55.771708
-110.726779,55.728177
-111.231745,55.78284
-112.020649,55.782765
-110.432894,55.819041
-110.458996,55.815428
-110.71361,55.829879
-110.758964,55.862569
-110.870237,55.815431
-110.883156,55.877174
-110.902819,55.887995
-111.013691,55.818993
-113.513008,55.935277
-110.693952,56.062572
-112.070951,56.022589
-113.473623,56.000676
-111.946878,56.080776
-113.480468,56.087934
-110.46341,56.164565
-111.154843,56.182663
-113.472371,56.208101
-113.399776,56.215347
-113.584153,56.244442
-113.69642,56.237223
-110.601627,56.298977
-110.917792,56.328065
-111.516981,56.2954
-113.584153,56.28816
-110.937639,56.346308
-111.602481,56.342704
-111.734145,56.342697
-111.628817,56.382632
-112.326844,56.335468
-111.003329,56.426378
-111.800156,56.506142
-112.306985,56.426341
-112.300495,56.484512
-112.741243,56.477097
-111.596702,56.575402
-111.896133,56.560677
-111.610348,56.822452
-111.696596,56.851563
-111.616905,56.844314
-112.653631,56.85151
-112.939516,56.778869
-111.102138,56.902674
-111.048475,56.931765
-112.732399,56.924487
-112.752615,56.866323
-112.833169,56.935341
-111.518125,57.029842
-111.806568,57.01899
-112.048124,56.997134
-111.974229,56.997129
-111.712505,57.033677
-111.967597,57.07715
-112.054745,57.095396
-112.893473,57.055255
-111.202869,57.157194
-111.256505,57.17525
-111.202866,57.189888
-111.27008,57.193488
-111.161023,57.211837
-111.208492,57.244549
-110.876865,57.335409
-112.02083,57.42262
-111.629538,54.855083
-111.725,54.898593
-110.30106,54.956857
-110.371054,55.004218
-111.000449,54.971505
-111.070063,55.004192
-111.102163,54.956865
-111.171774,55.004212
-111.222626,55.018648
-111.133869,55.029691
-112.817309,55.248211
-113.195557,55.25543
-114.146195,55.295921
-114.261703,55.292318
-113.304522,55.397258
-113.502398,55.462816
-113.51518,55.477211
-114.153355,55.735733
-114.269858,55.739367
-114.230835,55.775687
-111.529225,55.877189
-113.499793,55.855242
-113.50656,55.869877
-110.328487,55.960848
-111.646455,55.931749
-113.623867,55.902565
-110.452552,56.011621
-110.791912,55.989922
-111.587881,56.022605
-111.744505,55.997128
-112.234008,56.066128
-113.728232,56.033377
-113.695712,56.036996
-111.568144,56.095221
-111.594249,56.09523
-111.80992,56.07717
-111.757721,56.091613
-111.875012,56.102667
-112.181804,56.080757
-112.129601,56.109856
-110.595124,56.328064
-110.759708,56.295365
-110.746696,56.328068
-110.67416,56.328062
-110.812414,56.298961
-110.812406,56.389859
-111.529905,56.488148
-111.583689,56.542708
-112.553795,56.571676
-113.318263,56.564265
-111.9027,56.717121
-112.06877,56.778892
-112.009038,56.815221
-111.942324,56.851532
-113.058897,56.844244
-112.839795,56.953583
-112.343356,57.091836
-112.571341,57.124459
-111.296415,57.269999
-111.310127,57.211831
-111.316805,57.24453
-111.41838,57.240933
-112.217088,57.386315
-111.445246,54.826009
-111.508948,54.844056
-111.616965,54.844075
-114.27434,55.164948
-114.011722,55.241381
-114.114225,55.310387
-114.16551,55.430349
-114.601357,55.375989
-114.627008,55.376039
-110.429389,55.495458
-110.461659,55.535373
-114.276233,55.463197
-111.910829,55.688073
-111.923931,55.713549
-112.0661,55.637306
-114.276241,55.699436
-113.330292,55.866082
-114.005283,55.877539
-111.764162,55.960823
-114.141774,55.907135
-110.909229,56.040725
-110.791943,56.066172
-111.86212,56.022598
-111.816364,56.051697
-111.829172,56.062535
-113.728237,56.026151
-111.620356,56.124323
-111.587888,56.138945
-111.622307,56.160946
-113.045855,56.749766
-111.310131,56.946401
-111.350559,57.000765
-111.417467,57.019005
-111.336977,57.175252
-112.437124,57.197077
-112.420416,57.22626
-112.474582,57.349809
-110.409904,55.633496
-110.409898,55.720758
-112.007948,55.666426
-110.429383,55.786335
-112.279401,55.78999
-111.098711,56.767886
-111.316688,57.1971
-110.32309,55.131831
-110.425756,55.280923
-110.335688,55.280922
-110.605642,55.339077
-113.099368,55.295544
-114.280686,55.375952
-114.178083,55.397648
-110.507028,55.517139
-110.591062,55.539001
-113.580044,55.506278
-112.428341,55.615494
-112.40878,55.626334
-112.945921,55.557291
-111.626204,55.673624
-112.033827,55.757251
-112.040214,55.78634
-111.594247,55.891632
-112.044856,55.826208
-112.0902,55.86253
-112.358074,55.866118
-114.356312,55.845413
-111.144131,55.913513
-111.672561,55.902661
-111.776972,55.931739
-111.966537,55.913487
-111.091919,56.04809
-111.796713,56.120706
-110.825709,56.164528
-111.410843,57.04809
-111.464495,57.051695
-112.403666,57.055284
-112.463965,57.200698
-112.46087,57.222645
-112.460873,57.284419
-114.236063,55.397644
-111.021636,57.164412
-111.088954,57.186265
-111.115783,57.186254
