SitID,lng,lat
102496,-110.12932,54.785907
102497,-110.269446,54.782284
102498,-110.186851,54.785892
102500,-110.269422,54.829624
102501,-110.224832,54.840471
102503,-110.402983,54.771449
102505,-110.422131,54.785901
102507,-110.345762,54.800533
102514,-110.396621,54.829633
102517,-110.320301,54.840441
102518,-110.498414,54.771451
102565,-110.599928,54.785896
102577,-110.479147,54.814989
102581,-110.549109,54.840482
102583,-110.688675,54.77509
102589,-110.707896,54.796954
102592,-110.625318,54.826012
102596,-110.701599,54.844116
102597,-110.77791,54.775087
102606,-110.885862,54.796947
102609,-110.879581,54.822471
102610,-111.038407,54.771468
102611,-110.936727,54.796937
102614,-110.936727,54.82246
102615,-111.025865,54.826041
102619,-111.13386,54.771478
102620,-111.089256,54.796927
102626,-111.133864,54.840503
102630,-111.674106,54.764109
102633,-111.78861,54.767676
102640,-111.699581,54.796863
102656,-111.902778,54.771211
102661,-111.883638,54.778455
102666,-111.896572,54.843896
102671,-111.852009,54.843897
102672,-112.055371,54.767516
102679,-112.112394,54.785519
102681,-112.055334,54.785555
102684,-112.137831,54.803748
102686,-112.169807,54.767425
102698,-112.207734,54.814564
102702,-112.284017,54.839992
102710,-112.430364,54.782042
102714,-112.309435,54.785454
102754,-112.487492,54.782048
102785,-112.66546,54.785734
102802,-112.73538,54.829416
103698,-110.123115,54.873181
103699,-110.269399,54.873181
103700,-110.186834,54.873176
103703,-110.199382,54.913308
103704,-110.275652,54.916925
103707,-110.41574,54.858728
103710,-110.326522,54.884202
103711,-110.396549,54.884217
103713,-110.396506,54.916935
103715,-110.504559,54.85873
103717,-110.555355,54.869577
103723,-110.498201,54.916928
103724,-110.580733,54.913303
103729,-110.727018,54.869595
103730,-110.625306,54.86956
103732,-110.707861,54.887844
103734,-110.650717,54.920534
103738,-110.777878,54.85513
103742,-110.828717,54.884229
103744,-110.911297,54.902274
103746,-110.828714,54.913322
103748,-111.368963,54.895029
103749,-111.311852,54.913308
103751,-111.489848,54.898635
103752,-111.388128,54.927733
103753,-111.629562,54.876765
103756,-111.604145,54.913273
103757,-111.597866,54.91689
103759,-111.674156,54.920494
103775,-111.826646,54.880391
103784,-111.801237,54.916768
103787,-111.826639,54.927575
103796,-111.89669,54.858597
103809,-111.851923,54.873029
103834,-111.896661,54.916755
103852,-111.896637,54.92759
103855,-112.055391,54.902133
103857,-112.004556,54.916751
103868,-112.049124,54.927594
103875,-112.284175,54.931203
103876,-112.309458,54.858266
103895,-112.589292,54.872959
103900,-112.595535,54.887595
103903,-112.58298,54.913081
103906,-112.665477,54.858523
103912,-112.665485,54.872978
103920,-112.665482,54.913116
103924,-112.741762,54.92756
104689,-111.362705,54.942377
104690,-111.305576,54.96047
104695,-111.311853,54.989561
104699,-111.388132,54.960441
104700,-111.445227,54.975091
104703,-111.419806,54.989544
104710,-111.553317,54.975072
104712,-111.604159,54.971464
104715,-111.572445,54.985923
104719,-111.667877,55.004131
104722,-111.820384,54.956678
104729,-111.8204,54.971313
104736,-111.724969,55.004132
104751,-111.972865,54.956666
104764,-111.972858,54.974916
104769,-111.928283,54.989332
104779,-111.972819,55.01483
104787,-112.023702,54.942214
104803,-112.049165,54.971303
104804,-112.074623,54.98577
104807,-112.055412,55.014843
104810,-112.258705,54.956679
104812,-112.201601,54.960301
104819,-112.201591,55.004034
104823,-112.201633,55.018497
104826,-112.303318,54.945834
104832,-112.379554,54.974897
104833,-112.411274,54.985733
104834,-112.303298,54.985789
104837,-112.538352,54.989388
104839,-112.589296,55.000385
104840,-112.557585,55.018465
104841,-112.659201,54.960288
105674,-111.343543,55.033282
105677,-111.318119,55.058766
105678,-111.31811,55.091471
105681,-111.324294,55.10969
105683,-111.426106,55.040517
105685,-111.527833,55.065961
105689,-111.470701,55.087813
105691,-111.489835,55.105937
105693,-111.566179,55.033259
105694,-111.674095,55.04411
105704,-111.67404,55.1023
105708,-111.566114,55.102303
105711,-111.769689,55.033053
105717,-111.769707,55.058528
105718,-111.776028,55.076579
105720,-111.744183,55.09129
105722,-111.953693,55.029452
105724,-111.877566,55.043803
105729,-111.909252,55.072952
105730,-111.877633,55.087517
105734,-112.125386,55.102133
105735,-112.112443,55.102141
105739,-112.284215,55.033105
105746,-112.252566,55.058615
105751,-112.258853,55.069453
105754,-112.220834,55.109595
105758,-112.411415,55.043945
105762,-112.303414,55.062182
105767,-112.309689,55.087657
105772,-112.315874,55.105799
105777,-112.513091,55.062178
105784,-112.589397,55.105781
105785,-112.48142,55.10211
105788,-112.64015,55.091302
105792,-112.830976,55.036766
105794,-112.786325,55.058621
105860,-113.548895,55.033087
105875,-113.580581,55.076674
105883,-113.605924,55.102148
105885,-113.713816,55.033085
105897,-113.732908,55.073039
105901,-113.879462,55.044011
105903,-113.962082,55.058628
105905,-113.853954,55.076685
105907,-113.930341,55.105896
105908,-113.981169,55.029894
105909,-113.987447,55.048169
105911,-114.145092,55.04867
105912,-114.043412,55.059667
105915,-114.068882,55.092398
105917,-114.11968,55.106837
105920,-114.189639,55.048675
105922,-114.221262,55.070554
105926,-114.164345,55.110387
105929,-114.379929,55.02706
105963,-114.348363,55.10324
105964,-114.469118,55.03421
105968,-114.577046,55.059671
105971,-114.462846,55.074134
105983,-114.729482,55.034211
105984,-114.678677,55.048673
105987,-114.735677,55.074138
105989,-114.653276,55.077759
106445,-110.008948,55.153249
106446,-110.61826,55.150084
106447,-110.566844,55.160944
106448,-110.657029,55.150095
106450,-110.740431,55.160936
106452,-110.631343,55.179175
106455,-110.804753,55.150109
106457,-110.888007,55.150116
106458,-110.779113,55.164536
106460,-110.919978,55.175579
106462,-110.990574,55.150138
106463,-111.048231,55.150131
106465,-110.964931,55.164587
106469,-111.06756,55.193667
106472,-111.093212,55.150118
106475,-111.118836,55.164582
106477,-111.150787,55.175611
106479,-111.125162,55.193674
106480,-111.330216,55.124667
106489,-111.381497,55.175603
106492,-111.253294,55.190058
106494,-111.509712,55.121044
106501,-111.413392,55.146516
106503,-111.535356,55.160965
106507,-111.44576,55.197299
106508,-111.554667,55.121029
106512,-111.637923,55.135496
106518,-111.663566,55.179217
106519,-111.61228,55.193678
106524,-111.772378,55.153749
106526,-111.811073,55.164585
106527,-111.71485,55.17921
106529,-111.836711,55.179211
106532,-111.919957,55.135496
106533,-111.996873,55.150114
106534,-111.971234,55.179216
106537,-112.093102,55.164585
106538,-112.073793,55.164584
106540,-112.150712,55.179202
106544,-112.201995,55.121033
106547,-112.304562,55.128244
106548,-112.221304,55.135491
106552,-112.432793,55.135485
106553,-112.400815,55.135482
106554,-112.323873,55.146498
106555,-112.381479,55.190043
106556,-112.535373,55.117347
106558,-112.612268,55.160945
106562,-112.477737,55.160957
106569,-112.714788,55.121037
106580,-112.708429,55.193659
106600,-112.926309,55.179152
106602,-112.797998,55.186426
106608,-112.990573,55.150072
106617,-112.958624,55.168123
106621,-112.996869,55.19363
106626,-113.233851,55.117232
106644,-113.381231,55.131826
106645,-113.278779,55.13183
106649,-113.298073,55.157331
106650,-113.355674,55.175552
106656,-113.400609,55.160913
106659,-113.4776,55.193603
106661,-113.682784,55.150011
106662,-113.637832,55.164496
106663,-113.682823,55.193553
106665,-113.586557,55.197188
106669,-113.843109,55.11723
106673,-113.836719,55.150046
106674,-113.791758,55.160885
106676,-113.734135,55.179118
106679,-113.939148,55.135682
106680,-113.91352,55.150234
106681,-113.945485,55.150346
106682,-113.990523,55.161346
106685,-114.069445,55.121506
106687,-114.152485,55.132293
106698,-114.043789,55.176031
106700,-114.120649,55.17602
106701,-114.1592,55.117839
106707,-114.223086,55.161347
106710,-114.268012,55.175972
106735,-114.434426,55.164932
106754,-114.524411,55.114258
106804,-114.49877,55.164973
106820,-114.601351,55.175983
106838,-114.620666,55.139488
106840,-114.768088,55.146887
107168,-110.008902,55.284336
107170,-110.592552,55.204661
107171,-110.534867,55.237373
107173,-110.554227,55.262848
107174,-110.611991,55.262825
107175,-110.637686,55.204653
107178,-110.766117,55.208263
107181,-110.702059,55.233757
107183,-110.669635,55.266454
107188,-110.874949,55.208298
107193,-110.919978,55.230192
107196,-110.874948,55.266478
107199,-110.836724,55.280927
107201,-110.939288,55.208289
107204,-111.041882,55.222768
107209,-110.96493,55.251852
107215,-111.07386,55.280926
107222,-111.170083,55.219155
107223,-111.099537,55.219138
107230,-111.125161,55.266483
107232,-111.195707,55.266491
107236,-111.330216,55.201142
107239,-111.330215,55.219165
107246,-111.246961,55.266483
107250,-111.355856,55.280951
107252,-111.407139,55.211922
107260,-111.407138,55.24824
107262,-111.484068,55.262888
107267,-111.560998,55.204689
107270,-111.689209,55.219138
107272,-111.644175,55.244631
107276,-111.631591,55.262882
107277,-111.702188,55.204679
107279,-111.843041,55.208298
107280,-111.702188,55.237384
107281,-111.811072,55.262877
107282,-111.939264,55.219154
107284,-111.964903,55.237398
107285,-111.887987,55.259304
107286,-111.964903,55.280942
107289,-112.125072,55.222758
107291,-112.11874,55.241009
107292,-112.11874,55.25185
107298,-112.14438,55.266475
107304,-112.221305,55.208307
107309,-112.221305,55.233783
107315,-112.176352,55.251839
107333,-112.381473,55.23739
107341,-112.381476,55.248231
107345,-112.458408,55.277305
107353,-112.50338,55.251846
107358,-112.484044,55.277307
107368,-112.689132,55.277344
107370,-112.919942,55.208253
107372,-112.785329,55.222753
107374,-112.79169,55.280921
107375,-112.971192,55.204671
107377,-112.990459,55.219131
107378,-112.94555,55.222729
107385,-112.971153,55.280918
107393,-113.400688,55.208231
107396,-113.407036,55.219065
107399,-113.496955,55.255392
107406,-113.477655,55.280878
107407,-113.554585,55.208212
107408,-113.657121,55.219079
107416,-113.682782,55.262787
107417,-113.682764,55.280846
107419,-113.836597,55.204601
107421,-113.766079,55.219086
107423,-113.785322,55.280855
107424,-113.939165,55.233983
107425,-113.939147,55.281128
107427,-114.069335,55.208682
107430,-114.120617,55.223151
107436,-114.056632,55.281312
107438,-114.197467,55.205046
107441,-114.216781,55.237758
107443,-114.191137,55.266843
107468,-114.325635,55.281279
107475,-114.537,55.201512
107554,-114.678263,55.208697
107558,-114.639577,55.215906
107921,-110.547879,55.291938
107925,-110.605642,55.324622
107927,-110.61199,55.364551
107931,-110.74043,55.295543
107942,-110.625,55.353705
107945,-110.734087,55.353721
107948,-110.657028,55.364558
107960,-110.836724,55.291948
107966,-110.919977,55.306396
107972,-110.791774,55.321017
107980,-110.843055,55.339107
107984,-110.894336,55.36819
107991,-110.990572,55.295582
107997,-110.996903,55.306424
108007,-111.022555,55.339126
108016,-111.035547,55.353758
108037,-111.170082,55.295582
108041,-111.118834,55.310023
108047,-111.093209,55.339102
108055,-111.150785,55.364597
108060,-111.246962,55.29558
108063,-111.343177,55.306446
108069,-111.278938,55.339167
108071,-111.35582,55.364645
108074,-111.529028,55.295573
108075,-111.426447,55.324672
108078,-111.497049,55.353766
108079,-111.497048,55.36822
108081,-111.689209,55.306408
108084,-111.560998,55.357364
108086,-111.657235,55.368212
108087,-111.554667,55.368202
108089,-111.759795,55.306425
108090,-111.734157,55.306419
108091,-111.843041,55.368197
108093,-111.945595,55.295581
108098,-111.926207,55.342739
108099,-111.996872,55.35374
108101,-111.862349,55.364583
108104,-112.150711,55.291947
108109,-112.09943,55.306419
108113,-112.118738,55.335504
108114,-112.04815,55.364592
108115,-112.17002,55.29556
108119,-112.17002,55.321036
108122,-112.272587,55.346568
108124,-112.201991,55.368203
108127,-112.458413,55.339101
108128,-112.400797,55.335505
108129,-112.400797,55.364593
108130,-112.323871,55.36819
108134,-112.503356,55.31002
108139,-112.484051,55.335488
108140,-112.484051,55.350123
108143,-112.734099,55.295564
108145,-112.727783,55.324647
108147,-112.682799,55.339102
108150,-112.868626,55.339091
108151,-112.836621,55.335483
108153,-112.919911,55.36814
108156,-113.016096,55.295557
108157,-113.048065,55.310005
108159,-113.022427,55.335486
108162,-113.016096,55.364576
108164,-113.169978,55.313625
108172,-113.195612,55.364565
108173,-113.253213,55.321002
108174,-113.323828,55.324614
108176,-113.43904,55.291899
108178,-113.458387,55.324604
108180,-113.503329,55.350062
108181,-113.612214,55.324601
108182,-113.682796,55.324569
108183,-113.631543,55.350074
108184,-113.676495,55.353664
108186,-113.75337,55.309937
108187,-113.702097,55.31354
108191,-113.881563,55.321037
108193,-113.894229,55.368239
108194,-114.114231,55.295938
108195,-114.056601,55.32864
108196,-114.223093,55.295937
108199,-114.197461,55.325018
108200,-114.268022,55.33586
108201,-114.242383,55.335875
108206,-114.31932,55.310369
108207,-114.376912,55.328642
108225,-114.575711,55.325013
108229,-114.575714,55.339463
108280,-114.742564,55.339474
108294,-114.652626,55.346877
108306,-114.723423,55.357765
108617,-110.124216,55.393588
108618,-110.124213,55.440925
108619,-110.35509,55.437389
108620,-110.586281,55.382811
108622,-110.579933,55.397267
108626,-110.60564,55.422732
108628,-110.566839,55.422745
108636,-110.714742,55.393653
108646,-110.759772,55.422727
108652,-110.657026,55.437369
108657,-110.817413,55.382825
108663,-110.836723,55.411917
108667,-110.919975,55.455422
108671,-111.016223,55.397302
108674,-110.939286,55.440995
108676,-111.09321,55.38283
108685,-111.150785,55.397299
108687,-111.150785,55.40832
108689,-111.227649,55.411976
108693,-111.355833,55.397361
108694,-111.272604,55.397366
108697,-111.272601,55.412001
108700,-111.298241,55.437485
108703,-111.515965,55.397302
108704,-111.535357,55.433833
108705,-111.445775,55.45546
108706,-111.663568,55.393684
108707,-111.618533,55.397305
108708,-111.695465,55.451844
108709,-111.631594,55.451866
108712,-111.817404,55.37923
108714,-111.843043,55.415533
108715,-111.766129,55.426391
108717,-111.7598,55.451865
108718,-111.996873,55.382829
108720,-111.964905,55.41193
108721,-111.964906,55.42277
108724,-111.945599,55.451862
108725,-112.016181,55.382827
108726,-112.125066,55.39368
108727,-112.048149,55.422767
108728,-112.048148,55.441015
108735,-112.253274,55.382842
108736,-112.298228,55.382829
108738,-112.304558,55.397279
108744,-112.176342,55.455437
108756,-112.381481,55.451858
108763,-112.554639,55.411927
108768,-112.509687,55.422762
108771,-112.484048,55.437388
108774,-112.689173,55.379219
108775,-112.734174,55.451826
108776,-112.817364,55.382819
108778,-112.919914,55.37916
108781,-112.919939,55.451778
108798,-113.201939,55.397266
108800,-113.176292,55.411909
108802,-113.118666,55.451832
108805,-113.349481,55.400863
108809,-113.253228,55.451812
108813,-113.509684,55.426318
108816,-113.484052,55.44096
108819,-113.484052,55.455395
108821,-113.413361,55.451793
108822,-113.637909,55.382768
108829,-113.682875,55.411841
108830,-113.625243,55.429926
108840,-113.631576,55.451787
108842,-113.817376,55.382744
108843,-113.766111,55.393597
108846,-113.714847,55.422676
108858,-113.862303,55.397213
108861,-113.945447,55.452036
108865,-114.03727,55.39405
108866,-114.139877,55.423129
108868,-114.062947,55.441393
108870,-114.062947,55.455821
108872,-114.319285,55.379565
109200,-110.707687,55.473616
109201,-110.746351,55.484449
109204,-110.649135,55.480829
109207,-110.662315,55.528171
109209,-110.875753,55.470017
109214,-110.869362,55.480858
109218,-110.869362,55.499106
109222,-110.798113,55.539013
109224,-111.024654,55.470021
109228,-110.947008,55.495475
109230,-110.979281,55.509944
109232,-110.998772,55.542649
109235,-111.212265,55.484456
109237,-111.140892,55.499117
109239,-111.205858,55.528194
109240,-111.128187,55.539039
109241,-111.341614,55.466396
109243,-111.322107,55.48445
109244,-111.399842,55.51348
109246,-111.30938,55.542637
109247,-111.471001,55.466421
109248,-111.619816,55.480853
109250,-111.652078,55.513554
109253,-111.729699,55.495477
109255,-111.859065,55.499091
109259,-111.729698,55.524564
109260,-111.852675,55.528181
109262,-112.007955,55.473615
109263,-111.878555,55.480841
109265,-111.878554,55.509928
109267,-112.014342,55.524559
109268,-112.085573,55.466426
109269,-112.06609,55.484466
109274,-112.169593,55.524559
109278,-112.098276,55.542644
109288,-112.273097,55.513577
109292,-112.189081,55.52818
109297,-112.318461,55.524582
109301,-112.195471,55.539029
109307,-112.45421,55.480889
109314,-112.376594,55.491959
109321,-112.344335,55.509953
109323,-112.344336,55.524587
109331,-112.758394,55.513555
109332,-112.68708,55.542663
109333,-112.868349,55.50996
109336,-112.97181,55.499074
109340,-113.152879,55.469966
109341,-113.198243,55.499057
109343,-113.172366,55.513511
109344,-113.152881,55.524528
109347,-113.385764,55.513501
109348,-113.301749,55.524523
109350,-113.353496,55.542596
109353,-113.566944,55.499053
109355,-113.431134,55.538971
109358,-113.612316,55.466396
109359,-113.670473,55.4664
109362,-113.722238,55.509908
109366,-113.83884,55.466391
109369,-113.79987,55.499082
109371,-113.825746,55.509921
109375,-113.85162,55.542616
109377,-113.980998,55.513861
109378,-113.903368,55.513575
109386,-114.063212,55.52854
109401,-114.76776,55.466726
109402,-114.774119,55.488361
109844,-110.25464,55.571711
109845,-110.164225,55.597169
109846,-110.461659,55.571688
109847,-110.377635,55.600795
109848,-110.597373,55.589949
109852,-110.610553,55.615419
109853,-110.597372,55.633492
109854,-110.636434,55.557241
109856,-110.73996,55.571716
109859,-110.714078,55.586354
109862,-110.688196,55.61544
109864,-110.798114,55.55726
109868,-110.895245,55.571731
109874,-110.817605,55.615447
109880,-110.862972,55.615457
109884,-111.076419,55.557271
109889,-110.979281,55.582755
109891,-110.97289,55.586366
109901,-110.947008,55.597195
109908,-111.205802,55.571733
109909,-111.128198,55.571735
109911,-111.128192,55.600823
109912,-111.205829,55.629906
109913,-111.361139,55.597188
109914,-111.335255,55.597198
109915,-111.283482,55.615449
109917,-111.496858,55.560885
109918,-111.425593,55.586346
109920,-111.522724,55.582738
109924,-111.671563,55.582746
109927,-111.619815,55.615448
109928,-111.568071,55.626264
109929,-111.826799,55.568117
109930,-111.74918,55.611837
109931,-111.85906,55.626276
109932,-111.826798,55.629903
109933,-112.007951,55.564488
109935,-111.884945,55.571716
109937,-112.014339,55.582731
109938,-111.936713,55.61545
109939,-112.143718,55.553658
109941,-112.091967,55.571731
109945,-112.14372,55.5972
109946,-112.08558,55.608269
109947,-112.163207,55.61544
109949,-112.221347,55.553681
109952,-112.292587,55.568136
109954,-112.247225,55.571752
109967,-112.29259,55.626316
109970,-112.376597,55.553702
109973,-112.396084,55.597246
109975,-112.441436,55.626331
109977,-112.603066,55.600846
109978,-112.557716,55.615488
109979,-112.583588,55.611872
109981,-112.577202,55.626327
109988,-113.094744,55.557233
109991,-113.1401,55.611781
109992,-113.146488,55.62985
109993,-113.411643,55.557212
109996,-113.30175,55.597151
109997,-113.392077,55.615399
109998,-113.327621,55.629857
110001,-113.560553,55.571688
110003,-113.547371,55.608236
110004,-113.457017,55.629865
110008,-113.689968,55.600797
110009,-113.638202,55.600801
110018,-113.81936,55.586345
110028,-113.748121,55.626258
110029,-113.999518,55.550443
110042,-113.981002,55.626566
110043,-114.017987,55.572077
110044,-114.050075,55.597555
110047,-114.224524,55.572072
110052,-114.166429,55.615779
110053,-114.302093,55.61216
110054,-114.392724,55.568454
110055,-114.315179,55.575661
110057,-114.450808,55.586686
110060,-114.586587,55.553999
110061,-114.528438,55.60116
110062,-114.554319,55.615796
110064,-114.56071,55.630249
110325,-110.312703,55.640884
110326,-110.254638,55.695515
110327,-110.604162,55.64451
110334,-110.92753,55.658995
110336,-110.875759,55.670019
110337,-110.791724,55.699079
110341,-111.024658,55.644553
110343,-111.082807,55.644536
110355,-111.03106,55.688123
110359,-111.050555,55.702761
110362,-111.134574,55.644549
110367,-111.128177,55.659008
110369,-111.108676,55.65177
110376,-111.128198,55.699136
110379,-111.393391,55.644522
110380,-111.289872,55.655377
110382,-111.309363,55.688081
110387,-111.283493,55.706322
110391,-111.438742,55.673616
110392,-111.509951,55.699091
110393,-111.587556,55.658977
110394,-111.619816,55.688076
110395,-111.677952,55.717157
110396,-111.749181,55.644538
110398,-111.775049,55.670017
110399,-111.826798,55.717165
110400,-111.910829,55.655373
110403,-112.163207,55.655368
110405,-112.111454,55.670013
110409,-112.111453,55.6991
110413,-112.189083,55.673615
110415,-112.240836,55.684484
110416,-112.221349,55.684477
110419,-112.227657,55.695546
110420,-112.240834,55.702731
110427,-112.370214,55.659026
110428,-112.473635,55.684496
110429,-112.350727,55.684487
110430,-112.376599,55.702749
110436,-112.583595,55.717194
110445,-112.939535,55.684426
110446,-113.043002,55.702688
110447,-113.178755,55.644494
110448,-113.250003,55.658931
110451,-113.33401,55.640879
110453,-113.359889,55.684419
110456,-113.379377,55.713502
110458,-113.334011,55.71712
110460,-113.560552,55.640889
110462,-113.45702,55.688042
110463,-113.489299,55.702685
110464,-113.592831,55.644503
110467,-113.586438,55.699059
110468,-113.689968,55.702693
110469,-113.638203,55.71715
110472,-113.851623,55.669986
110475,-113.773996,55.684441
110477,-113.877497,55.702674
110478,-113.79987,55.717145
110479,-113.929248,55.641031
110481,-113.948729,55.684631
110485,-113.955112,55.717347
110486,-114.037421,55.655724
110487,-114.146984,55.673953
110488,-114.018003,55.684796
110489,-114.04381,55.717502
110491,-114.250384,55.673968
110497,-114.172822,55.713882
110498,-114.321563,55.641246
110499,-114.379643,55.670351
110503,-114.450813,55.717489
110505,-114.55432,55.64127
110507,-114.554321,55.655723
110508,-114.476674,55.655699
110511,-114.554322,55.670357
110981,-110.241854,55.782778
110982,-110.422995,55.75725
110983,-110.429381,55.800788
110986,-110.726777,55.771717
110987,-110.772231,55.786334
110989,-110.694582,55.797192
110992,-110.901666,55.731801
110993,-110.823993,55.76089
110997,-110.927595,55.790026
111000,-110.798111,55.804399
111001,-110.97932,55.742711
111009,-110.959864,55.77904
111010,-110.998773,55.790064
111011,-111.05054,55.786451
111015,-111.21225,55.74631
111016,-111.128194,55.746315
111019,-111.128188,55.790036
111022,-111.335239,55.746256
111023,-111.283496,55.742636
111024,-111.309366,55.789975
111025,-111.335239,55.800815
111030,-111.438741,55.746241
111031,-111.542203,55.760865
111032,-111.548589,55.800787
111034,-111.438741,55.800801
111037,-111.600331,55.746246
111038,-111.677952,55.771716
111039,-111.710134,55.789947
111040,-111.645689,55.804407
111041,-111.787744,55.742644
111044,-111.865371,55.771706
111045,-111.775049,55.771729
111046,-111.826797,55.804405
111047,-111.904437,55.757264
111048,-111.884943,55.789957
111051,-111.936713,55.800809
111052,-112.059701,55.746243
111053,-112.085572,55.775336
111054,-112.240832,55.728205
111059,-112.24722,55.742659
111060,-112.195469,55.742636
111062,-112.402469,55.728227
111065,-112.337944,55.789973
111074,-112.525359,55.742718
111086,-112.680686,55.760884
111087,-112.738872,55.800818
111088,-112.933117,55.728144
111090,-112.842408,55.786341
111091,-112.926327,55.786333
111094,-113.198244,55.804365
111095,-113.127005,55.804357
111096,-113.405255,55.728126
111098,-113.411645,55.789911
111099,-113.282266,55.804347
111100,-113.560556,55.742597
111101,-113.508793,55.742612
111102,-113.457022,55.775306
111105,-113.573257,55.782743
111108,-113.482908,55.804375
111110,-113.625021,55.757256
111111,-113.715836,55.775303
111112,-113.68996,55.77532
111116,-113.877497,55.728148
111118,-113.871107,55.775306
111120,-113.748099,55.786319
111122,-113.799855,55.800794
111123,-113.974596,55.74649
111124,-113.942337,55.739167
111125,-113.896983,55.757264
111126,-113.974598,55.775574
111127,-114.08903,55.732141
111129,-114.121184,55.75761
111131,-114.043793,55.790311
111134,-114.192289,55.742979
111136,-114.276244,55.772066
111139,-114.373264,55.74298
111140,-114.450815,55.761211
111141,-114.327952,55.790303
111143,-114.767738,55.80483
111656,-110.315196,55.858947
111657,-110.348142,55.837104
111658,-110.432894,55.840947
111660,-110.58952,55.819038
111664,-110.58952,55.858965
111667,-110.511204,55.87721
111672,-110.563415,55.891669
111675,-110.7526,55.815432
111683,-110.772255,55.89165
111690,-110.804803,55.829862
111703,-110.981139,55.833431
111706,-110.95502,55.877149
111723,-111.039749,55.891621
111724,-111.215986,55.833482
111726,-111.111624,55.833429
111727,-111.150508,55.848117
111728,-111.137696,55.877199
111730,-111.326838,55.81543
111731,-111.300736,55.829862
111732,-111.346494,55.848113
111733,-111.268187,55.891636
111735,-111.450907,55.873574
111739,-111.692302,55.877184
111741,-111.718406,55.891624
111743,-111.764168,55.833457
111747,-111.875017,55.848079
111751,-111.848913,55.891629
111752,-111.77061,55.891631
111753,-111.894678,55.815395
111754,-111.999093,55.833452
111757,-112.01875,55.851691
111761,-112.038004,55.887993
111763,-112.155691,55.833443
111764,-112.10349,55.833448
111769,-112.292651,55.833442
111770,-112.227553,55.833435
111771,-112.234001,55.877156
111772,-112.292654,55.873549
111773,-112.364517,55.818969
111775,-112.44929,55.844457
111780,-112.612414,55.88798
111781,-112.684395,55.829815
111783,-112.873256,55.811804
111784,-112.964858,55.84443
111785,-112.938757,55.877141
111786,-112.860451,55.891592
111787,-113.160378,55.82978
111788,-113.232327,55.844423
111795,-113.251988,55.891571
111798,-113.14757,55.88795
111800,-113.336736,55.851632
111802,-113.382491,55.858863
111805,-113.421486,55.8771
111807,-113.493346,55.815338
111809,-113.47361,55.840826
111811,-113.617422,55.815324
111813,-113.747925,55.818934
111814,-113.695714,55.844409
111817,-113.852338,55.818968
111819,-113.78048,55.833403
111821,-113.806584,55.858879
111822,-113.852322,55.887969
111824,-113.956702,55.87368
111825,-114.011729,55.819406
111826,-114.14823,55.83074
111828,-114.063739,55.877776
111829,-114.19382,55.845411
111831,-114.460371,55.849011
111832,-114.375903,55.888958
111833,-114.538667,55.878118
111834,-114.610557,55.870921
112280,-110.387136,55.97532
112282,-110.563415,55.920756
112284,-110.537309,55.920756
112287,-110.51765,55.949839
112290,-110.589521,55.960859
112292,-110.778692,55.917117
112295,-110.687494,55.938995
112299,-110.758972,55.96446
112302,-110.64818,55.982526
112303,-110.798356,55.902666
112305,-110.928897,55.90263
112311,-110.850561,55.964469
112312,-110.93532,55.96444
112314,-110.98754,55.902663
112317,-110.981074,55.964455
112318,-111.05938,55.964451
112319,-111.065822,55.971678
112323,-111.137684,55.93537
112324,-111.13768,55.960843
112325,-111.215982,55.964456
112328,-111.379039,55.917116
112329,-111.294288,55.92073
112330,-111.294287,55.96445
112331,-111.372593,55.964449
112332,-111.529223,55.917114
112333,-111.477011,55.924345
112335,-111.450905,55.960831
112337,-111.60754,55.920723
112339,-111.607539,55.960829
112340,-111.79671,55.902656
112341,-111.875013,55.902637
112344,-111.914329,55.902638
112347,-112.011896,55.946175
112349,-111.920773,55.949793
112350,-111.999086,55.957245
112352,-112.103489,55.906251
112355,-112.103488,55.931723
112356,-112.155694,55.949784
112357,-112.077389,55.964418
112358,-112.097043,55.95724
112359,-112.312314,55.906243
112361,-112.234003,55.920694
112362,-112.318761,55.935327
112366,-112.370968,55.920683
112368,-112.495061,55.935304
112369,-112.397074,55.964413
112371,-112.475391,55.964407
112373,-112.605897,55.964419
112377,-112.729945,55.964405
112378,-112.710288,55.97524
112380,-112.866897,55.92068
112381,-112.83435,55.9353
112382,-112.834352,55.982452
112383,-113.121468,55.935288
112385,-113.095365,55.978836
112386,-113.017052,55.97884
112387,-113.245543,55.913433
112388,-113.23233,55.920662
112391,-113.317003,55.899005
112395,-113.362837,55.93167
112399,-113.343101,55.967982
112409,-113.402151,55.971592
112412,-113.467247,55.906178
112418,-113.473612,55.946107
112419,-113.604133,55.982412
112422,-113.669615,55.920648
112423,-113.649959,55.964362
112425,-113.728259,55.960751
112426,-113.904512,55.906211
112427,-113.904511,55.935296
112430,-113.780457,55.9752
112431,-113.956716,55.964533
112432,-114.089738,55.946867
112433,-114.018118,55.964826
112434,-114.193807,55.961755
112436,-114.643119,55.92166
112990,-110.204494,56.008009
112991,-110.276309,56.051732
112992,-110.361034,56.008015
112993,-110.328486,56.05172
112994,-110.569862,55.993563
112998,-110.602333,56.022641
113003,-110.543758,56.051738
113008,-110.517653,56.066186
113009,-110.720059,55.993559
113012,-110.641735,56.022631
113013,-110.778719,56.037084
113019,-110.92888,56.004388
113025,-111.059374,55.993545
113027,-110.954989,56.004385
113028,-111.007164,56.051729
113034,-111.137677,56.037078
113035,-111.222427,56.05171
113040,-111.320389,55.99354
113044,-111.333199,56.015445
113048,-111.274631,56.048085
113051,-111.483457,55.98631
113052,-111.529223,56.007983
113054,-111.477012,56.03346
113055,-111.450907,56.0517
113059,-111.607541,56.040678
113061,-111.679409,56.048088
113063,-111.999085,56.007964
113064,-111.933582,56.007968
113066,-111.999089,56.051684
113067,-112.155699,56.00796
113069,-112.077397,56.051677
113070,-112.155701,56.05168
113074,-112.416723,55.993506
113078,-112.390571,56.05167
113084,-112.625532,56.004325
113085,-112.547273,56.022564
113087,-112.52765,56.051639
113090,-112.782154,56.004333
113091,-112.684206,56.007939
113094,-112.886559,56.022579
113103,-112.860457,56.06611
113104,-113.023512,56.022566
113106,-113.121478,56.022553
113107,-113.017067,56.037016
113109,-113.095375,56.062491
113110,-113.290905,55.997058
113112,-113.212597,56.011539
113114,-113.225889,56.033398
113115,-113.206231,56.062484
113117,-113.336738,55.993454
113135,-113.415047,56.004291
113195,-113.408601,56.033377
113198,-113.330294,56.033376
113204,-113.473619,55.989834
113212,-113.513018,56.018932
113219,-113.467257,56.03337
113227,-113.747895,56.007897
113240,-113.832646,56.007904
113241,-113.780437,56.007892
113244,-113.773963,56.036974
113245,-113.800068,56.051611
113248,-114.141763,56.041526
113249,-114.245832,56.005302
113252,-114.193795,56.037992
113253,-114.167769,56.063443
113254,-114.336639,56.049011
113255,-114.486449,56.005292
113256,-114.61056,56.023534
113795,-110.204491,56.091657
113796,-110.224134,56.138994
113797,-110.406792,56.095279
113798,-110.387133,56.149838
113800,-110.59597,56.095271
113801,-110.550124,56.120751
113804,-110.667844,56.080813
113808,-110.726503,56.120745
113810,-110.641736,56.12073
113816,-110.824475,56.109918
113817,-110.902795,56.124385
113818,-110.798364,56.12074
113819,-110.876673,56.153476
113820,-110.830895,56.149855
113821,-111.059375,56.091642
113822,-110.981122,56.09165
113823,-110.981108,56.135362
113825,-110.961456,56.15706
113827,-111.137678,56.095248
113828,-111.137679,56.124333
113829,-111.22243,56.138965
113830,-111.379042,56.091628
113834,-111.274632,56.091622
113836,-111.274634,56.13534
113840,-111.300737,56.1498
113843,-111.45091,56.10987
113844,-111.529228,56.106259
113847,-111.535676,56.138954
113849,-112.031642,56.077143
113851,-111.914327,56.09522
113853,-111.97299,56.124313
113855,-111.999098,56.13894
113857,-112.109945,56.135328
113859,-112.312257,56.095219
113861,-112.214352,56.135313
113866,-112.47538,56.149749
113867,-112.423091,56.149768
113868,-112.370801,56.149765
113869,-112.521174,56.08073
113871,-112.658162,56.077136
113873,-112.677825,56.080745
113874,-112.788597,56.109836
113875,-112.70397,56.124287
113878,-112.919103,56.095202
113880,-112.945204,56.10983
113882,-113.017067,56.091573
113884,-113.101818,56.124274
113885,-113.023509,56.135293
113887,-113.258436,56.084337
113888,-113.219443,56.09157
113889,-113.258434,56.113422
113890,-113.199783,56.135286
113892,-113.304195,56.080705
113895,-113.336736,56.120632
113897,-113.330291,56.138875
113905,-113.66962,56.138885
113907,-113.800051,56.091574
113910,-113.989217,56.077438
113911,-114.018088,56.077553
113913,-114.148195,56.154158
113914,-114.226239,56.150729
113915,-114.330296,56.107178
113916,-114.440698,56.128862
114300,-110.167132,56.197259
114301,-110.167132,56.219164
114303,-110.417225,56.179035
114304,-110.469917,56.19365
114305,-110.62146,56.164559
114306,-110.634389,56.182619
114308,-110.634389,56.215318
114310,-110.601625,56.215334
114315,-110.753258,56.182635
114317,-110.779588,56.211703
114319,-110.674192,56.226353
114321,-110.70708,56.240813
114330,-110.937512,56.215286
114339,-110.950543,56.219075
114354,-110.83226,56.240788
114355,-111.010095,56.171816
114358,-111.042991,56.193676
114361,-110.990255,56.211735
114377,-111.042992,56.237213
114381,-111.23384,56.179047
114382,-111.174674,56.211752
114388,-111.35899,56.193687
114389,-111.391821,56.197293
114391,-111.339162,56.222772
114393,-111.418152,56.240816
114394,-111.55623,56.182671
114396,-111.444481,56.190111
114398,-111.464312,56.226388
114399,-111.556232,56.226386
114400,-111.622308,56.182652
114402,-111.622309,56.226368
114404,-111.721144,56.240814
114406,-111.872233,56.182651
114408,-111.793235,56.182657
114409,-111.773811,56.226367
114410,-111.852809,56.226374
114413,-111.997491,56.193673
114414,-111.938314,56.208117
114415,-112.18183,56.211726
114419,-112.28718,56.226363
114420,-112.333356,56.24081
114423,-112.471492,56.182627
114424,-112.418878,56.193633
114427,-112.392533,56.208068
114429,-112.438683,56.23719
114431,-112.682127,56.211692
114432,-112.550525,56.226345
114434,-112.682148,56.237171
114438,-112.728306,56.193659
114440,-112.734821,56.208113
114442,-112.701974,56.222719
114443,-112.761177,56.22275
114451,-112.860036,56.226339
114453,-113.123426,56.211711
114476,-113.478794,56.164543
114497,-113.52505,56.193677
114498,-113.636833,56.204496
114503,-114.176404,56.219346
114504,-114.268765,56.230155
114753,-110.410724,56.284539
114754,-110.410724,56.302605
114755,-110.562277,56.255447
114756,-110.601627,56.266279
114758,-110.766229,56.255438
114761,-110.917774,56.251822
114768,-110.911288,56.313614
114772,-111.023154,56.284543
114773,-111.075837,56.284539
114779,-111.062829,56.313628
114783,-111.260172,56.269901
114784,-111.240261,56.269911
114789,-111.385322,56.269914
114795,-111.385323,56.295385
114799,-111.391826,56.313629
114801,-111.306332,56.320854
114805,-111.464318,56.306455
114810,-111.674978,56.269911
114811,-111.608901,56.280923
114819,-111.635235,56.317241
114822,-111.661568,56.317242
114829,-111.701311,56.328072
114833,-111.773811,56.266292
114834,-111.793235,56.288157
114836,-111.766901,56.291762
114838,-111.859314,56.317237
114842,-112.214596,56.306413
114843,-112.20167,56.331666
114844,-112.267267,56.248262
114847,-112.346277,56.291747
114850,-112.38603,56.255417
114855,-112.445198,56.288142
114857,-112.392528,56.295348
114861,-112.445198,56.324454
114862,-112.576862,56.248216
114864,-112.682169,56.251812
114865,-112.616539,56.291775
114869,-112.728336,56.251829
114871,-112.728349,56.310001
114872,-112.807359,56.309997
114873,-112.860037,56.251811
114879,-112.860039,56.313592
114887,-113.38685,56.25545
114892,-113.623906,56.324461
114893,-113.571226,56.328085
114896,-113.683088,56.28455
114899,-113.913633,56.284501
114900,-113.814782,56.298958
114902,-113.966309,56.251802
114903,-114.07103,56.324632
115253,-110.917796,56.342703
115254,-110.937638,56.342693
115257,-110.944141,56.375398
115261,-111.062832,56.346329
115268,-111.029655,56.3682
115282,-110.970492,56.415334
115284,-111.233846,56.349941
115293,-111.194505,56.382654
115297,-111.128474,56.382639
115444,-111.312841,56.357165
115445,-111.292953,56.397262
115447,-111.299858,56.397263
115460,-111.477241,56.357175
115465,-111.694813,56.371791
115468,-111.81315,56.3718
115469,-111.753981,56.38262
115476,-112.274176,56.33547
115480,-112.524238,56.371795
115483,-112.583407,56.379021
115484,-112.576911,56.415341
115502,-113.103589,56.371769
115513,-113.472371,56.386223
115514,-113.571226,56.339105
115515,-113.61049,56.408102
115516,-113.498709,56.411703
115517,-113.781939,56.382632
115521,-113.854452,56.41173
116092,-110.331681,56.469869
116104,-110.990316,56.469936
116105,-110.970459,56.502615
116121,-111.220865,56.440821
116123,-111.247215,56.451868
116126,-111.385325,56.444415
116128,-111.306368,56.488133
116129,-111.385326,56.488133
116131,-111.615815,56.422773
116132,-111.865821,56.429959
116138,-112.372309,56.451822
116140,-112.497903,56.440823
116143,-112.623023,56.426381
116145,-112.623011,56.462688
116146,-112.550658,56.484555
116161,-113.281482,56.484493
116163,-113.433024,56.426339
116164,-113.439526,56.444402
116165,-113.446027,56.502545
116166,-113.334167,56.498933
116167,-113.518544,56.444413
116168,-113.551384,56.498974
116169,-113.860954,56.469899
116436,-111.072188,56.520778
116437,-110.978952,56.54264
116438,-111.032161,56.542654
116439,-111.045659,56.575353
116443,-110.992443,56.582582
116445,-111.397668,56.531643
116447,-111.324512,56.575338
116449,-111.490449,56.542693
116451,-111.463886,56.553514
116455,-111.690031,56.546309
116458,-112.354526,56.531587
116462,-112.434267,56.531575
116464,-112.434262,56.575316
116468,-112.613836,56.54982
116514,-113.078999,56.575288
116516,-113.398019,56.52796
116517,-113.371434,56.531562
116519,-113.45119,56.571678
116521,-113.530945,56.560645
116522,-113.923167,56.513653
117107,-110.394289,56.611735
117108,-110.985609,56.608043
117109,-111.038743,56.600831
117111,-111.085315,56.611656
117114,-111.078705,56.644353
117119,-111.198275,56.629919
117122,-111.198275,56.629919
117198,-111.218191,56.662624
117203,-111.377662,56.626304
117208,-111.404296,56.637147
117211,-111.583714,56.611696
117212,-111.497509,56.622507
117216,-111.510579,56.655382
117217,-111.470846,56.669821
117219,-111.789818,56.629898
117220,-111.836091,56.651585
117221,-112.068776,56.677001
117228,-112.1951,56.662552
117229,-112.161971,56.680632
117230,-112.354535,56.618854
117233,-112.514076,56.618849
117234,-112.434276,56.618862
117235,-112.434344,56.662564
117245,-112.573839,56.615212
117248,-112.600459,56.677
117249,-112.806601,56.607986
117255,-112.859765,56.644279
117256,-112.780008,56.644294
117259,-112.7334,56.676979
117263,-112.992682,56.60437
117276,-112.91293,56.615207
117278,-112.9661,56.658927
117279,-113.01927,56.676974
117283,-113.125607,56.629844
117286,-113.291679,56.604373
117287,-113.23851,56.633451
117288,-113.211925,56.662522
117293,-113.537429,56.64428
117656,-111.091864,56.698897
117661,-111.098732,56.738819
117663,-111.065175,56.753458
117674,-111.238154,56.70611
117694,-111.158317,56.731595
117705,-111.251231,56.760646
117706,-111.198062,56.764269
117770,-111.2979,56.706133
117792,-111.344488,56.749881
117795,-111.370996,56.760698
117797,-111.317854,56.764305
117803,-111.490559,56.720738
117804,-111.563675,56.731573
117810,-111.483988,56.760678
117812,-111.723184,56.684449
117813,-111.7432,56.706117
117817,-111.796369,56.684442
117820,-111.882671,56.749829
117821,-111.876105,56.757057
117825,-112.195118,56.706097
117826,-112.115372,56.706098
117827,-112.115368,56.74981
117829,-112.321472,56.706098
117830,-112.274869,56.706091
117831,-112.274865,56.749803
117834,-112.434379,56.70609
117835,-112.434376,56.749802
117838,-112.726841,56.706061
117839,-112.866328,56.731529
117844,-113.025834,56.713504
117845,-113.025834,56.760606
118059,-111.038598,56.771749
118060,-111.065171,56.782534
118062,-110.998993,56.793382
118065,-111.105283,56.815208
118067,-110.998998,56.837097
118071,-111.151868,56.771737
118113,-111.171483,56.786149
118119,-111.131859,56.833451
118121,-111.238168,56.844314
118135,-111.324437,56.808002
118143,-111.297909,56.82243
118147,-111.37092,56.83347
118153,-111.297884,56.8479
118158,-111.483877,56.789771
118167,-111.523995,56.837106
118169,-111.483884,56.84794
118177,-111.802912,56.793368
118183,-112.195109,56.793347
118185,-112.348048,56.79334
118186,-112.274859,56.789722
118188,-112.361171,56.83705
118189,-112.51413,56.793337
118191,-112.434369,56.837046
118192,-112.514126,56.837049
118193,-112.673659,56.804346
118195,-112.706811,56.851493
118198,-112.766472,56.833425
118199,-113.025834,56.793301
118209,-113.099022,56.807948
118211,-113.105585,56.822399
118214,-113.105584,56.855138
118412,-111.122431,56.859091
118415,-111.155796,56.859097
118422,-111.289875,56.928155
118424,-111.323678,56.86998
118436,-111.397184,56.899074
118475,-111.303494,56.938996
118481,-111.497932,56.877201
118593,-111.77269,56.902643
118612,-111.786352,56.89542
118615,-111.786353,56.902646
118621,-112.034526,56.891823
118629,-112.034527,56.931745
118632,-112.228942,56.880799
118634,-112.135257,56.928133
118639,-112.296297,56.924515
118640,-112.376823,56.924516
118642,-112.457348,56.880797
118643,-112.45735,56.92451
118644,-112.537877,56.924511
118645,-112.6184,56.862709
118646,-112.698927,56.880789
118647,-112.651872,56.895426
118651,-112.779469,56.891803
118653,-112.77947,56.924498
118871,-111.182603,56.957232
118874,-111.289936,56.968066
118879,-111.216452,57.000765
118880,-111.162814,57.000756
119100,-111.558226,56.946364
119122,-111.551545,56.968038
119210,-111.524732,56.97545
119859,-111.745869,56.946418
119889,-111.766152,56.997123
119918,-111.665411,56.989915
120031,-111.752906,57.004581
120225,-111.887078,56.946422
120233,-111.906879,56.975498
120236,-111.779731,56.989893
120249,-112.376824,56.96805
120252,-112.45735,56.968043
120253,-112.45735,57.011757
120254,-112.537879,57.011758
120255,-112.618406,56.968036
120258,-112.618407,57.011752
120259,-112.69893,57.011748
120264,-112.752616,56.964406
120267,-112.752616,57.01173
120272,-112.947154,56.949951
120274,-112.994206,56.98265
120276,-112.947153,57.022566
120430,-110.954819,57.069919
120436,-110.981649,57.055289
120439,-111.062133,57.077171
120442,-111.055508,57.10264
120445,-110.994811,57.113463
120446,-111.169435,57.04086
120449,-111.142616,57.055298
120450,-111.169434,57.069942
120453,-111.142615,57.084379
120459,-111.397184,57.033641
120484,-111.444285,57.062762
120522,-111.310159,57.10624
120525,-111.464496,57.040852
120723,-111.578399,57.073568
120766,-111.457841,57.106271
121048,-111.692226,57.069953
121229,-111.699264,57.091863
121295,-111.726077,57.10627
121368,-111.920545,57.0589
121393,-111.933714,57.069911
121397,-111.806557,57.087993
121425,-111.813179,57.109851
121444,-111.940757,57.058892
121454,-112.698931,57.05528
121457,-112.698929,57.098995
121602,-110.927985,57.157168
121605,-110.927984,57.171618
121607,-110.934605,57.200702
121608,-110.907776,57.200709
121613,-111.028677,57.142557
121679,-111.42397,57.124493
121755,-111.417409,57.153575
121991,-111.471075,57.128142
121999,-111.504535,57.135376
122040,-111.504529,57.164464
122094,-111.52472,57.193536
122145,-111.772749,57.128114
122157,-111.652289,57.13896
122166,-111.705867,57.153601
122201,-111.752866,57.186298
122210,-111.799506,57.124481
122219,-111.80655,57.128092
122238,-111.913912,57.135312
122283,-111.806559,57.179073
122287,-111.887071,57.179078
122289,-112.001061,57.128096
122290,-112.034527,57.142545
122293,-111.947375,57.167998
122294,-112.034524,57.182645
122297,-112.215779,57.142547
122298,-112.162098,57.13894
122300,-112.215778,57.168016
122301,-112.141884,57.175243
122303,-112.276089,57.12447
122307,-112.397029,57.189861
122309,-112.457343,57.142533
122314,-112.732386,57.193451
122326,-112.765786,57.167984
122499,-110.856482,57.215473
122502,-110.856481,57.229922
122505,-110.985172,57.20821
122555,-111.025622,57.237367
122595,-111.10686,57.258994
122616,-111.012245,57.280847
122781,-111.18141,57.288073
122903,-111.458807,57.266428
122982,-111.567153,57.226294
123024,-111.546636,57.237358
123262,-111.553745,57.277231
123293,-111.608078,57.284439
123417,-111.783822,57.24448
123424,-111.756773,57.258947
123442,-111.783831,57.266383
123465,-111.635236,57.29162
123468,-111.851678,57.208217
123472,-111.905838,57.222673
123506,-111.797525,57.258929
123528,-111.919204,57.277217
123554,-112.04124,57.222672
123555,-111.97337,57.237333
123557,-111.993759,57.2736
123561,-112.277895,57.233488
123573,-112.332065,57.233496
123579,-112.318773,57.251736
123598,-112.460873,57.269969
123603,-112.738302,57.208192
123771,-110.985163,57.295515
123773,-111.039323,57.295531
123819,-111.127246,57.339003
123851,-111.032214,57.357257
123878,-111.113454,57.375315
123898,-111.269334,57.302705
123922,-111.188094,57.317157
123973,-111.255959,57.349852
123982,-111.188093,57.339013
124052,-111.262646,57.375319
124115,-111.465408,57.320748
124208,-111.3168,57.357241
124232,-111.458812,57.37169
124239,-111.310117,57.368075
124271,-111.533343,57.295518
124438,-111.485879,57.309912
124516,-111.61476,57.331756
124582,-111.621412,57.371676
124607,-111.655238,57.299042
124671,-111.729638,57.317127
124779,-111.635164,57.346193
124811,-111.641788,57.378901
124831,-111.925806,57.295503
124843,-111.885434,57.32816
124851,-111.81089,57.346204
124862,-111.912511,57.375298
124871,-111.993754,57.331761
124873,-111.966673,57.342588
124874,-111.959986,57.357216
124876,-112.020833,57.360848
124877,-112.244186,57.31352
124878,-112.162921,57.331764
124880,-112.135841,57.35722
124881,-112.189999,57.360849
124884,-112.325459,57.295494
124885,-112.37963,57.320739
124888,-112.379632,57.353657
124891,-112.582907,57.328133
124892,-112.460875,57.35364
124893,-112.542117,57.353657
124894,-112.582908,57.357213
125051,-110.883548,57.419037
125058,-110.883548,57.448117
125061,-110.937696,57.448113
125065,-110.910623,57.462567
125069,-111.073084,57.382729
125085,-111.127245,57.41902
125115,-111.127246,57.4481
125119,-111.100167,57.462561
125150,-111.248855,57.382728
125199,-111.154326,57.407998
125235,-111.154327,57.437079
125256,-111.458856,57.407995
125266,-111.458868,57.4154
125280,-111.458915,57.44448
125295,-111.628091,57.389922
125345,-111.608055,57.411793
125373,-111.519679,57.444492
125393,-111.614763,57.466167
125421,-111.770429,57.407988
125449,-111.641788,57.397152
125483,-111.722936,57.426251
125525,-111.756721,57.451705
125537,-111.675551,57.462564
125548,-111.9258,57.404373
125556,-111.837948,57.426235
125562,-111.9258,57.451697
125564,-111.804159,57.462529
125565,-111.973357,57.386303
125569,-112.29837,57.386296
125570,-112.433793,57.415364
125572,-112.542117,57.411815
125697,-110.971453,57.477179
125702,-111.025612,57.480802
125704,-111.03932,57.480806
125706,-111.127248,57.477181
125722,-111.154329,57.477178
125751,-111.608076,57.469961
125804,-111.587691,57.495258
125811,-111.57399,57.50628
125816,-111.614772,57.506274
125829,-111.641834,57.469957
125876,-111.655108,57.499075
125896,-111.736269,57.50626
125902,-111.770433,57.517086
125908,-111.804164,57.480771
125910,-111.925802,57.484389
125914,-111.939597,57.524299
125915,-111.804185,57.517076
125916,-111.878756,57.546171
125918,-112.068308,57.477164
125922,-112.041231,57.524308
126027,-111.130949,57.568022
126031,-111.185658,57.568013
126033,-111.205838,57.5971
126034,-111.260546,57.597102
126035,-111.315333,57.597069
126036,-111.404533,57.568006
126039,-111.56158,57.582465
126043,-111.623413,57.597074
126048,-111.732885,57.597088
126051,-111.684914,57.629772
126055,-111.958509,57.55719
126057,-111.86968,57.58985
126060,-111.931153,57.618926
126063,-112.074699,57.593455
126064,-112.006472,57.607893
126066,-112.033832,57.640592
126068,-112.232092,57.575202
126069,-112.21149,57.607892
126070,-112.156775,57.60788
126071,-112.259443,57.615337
126073,-112.402958,57.578806
126074,-112.327571,57.578796
126076,-112.348253,57.622509
126151,-111.937914,57.709769
126152,-112.115907,57.651599
126154,-111.992628,57.680678
126156,-112.033834,57.687913
126157,-112.019989,57.727826
126160,-112.238843,57.677064
126161,-112.259441,57.70975
126162,-112.170623,57.724197
126231,-111.931161,57.749686
126234,-111.965278,57.807827
126235,-112.088545,57.731617
126236,-112.013236,57.771529
126237,-112.088554,57.77153
126238,-112.04735,57.796999
126239,-112.129423,57.796978
126240,-112.266195,57.753273
126241,-112.184135,57.771518
126243,-112.266201,57.793366
126244,-112.184139,57.807817
141727,-110.803309,54.811402
141732,-111.184726,54.829658
141733,-111.718675,54.767736
141734,-111.737853,54.811292
141736,-112.277768,54.770993
141799,-111.038422,54.862358
141802,-111.070126,54.887816
141803,-110.962152,54.913311
141805,-111.044628,54.913315
141807,-111.184725,54.862363
141809,-111.153019,54.905916
141810,-111.102157,54.909749
141811,-111.222627,54.920527
141856,-110.561495,54.942407
141857,-110.606139,54.942385
141860,-110.60614,54.985939
141861,-110.580718,55.015046
141863,-110.701562,54.942413
141867,-110.663184,54.971501
141869,-110.682404,54.985963
141873,-110.67612,55.018671
141875,-110.790326,54.956863
141876,-110.834992,54.985963
141877,-110.873301,55.015052
141878,-110.784125,55.015042
141879,-111.368976,55.00056
141880,-111.489856,55.004181
141885,-111.820535,55.014777
141959,-110.549018,55.05878
141960,-110.606138,55.091469
141961,-110.54274,55.102326
141962,-110.714024,55.044149
141963,-110.6507,55.05878
141964,-110.764891,55.073221
141966,-110.707822,55.102332
141967,-110.771565,55.047743
141968,-110.815758,55.073233
141969,-110.854144,55.105988
141970,-110.796998,55.105977
141983,-114.418311,55.063318
142032,-110.566844,55.164558
142033,-110.579935,55.197258
142035,-110.766117,55.179173
142039,-111.330216,55.153758
142042,-112.170023,55.131862
142103,-111.509713,55.237405
142105,-112.298231,55.277311
142113,-114.197467,55.284912
142210,-113.721031,55.346426
142218,-114.620656,55.288691
142291,-110.657027,55.382806
142294,-110.894335,55.422752
142298,-110.964929,55.397295
142461,-110.507031,55.608242
142465,-111.406495,55.626266
142533,-110.384025,55.640904
142534,-110.384021,55.717145
142535,-110.539301,55.644519
142536,-110.507031,55.666418
142539,-110.623253,55.684427
142543,-110.642824,55.637328
142544,-110.649135,55.66642
142545,-110.733569,55.684456
142546,-110.688196,55.684456
142549,-110.791725,55.669992
142555,-111.412876,55.695513
142696,-110.455262,55.771691
142697,-110.610549,55.749833
142699,-110.545605,55.757255
142701,-110.616938,55.77169
142704,-110.539294,55.771708
142706,-110.726779,55.728177
142715,-111.231745,55.78284
142716,-112.020649,55.782765
142889,-110.432894,55.819041
142890,-110.458996,55.815428
142892,-110.71361,55.829879
142895,-110.758964,55.862569
142899,-110.870237,55.815431
142906,-110.883156,55.877174
142907,-110.902819,55.887995
142910,-111.013691,55.818993
143069,-113.513008,55.935277
143181,-110.693952,56.062572
143200,-112.070951,56.022589
143229,-113.473623,56.000676
143346,-111.946878,56.080776
143347,-113.480468,56.087934
143455,-110.46341,56.164565
143463,-111.154843,56.182663
143467,-113.472371,56.208101
143468,-113.399776,56.215347
143470,-113.584153,56.244442
143471,-113.69642,56.237223
143555,-110.601627,56.298977
143561,-110.917792,56.328065
143566,-111.516981,56.2954
143613,-113.584153,56.28816
143685,-110.937639,56.346308
143689,-111.602481,56.342704
143700,-111.734145,56.342697
143717,-111.628817,56.382632
143720,-112.326844,56.335468
143816,-111.003329,56.426378
143826,-111.800156,56.506142
143828,-112.306985,56.426341
143829,-112.300495,56.484512
143831,-112.741243,56.477097
143944,-111.596702,56.575402
143945,-111.896133,56.560677
144274,-111.610348,56.822452
144275,-111.696596,56.851563
144276,-111.616905,56.844314
144283,-112.653631,56.85151
144285,-112.939516,56.778869
144377,-111.102138,56.902674
144378,-111.048475,56.931765
144389,-112.732399,56.924487
144391,-112.752615,56.866323
144392,-112.833169,56.935341
144479,-111.518125,57.029842
144533,-111.806568,57.01899
144547,-112.048124,56.997134
144548,-111.974229,56.997129
144700,-111.712505,57.033677
144742,-111.967597,57.07715
144744,-112.054745,57.095396
144750,-112.893473,57.055255
144809,-111.202869,57.157194
144812,-111.256505,57.17525
144816,-111.202866,57.189888
144820,-111.27008,57.193488
144873,-111.161023,57.211837
144901,-111.208492,57.244549
145017,-110.876865,57.335409
145095,-112.02083,57.42262
153250,-111.629538,54.855083
153251,-111.725,54.898593
153271,-110.30106,54.956857
153272,-110.371054,55.004218
153283,-111.000449,54.971505
153284,-111.070063,55.004192
153285,-111.102163,54.956865
153286,-111.171774,55.004212
153287,-111.222626,55.018648
153340,-111.133869,55.029691
153421,-112.817309,55.248211
153423,-113.195557,55.25543
153497,-114.146195,55.295921
153498,-114.261703,55.292318
153563,-113.304522,55.397258
153654,-113.502398,55.462816
153655,-113.51518,55.477211
153892,-114.153355,55.735733
153893,-114.269858,55.739367
153895,-114.230835,55.775687
154004,-111.529225,55.877189
154011,-113.499793,55.855242
154013,-113.50656,55.869877
154104,-110.328487,55.960848
154107,-111.646455,55.931749
154123,-113.623867,55.902565
154224,-110.452552,56.011621
154227,-110.791912,55.989922
154231,-111.587881,56.022605
154233,-111.744505,55.997128
154240,-112.234008,56.066128
154248,-113.728232,56.033377
154249,-113.695712,56.036996
154350,-111.568144,56.095221
154352,-111.594249,56.09523
154354,-111.80992,56.07717
154360,-111.757721,56.091613
154362,-111.875012,56.102667
154366,-112.181804,56.080757
154369,-112.129601,56.109856
154449,-110.595124,56.328064
154450,-110.759708,56.295365
154452,-110.746696,56.328068
154453,-110.67416,56.328062
154454,-110.812414,56.298961
154541,-110.812406,56.389859
154602,-111.529905,56.488148
154643,-111.583689,56.542708
154644,-112.553795,56.571676
154649,-113.318263,56.564265
154743,-111.9027,56.717121
154815,-112.06877,56.778892
154816,-112.009038,56.815221
154817,-111.942324,56.851532
154820,-113.058897,56.844244
154995,-112.839795,56.953583
155056,-112.343356,57.091836
155099,-112.571341,57.124459
155247,-111.296415,57.269999
155253,-111.310127,57.211831
155271,-111.316805,57.24453
155276,-111.41838,57.240933
155310,-112.217088,57.386315
163611,-111.445246,54.826009
163612,-111.508948,54.844056
163614,-111.616965,54.844075
163770,-114.27434,55.164948
163809,-114.011722,55.241381
163860,-114.114225,55.310387
163919,-114.16551,55.430349
163923,-114.601357,55.375989
163925,-114.627008,55.376039
163985,-110.429389,55.495458
163986,-110.461659,55.535373
163993,-114.276233,55.463197
164140,-111.910829,55.688073
164142,-111.923931,55.713549
164144,-112.0661,55.637306
164148,-114.276241,55.699436
164300,-113.330292,55.866082
164301,-114.005283,55.877539
164434,-111.764162,55.960823
164440,-114.141774,55.907135
164510,-110.909229,56.040725
164513,-110.791943,56.066172
164514,-111.86212,56.022598
164516,-111.816364,56.051697
164519,-111.829172,56.062535
164526,-113.728237,56.026151
164584,-111.620356,56.124323
164585,-111.587888,56.138945
164610,-111.622307,56.160946
164968,-113.045855,56.749766
165065,-111.310131,56.946401
165137,-111.350559,57.000765
165157,-111.417467,57.019005
165287,-111.336977,57.175252
165319,-112.437124,57.197077
165424,-112.420416,57.22626
165436,-112.474582,57.349809
170597,-110.409904,55.633496
170632,-110.409898,55.720758
170644,-112.007948,55.666426
170722,-110.429383,55.786335
170730,-112.279401,55.78999
171451,-111.098711,56.767886
171529,-111.316688,57.1971
177967,-110.32309,55.131831
178062,-110.425756,55.280923
178063,-110.335688,55.280922
178128,-110.605642,55.339077
178147,-113.099368,55.295544
178196,-114.280686,55.375952
178197,-114.178083,55.397648
178238,-110.507028,55.517139
178239,-110.591062,55.539001
178271,-113.580044,55.506278
178311,-112.428341,55.615494
178312,-112.40878,55.626334
178313,-112.945921,55.557291
178371,-111.626204,55.673624
178435,-112.033827,55.757251
178437,-112.040214,55.78634
178517,-111.594247,55.891632
178521,-112.044856,55.826208
178522,-112.0902,55.86253
178524,-112.358074,55.866118
178525,-114.356312,55.845413
178589,-111.144131,55.913513
178594,-111.672561,55.902661
178601,-111.776972,55.931739
178604,-111.966537,55.913487
178747,-111.091919,56.04809
178895,-111.796713,56.120706
178957,-110.825709,56.164528
179246,-111.410843,57.04809
179250,-111.464495,57.051695
179253,-112.403666,57.055284
179266,-112.463965,57.200698
179350,-112.46087,57.222645
179351,-112.460873,57.284419
183527,-114.236063,55.397644
184098,-111.021636,57.164412
184128,-111.088954,57.186265
184130,-111.115783,57.186254
