SitID,n1,n2,n3,n4,n5,n6,n7,n8
102496,2,47,49,4,1,50,3,48
102497,3,4,9,7,2,48,53,49
102498,0,4,1,49,3,47,48,50
102500,48,4,1,9,53,7,51,49
102501,3,49,48,2,1,50,51,9
102503,6,8,7,12,52,10,9,54
102505,5,8,12,52,10,7,54,56
102507,9,8,5,6,1,3,53,52
102514,52,6,54,5,7,9,12,55
102517,53,7,3,48,8,1,54,51
102518,12,6,13,56,5,11,57,8
102565,16,13,61,14,57,10,15,17
102577,10,56,6,13,52,8,5,57
102581,57,56,12,11,16,59,61,10
102583,15,17,16,18,11,60,61,62
102589,14,17,18,60,16,62,64,1665
102592,61,11,13,17,14,57,15,63
102596,60,62,15,14,64,16,61,63
102597,1665,15,64,14,17,60,19,20
102606,20,22,23,1665,65,66,18,64
102609,19,23,22,1665,65,66,67,64
102610,24,26,1670,25,22,23,27,1671
102611,23,19,20,24,21,66,1672,1670
102614,22,19,20,66,24,1672,1670,21
102615,1670,21,26,1671,23,1673,22,1672
102619,26,27,1666,21,1674,24,1670,1671
102620,25,21,27,24,1670,1671,1666,1676
102626,1666,1674,26,1675,25,1676,1671,1670
102630,30,1667,1668,1866,1801,29,72,1802
102633,1668,1667,30,32,34,31,28,76
102640,1667,1668,28,1801,29,1866,1802,72
102656,32,33,79,34,80,29,76,81
102661,31,33,34,79,29,80,76,81
102666,79,34,80,32,81,31,76,82
102671,80,76,33,79,32,81,78,31
102672,37,36,38,39,83,31,84,40
102679,38,37,35,39,40,83,85,1669
102681,35,36,38,39,83,84,85,31
102684,36,39,40,37,35,83,1669,41
102686,38,36,40,1669,35,37,41,43
102698,39,38,41,1669,36,43,87,86
102702,87,43,1669,40,86,120,116,39
102710,44,43,87,1669,41,88,89,121
102714,1669,41,87,40,42,39,86,120
102754,42,88,89,90,45,43,87,91
102785,91,46,92,88,89,93,90,94
102802,91,92,45,94,93,127,89,88
103698,49,50,0,4,2,48,3,51
103699,3,51,4,53,9,50,49,1803
103700,50,4,47,48,2,3,51,0
103703,49,51,4,48,47,3,1803,2
103704,48,1803,53,50,3,9,4,49
103707,54,8,55,6,12,5,56,7
103710,9,48,51,54,1803,55,3,7
103711,52,55,8,53,9,7,6,58
103713,54,52,53,8,1804,58,1803,9
103715,13,12,57,58,10,52,59,1678
103717,13,59,56,61,1678,58,16,1679
103723,56,1678,57,59,13,52,55,12
103724,1678,1679,57,61,63,1680,13,58
103729,62,17,64,15,1682,63,1665,61
103730,16,63,59,57,1679,17,13,62
103732,60,17,1682,63,64,61,15,1683
103734,1679,1683,1682,61,62,59,1684,1680
103738,1665,60,65,17,67,62,18,15
103742,67,64,1665,20,1686,66,1687,60
103744,1672,67,23,65,20,19,22,1805
103746,65,1686,1687,64,66,20,1665,60
103748,71,95,69,98,96,1864,1690,100
103749,96,95,68,97,71,1677,98,1690
103751,1865,1864,99,101,1691,71,74,100
103752,95,98,68,100,99,1690,69,96
103753,1801,1866,73,74,75,1802,102,30
103756,74,72,102,1801,1866,75,103,101
103757,73,72,102,1801,101,103,1866,75
103759,1802,72,73,74,1801,104,102,1866
103775,80,77,34,78,79,105,33,81
103784,78,105,76,106,80,1802,34,81
103787,77,105,106,76,80,82,81,1692
103796,33,80,34,81,82,76,32,31
103809,76,34,79,33,78,81,77,82
103834,82,79,80,78,33,76,110,34
103852,81,79,110,78,80,108,105,33
103855,85,112,84,113,114,108,109,115
103857,112,85,108,83,109,113,114,111
103868,83,112,113,84,114,108,115,109
103875,120,116,123,87,117,41,150,121
103876,41,43,86,120,1669,40,116,123
103895,89,90,92,91,93,127,45,124
103900,88,90,92,93,91,127,125,124
103903,89,88,93,125,124,127,92,91
103906,92,93,45,46,89,88,90,127
103912,91,93,89,88,46,45,127,90
103920,92,127,91,89,94,90,88,46
103924,93,127,92,46,91,163,162,89
104689,71,98,68,1690,69,96,97,100
104690,97,69,95,1690,128,98,71,68
104695,96,128,1690,95,129,69,98,1809
104699,95,71,100,1690,99,68,97,96
104700,100,1691,98,132,71,1690,70,95
104703,99,98,132,1690,71,1691,95,128
104710,103,102,136,1691,74,73,133,70
104712,103,101,74,73,104,136,75,72
104715,101,102,136,74,73,1691,133,104
104719,137,107,102,75,103,138,136,140
104722,106,78,77,1692,76,82,81,80
104729,105,1692,78,77,140,82,76,145
104736,140,104,137,141,142,143,1692,75
104751,109,84,112,110,111,144,113,82
104764,108,111,110,144,112,84,113,82
104769,109,144,111,108,82,145,81,146
104779,144,109,110,108,115,146,113,112
104787,85,84,113,83,108,109,114,115
104803,114,112,85,115,83,84,109,108
104804,113,115,85,112,83,84,109,108
104807,114,113,112,111,85,109,108,144
104810,86,120,123,117,118,150,119,151
104812,118,116,119,86,120,123,150,151
104819,119,117,116,151,152,150,123,153
104823,118,117,151,152,150,116,153,230
104826,86,123,116,121,87,150,117,41
104832,122,154,123,120,86,150,155,116
104833,121,154,123,120,124,158,155,150
104834,120,150,116,86,155,121,151,152
104837,126,125,158,90,89,127,160,88
104839,126,124,127,90,158,161,159,89
104840,124,125,158,159,237,90,161,160
104841,93,125,92,94,90,89,91,88
105674,129,1690,97,130,131,96,132,98
105677,130,128,131,209,97,1690,1708,96
105678,131,129,209,1708,128,97,1690,210
105681,209,130,1708,129,128,210,300,213
105683,100,134,99,1690,1691,128,98,135
105685,136,139,135,212,134,216,1691,103
105689,135,212,133,132,213,1691,216,139
105691,212,134,133,216,214,139,213,132
105693,103,133,101,139,102,1691,216,212
105694,104,138,107,143,140,141,217,102
105704,217,137,143,218,222,104,142,141
105708,216,133,212,214,136,135,217,134
105711,141,142,107,1692,143,106,105,137
105717,142,140,143,1692,107,220,137,106
105718,141,143,140,1692,220,107,221,147
105720,142,141,140,220,138,137,107,222
105722,111,110,109,146,108,145,147,115
105724,146,147,1692,110,144,106,111,224
105729,147,145,144,224,110,111,1692,225
105730,146,145,224,1692,144,223,221,142
105734,149,1709,227,230,228,229,153,232
105735,148,1709,227,228,229,230,115,153
105739,155,151,152,123,156,157,116,119
105746,152,150,155,153,156,119,118,157
105751,151,150,155,156,153,157,231,232
105754,230,232,152,1709,151,231,156,119
105758,122,121,160,234,233,158,155,156
105762,156,150,152,157,151,231,123,235
105767,157,155,231,152,150,235,151,153
105772,156,231,235,155,152,151,150,234
105777,160,237,126,124,159,125,154,239
105784,161,237,238,158,126,125,160,239
105785,158,237,239,233,234,154,159,126
105788,159,238,240,125,237,126,241,158
105792,163,94,240,243,242,245,127,333
105794,162,240,243,94,161,241,127,333
105860,165,166,255,167,257,343,253,254
105875,166,164,255,257,254,343,167,168
105883,165,255,164,254,257,343,256,344
105885,168,254,166,165,171,261,260,255
105897,167,254,260,261,258,171,259,166
105901,171,172,258,170,173,174,262,263
105903,174,173,172,262,176,169,264,263
105905,169,258,259,172,263,262,260,170
105907,262,264,263,170,169,174,171,265
105908,174,170,176,172,169,177,262,264
105909,173,170,176,172,177,262,169,266
105911,179,178,181,270,180,267,177,176
105912,177,174,266,173,170,178,175,265
105915,266,176,178,268,175,267,174,270
105917,270,267,181,266,177,175,269,176
105920,180,175,181,270,178,267,271,177
105922,179,181,270,175,271,267,178,1867
105926,270,267,178,175,179,180,271,269
105929,1704,183,184,186,273,180,274,1867
105963,1704,182,1867,273,272,186,180,271
105964,186,1704,182,274,185,275,273,183
105968,274,190,277,188,184,186,276,275
105971,184,1704,274,273,182,275,185,183
105983,189,188,190,278,277,185,360,276
105984,190,187,189,185,277,278,276,360
105987,187,188,278,190,277,360,185,276
105989,188,277,185,189,187,276,360,274
106445,279,454,47,50,455,1908,49,1910
106446,196,194,193,1705,284,1694,280,1706
106447,1705,1706,280,192,1695,196,1694,281
106448,192,196,284,1699,1694,195,280,1706
106450,1707,199,285,197,1699,1703,286,194
106452,284,192,194,280,1706,1705,193,283
106455,199,1703,1707,195,1702,285,1701,198
106457,200,1702,288,292,203,197,289,1703
106458,1707,197,195,285,1703,1698,1699,1702
106460,292,198,203,289,288,201,294,1702
106462,203,202,200,292,204,293,198,205
106463,205,204,201,206,293,203,297,208
106465,201,200,292,198,289,202,294,293
106469,293,297,202,205,208,206,207,295
106472,206,202,204,208,207,297,293,201
106475,205,208,207,297,204,202,296,293
106477,208,206,296,205,297,204,298,299
106479,206,207,297,296,205,204,298,293
106480,131,1708,130,129,210,300,213,128
106489,213,304,1708,300,301,215,209,305
106492,302,300,301,1708,296,299,209,207
106494,135,216,214,134,133,139,307,215
106501,210,215,304,134,1708,209,135,131
106503,216,212,307,139,135,1710,219,133
106507,304,213,305,210,1710,306,214,212
106508,139,214,212,133,135,307,217,136
106512,138,218,219,139,216,222,311,308
106518,311,308,217,222,219,309,313,138
106519,307,218,309,217,310,308,214,311
106524,221,222,143,223,142,311,312,141
106526,223,220,312,142,222,314,143,147
106527,311,308,218,313,220,138,217,143
106529,221,312,220,314,224,317,147,315
106532,146,147,226,225,315,223,145,312
106533,226,228,224,315,316,227,146,149
106534,225,315,316,224,318,228,317,397
106537,228,229,149,319,148,320,1709,321
106538,227,149,319,225,229,148,320,321
106540,319,1709,227,320,323,325,230,228
106544,153,232,1709,152,229,148,151,323
106547,157,235,156,155,152,232,153,151
106548,230,153,1709,323,152,151,229,231
106552,234,239,160,236,154,237,158,235
106553,233,236,235,239,160,157,154,231
106554,231,157,156,236,234,155,152,232
106555,326,234,327,235,233,231,239,157
106556,159,160,158,239,238,126,233,161
106558,159,161,237,241,240,239,331,158
106562,233,160,237,234,329,236,158,330
106569,241,161,163,243,238,333,159,162
106580,240,333,331,243,238,416,334,1811
106600,332,245,337,335,244,246,336,338
106602,333,1811,241,334,240,332,416,163
106608,245,246,335,336,242,337,332,338
106617,242,244,335,246,332,337,336,338
106621,336,335,244,245,337,242,332,338
106626,249,250,251,1812,248,252,339,340
106644,252,251,339,250,340,249,253,247
106645,250,247,251,248,252,339,1812,340
106649,249,251,247,248,252,339,340,1812
106650,252,248,339,250,340,249,253,247
106656,248,251,339,340,253,250,249,341
106659,341,340,339,343,252,342,430,257
106661,256,255,261,344,166,168,257,348
106662,254,256,344,257,166,343,261,165
106663,344,254,261,255,345,348,346,257
106665,343,255,344,256,166,341,254,253
106669,259,171,260,263,169,347,172,262
106673,258,260,347,171,263,348,262,172
106674,259,261,347,348,258,171,168,254
106676,348,256,254,260,344,255,345,347
106679,264,263,172,265,170,258,350,174
106680,262,264,172,259,258,265,350,347
106681,262,263,265,172,350,170,268,258
106682,264,268,262,263,172,1868,266,350
106685,177,178,268,176,269,267,352,265
106687,270,181,178,269,271,266,175,355
106698,352,265,266,1868,269,177,353,264
106700,353,267,352,178,270,266,268,181
106701,181,267,178,269,175,179,271,180
106707,272,355,1867,267,356,270,181,180
106710,1867,271,355,356,183,180,1814,357
106735,275,186,1704,274,183,359,184,182
106754,275,186,185,359,184,276,277,273
106804,359,274,273,186,276,277,1704,185
106820,277,361,359,360,274,275,190,1714
106838,276,190,361,360,185,274,359,188
106840,189,360,187,188,190,361,277,276
107168,191,454,455,1910,1908,601,600,456
107170,1706,284,196,1705,193,192,283,281
107171,282,362,1706,280,1705,283,193,284
107173,362,281,283,280,1706,363,1911,1705
107174,287,282,280,363,284,362,1706,1911
107175,196,280,194,192,1706,283,287,286
107178,1707,199,195,286,197,365,291,1703
107181,287,285,284,365,195,1707,196,283
107183,286,283,284,365,363,196,1911,366
107188,289,200,290,198,292,291,197,369
107193,292,294,288,200,290,370,203,198
107196,291,369,289,288,370,372,292,294
107199,369,290,372,371,288,370,365,289
107201,289,200,294,203,288,201,198,290
107204,204,297,295,202,294,208,201,205
107209,289,292,374,375,370,293,203,200
107215,298,379,380,293,297,376,375,377
107222,207,208,299,298,297,206,378,211
107223,208,204,298,293,206,295,207,205
107230,379,295,378,297,296,299,208,380
107232,378,302,296,382,298,379,211,207
107236,301,1708,210,209,304,211,303,305
107239,300,1708,303,210,304,305,211,383
107246,382,299,211,384,378,296,301,383
107250,383,305,301,387,385,300,304,384
107252,305,215,210,213,301,300,303,306
107260,304,303,215,210,306,387,301,383
107262,1710,386,215,305,387,388,304,307
107267,214,219,1710,216,310,309,386,306
107270,311,313,218,222,309,310,219,390
107272,310,308,313,219,218,311,390,307
107276,309,219,390,308,313,218,307,311
107277,308,222,313,218,309,220,219,310
107279,223,221,314,317,220,315,224,316
107280,308,311,309,222,218,390,310,395
107281,312,394,317,223,395,221,396,313
107282,316,226,317,318,397,224,225,312
107284,315,318,226,397,317,225,224,398
107285,315,312,397,314,318,316,398,223
107286,397,316,315,398,399,317,226,488
107289,320,321,322,229,325,227,401,228
107291,321,319,322,325,401,402,229,405
107292,320,322,319,401,325,402,405,229
107298,401,321,325,320,405,319,402,406
107304,324,325,232,229,230,1709,322,319
107309,323,325,405,322,1711,229,401,319
107315,322,405,401,324,321,320,319,323
107333,327,236,328,1711,410,234,235,330
107341,326,236,328,1711,410,330,234,235
107345,330,329,413,409,414,415,410,327
107353,330,328,413,414,239,409,415,327
107358,328,329,413,414,409,415,410,327
107368,416,417,418,241,504,334,333,1811
107370,337,242,335,245,336,246,338,244
107372,243,1811,334,241,416,331,417,240
107374,1811,333,416,420,417,243,419,331
107375,336,246,337,245,332,242,244,338
107377,335,246,337,245,338,244,332,242
107378,332,335,336,242,245,246,338,244
107385,422,337,336,424,335,423,332,246
107393,340,252,251,253,248,430,342,341
107396,339,252,251,253,430,248,342,341
107399,342,253,430,343,431,432,340,257
107406,341,430,431,432,253,340,343,339
107407,257,341,253,255,344,342,166,256
107408,256,345,255,346,254,257,261,343
107416,346,344,438,434,256,437,436,1713
107417,345,438,434,344,436,1713,437,433
107419,259,260,348,258,349,263,261,350
107421,261,260,349,347,256,437,345,259
107423,437,348,438,1713,347,346,345,439
107424,351,1868,264,263,265,262,439,347
107425,350,439,1868,440,354,442,347,265
107427,268,353,269,1868,354,266,265,441
107430,269,352,441,1813,355,357,354,1869
107436,442,441,1868,1869,352,353,1813,268
107438,356,271,357,272,353,1712,269,267
107441,355,357,1712,443,1814,271,272,444
107443,1712,356,443,1813,444,355,1814,441
107468,447,1814,448,445,531,446,443,1913
107475,275,276,274,361,277,273,1714,449
107554,361,276,277,1714,278,190,452,359
107558,360,276,1714,277,359,449,452,190
107921,282,281,363,283,1911,364,280,457
107925,1911,366,364,457,283,368,362,458
107927,366,1911,457,363,368,458,1715,459
107931,371,367,286,287,285,369,291,461
107942,364,1911,368,363,1715,457,458,459
107945,461,365,371,462,368,1715,464,287
107948,1715,366,364,1911,461,363,463,457
107960,291,290,372,371,370,288,464,373
107966,290,373,294,374,289,375,372,369
107972,369,372,365,291,367,464,290,465
107980,369,464,371,291,373,465,290,370
107984,1716,372,370,465,1717,464,468,466
107991,375,294,376,370,377,295,293,289
107997,374,376,377,294,370,295,467,293
108007,377,375,374,467,380,295,1717,469
108016,376,467,380,375,469,374,295,1717
108037,299,379,298,381,296,382,302,380
108041,380,298,378,295,381,469,299,297
108047,379,469,377,295,381,376,298,470
108055,470,471,469,380,379,378,472,298
108060,302,384,299,378,383,474,211,296
108063,303,385,384,387,305,301,473,382
108069,382,474,383,475,302,385,472,473
108071,473,383,384,387,303,474,476,475
108074,306,1710,388,391,393,389,307,477
108075,388,305,385,389,303,306,383,473
108078,389,477,393,391,386,387,478,306
108079,388,477,393,391,478,386,387,479
108081,395,392,313,394,310,309,308,480
108084,393,477,388,389,386,481,478,392
108086,480,481,390,483,482,391,395,393
108087,391,477,389,388,478,481,386,392
108089,395,314,390,313,484,396,308,311
108090,394,390,313,314,308,392,311,309
108091,400,484,485,398,486,394,314,317
108093,318,398,316,317,315,399,488,400
108098,397,400,399,318,489,488,396,490
108099,488,492,404,489,398,490,397,318
108101,396,484,485,398,397,317,489,314
108104,405,322,406,325,321,402,403,320
108109,403,401,321,322,320,405,406,404
108113,402,406,401,493,405,322,404,321
108114,492,399,488,494,403,495,402,493
108115,401,406,322,325,403,321,402,320
108119,405,401,403,408,322,325,402,493
108122,496,497,412,498,408,1711,406,405
108124,496,406,407,405,493,403,499,401
108127,414,415,413,410,328,411,330,502
108128,411,409,328,414,412,415,327,326
108129,410,409,412,415,414,500,498,497
108130,497,498,407,496,411,410,1711,500
108134,414,330,415,409,328,329,410,502
108139,415,409,413,330,328,410,329,411
108140,414,409,413,330,502,328,411,410
108143,417,331,334,418,333,504,1811,241
108145,416,418,331,504,334,506,420,333
108147,504,417,331,416,334,505,506,501
108150,420,421,507,506,334,1811,338,508
108151,419,506,334,1811,421,507,417,416
108153,507,419,508,420,425,338,506,424
108156,423,424,338,425,336,1912,335,337
108157,422,424,1912,425,338,336,426,246
108159,425,423,422,338,1912,421,507,336
108162,424,423,422,338,421,507,1912,508
108164,427,1812,1912,428,509,510,423,511
108172,509,510,426,428,513,1812,1815,579
108173,429,427,426,1812,509,1815,510,512
108174,428,1815,512,430,427,340,431,339
108176,431,342,341,340,432,339,253,429
108178,430,342,432,341,514,340,515,339
108180,431,342,514,430,515,341,516,433
108181,435,518,436,434,346,438,345,520
108182,438,436,346,1713,435,345,433,437
108183,433,518,436,434,438,520,519,346
108184,434,435,1713,438,518,519,433,346
108186,349,1713,438,434,346,523,345,436
108187,434,1713,346,436,437,345,435,349
108191,440,351,525,522,349,350,347,437
108193,525,439,522,351,526,591,523,349
108194,1869,1813,354,442,353,357,1712,444
108195,354,1869,441,527,1813,1868,529,352
108196,1712,444,1814,357,446,356,445,1813
108199,443,1712,446,357,1813,445,1814,1914
108200,446,1913,1814,447,443,531,1942,444
108201,445,443,444,1814,1913,1942,1712,447
108206,358,445,1814,448,531,1913,446,443
108207,447,358,531,1913,445,1814,446,1942
108225,450,1871,1714,1872,452,361,359,276
108229,449,1871,1872,1714,452,361,359,453
108280,453,452,1872,598,1714,360,1871,599
108294,1872,1871,1714,453,450,449,451,361
108306,451,452,1872,598,1871,1714,599,450
108617,455,279,601,600,456,1910,191,684
108618,454,601,600,279,456,1910,684,685
108619,1873,1874,1910,603,600,602,1915,1909
108620,458,364,459,460,1911,366,363,1715
108622,457,460,459,364,366,1911,363,1715
108626,458,460,457,463,364,1715,366,534
108628,458,459,457,364,366,463,1911,1715
108636,367,462,1715,368,463,532,533,366
108646,461,533,464,532,367,465,463,371
108652,534,459,1715,532,461,368,364,458
108657,465,372,371,462,373,1716,367,369
108663,464,1716,536,373,372,537,462,538
108667,468,1716,536,541,537,538,1717,542
108671,377,1717,376,540,469,468,375,380
108674,466,1716,1717,541,536,542,537,373
108676,380,470,381,471,377,379,467,376
108685,471,381,469,472,380,379,545,378
108687,470,381,469,472,380,545,544,379
108689,475,474,544,476,471,470,384,381
108693,385,476,548,474,475,383,549,384
108694,475,472,476,384,473,385,548,549
108697,474,476,472,384,473,549,548,544
108700,475,474,548,549,473,472,385,544
108703,389,478,388,393,391,552,479,386
108704,477,393,552,389,391,388,481,479
108705,552,550,477,478,389,548,473,388
108706,392,481,482,483,390,553,486,391
108707,480,392,483,391,393,553,478,482
108708,555,483,487,480,486,554,557,553
108709,553,481,482,554,480,392,478,555
108712,396,485,400,486,487,394,395,398
108714,484,396,400,560,486,556,487,561
108715,487,484,482,485,555,396,557,480
108717,486,555,482,557,485,484,556,480
108718,492,399,489,490,404,494,495,398
108720,490,488,491,492,399,559,398,494
108721,489,491,488,492,559,399,494,495
108724,490,489,559,560,488,561,556,492
108725,488,399,404,494,489,490,495,559
108726,403,499,408,404,494,563,406,495
108727,495,492,563,404,564,559,488,493
108728,494,563,564,559,492,404,488,490
108735,407,497,498,408,412,406,499,1711
108736,498,412,407,496,408,411,1711,500
108738,497,412,496,407,500,411,408,410
108744,565,568,493,570,408,563,640,496
108756,572,573,571,574,411,498,569,412
108763,502,503,415,414,413,409,571,504
108768,503,501,415,571,414,409,413,411
108771,502,571,501,415,409,414,500,411
108774,418,417,505,416,331,506,501,334
108775,575,504,576,506,418,417,577,420
108776,420,419,507,421,334,417,505,416
108778,421,419,508,420,425,506,338,424
108781,578,507,577,421,1920,506,419,425
108798,510,427,513,579,426,428,511,580
108800,509,427,579,511,513,580,426,581
108802,579,510,582,581,580,509,656,427
108805,1815,429,517,513,583,428,584,431
108809,580,509,1815,510,584,581,579,427
108813,515,1816,516,1817,432,586,517,1917
108816,516,1816,514,1817,517,432,586,587
108819,515,1816,1817,514,517,586,587,432
108821,583,516,515,512,587,1816,514,1817
108822,435,436,520,519,433,521,434,524
108829,524,518,589,436,520,521,1713,435
108830,521,588,518,589,519,435,1917,524
108840,520,588,589,519,518,1917,586,524
108842,525,523,440,591,439,437,1713,349
108843,522,524,1713,437,519,525,436,438
108846,519,523,589,1713,436,518,590,521
108858,440,522,591,439,523,526,593,592
108861,595,596,440,525,591,527,670,530
108865,529,530,442,528,526,1869,354,441
108866,1870,1914,529,530,1942,527,444,1869
108868,530,527,528,597,1870,595,442,526
108870,529,527,597,528,595,1870,670,526
108872,1913,445,447,448,1942,446,1875,358
109200,533,534,463,535,462,461,608,1715
109201,532,462,539,608,611,535,461,534
109204,463,535,532,459,607,1916,533,1715
109207,607,534,532,1916,609,608,604,463
109209,537,538,466,1716,468,465,541,373
109214,536,538,466,1716,465,541,468,539
109218,537,536,466,612,541,1716,539,468
109222,611,608,533,613,538,537,609,614
109224,542,467,543,541,468,1717,615,466
109228,542,466,468,543,536,538,537,540
109230,541,543,540,616,617,468,466,618
109232,542,616,617,541,618,540,615,690
109235,546,545,472,619,475,471,476,547
109237,547,546,544,620,615,471,619,470
109239,619,544,545,547,620,622,551,621
109240,620,545,615,621,546,619,544,694
109241,549,476,473,550,551,475,474,385
109243,548,476,551,550,475,473,474,544
109244,479,548,627,549,552,623,551,624
109246,549,624,623,625,548,550,546,476
109247,479,478,477,550,626,389,388,628
109248,483,554,482,481,478,480,555,629
109250,553,483,629,482,557,555,630,480
109253,557,487,482,486,554,629,483,553
109255,561,560,558,632,637,485,491,487
109259,555,554,487,482,629,633,486,632
109260,556,561,632,560,637,634,635,485
109262,562,495,564,494,491,490,489,563
109263,556,561,558,491,485,637,632,490
109265,556,560,558,637,632,491,485,634
109267,636,559,638,564,566,495,641,563
109268,564,495,494,566,559,493,499,562
109269,563,495,559,494,562,566,641,636
109274,568,570,640,645,499,566,642,641
109278,641,640,564,643,642,565,563,562
109288,569,646,647,645,573,574,570,568
109292,570,565,645,640,647,499,642,567
109297,574,573,567,646,649,572,647,500
109301,568,565,645,640,647,642,567,644
109307,503,500,572,502,649,573,574,501
109314,573,500,574,649,569,571,567,650
109321,574,569,572,649,500,567,646,650
109323,573,569,649,572,646,567,500,650
109331,505,576,577,506,504,508,652,418
109332,575,652,505,654,655,653,504,577
109333,508,1920,578,575,506,507,505,421
109336,1920,508,577,507,656,421,425,511
109340,511,581,580,582,510,509,513,656
109341,581,582,579,513,510,511,509,584
109343,582,580,579,511,656,510,513,657
109344,581,580,579,656,511,657,658,510
109347,585,659,587,517,584,661,516,512
109348,585,660,583,513,580,662,659,728
109350,583,584,659,660,587,661,662,728
109353,1917,588,1817,663,1816,521,520,514
109355,659,583,585,661,517,665,516,1817
109358,521,520,1917,586,589,518,519,1817
109359,521,519,520,588,524,590,518,1917
109362,589,592,524,666,593,519,521,588
109366,593,592,525,594,596,522,523,526
109369,593,591,594,590,668,596,523,524
109371,592,594,591,668,596,590,525,522
109375,593,668,596,592,591,743,739,526
109377,670,672,526,596,597,530,673,529
109378,594,526,595,593,591,670,592,668
109386,672,670,673,530,595,529,671,746
109401,599,453,451,452,1872,1871,680,450
109402,598,453,451,1872,452,680,1871,450
109844,684,601,685,603,1720,1901,456,455
109845,600,685,684,455,759,454,603,1720
109846,1874,1718,1915,1901,1873,603,1720,1723
109847,1720,1901,684,602,1874,1721,1873,1902
109848,605,606,607,1916,686,1725,1722,535
109852,606,604,686,1725,607,1726,1724,1722
109853,686,605,604,1725,1724,1722,1726,607
109854,535,1916,604,605,534,610,1725,609
109856,609,611,539,610,533,535,613,532
109859,608,610,535,607,1725,611,539,1727
109862,609,1725,1726,608,1728,605,607,1727
109864,539,608,613,614,609,533,538,612
109868,614,618,538,617,616,613,541,687
109874,614,1729,611,539,688,689,612,608
109880,613,612,688,687,618,611,1729,539
109884,620,547,621,543,545,691,696,616
109889,617,618,543,542,690,612,687,541
109891,616,618,543,542,690,612,687,541
109901,617,616,612,687,543,614,690,542
109908,546,622,620,621,547,544,625,545
109909,621,547,615,694,545,619,696,691
109911,620,694,696,695,547,691,615,619
109912,619,694,625,621,695,699,620,696
109913,624,1719,698,627,551,625,699,550
109914,623,625,551,699,698,1719,627,700
109915,699,624,700,551,622,623,619,701
109917,628,627,631,552,550,1719,479,702
109918,1719,623,698,626,550,702,624,628
109920,626,631,627,704,630,703,702,1719
109924,630,554,557,633,707,1921,555,631
109927,631,704,1921,629,705,628,554,706
109928,704,630,628,1921,705,703,626,629
109929,558,637,635,634,556,561,633,560
109930,707,708,635,629,632,557,634,555
109931,635,710,637,632,639,1876,708,709
109932,634,632,708,707,633,637,709,710
109933,638,562,641,639,643,559,566,1878
109935,558,632,634,561,639,556,635,710
109937,636,562,1878,643,641,1903,639,566
109938,710,637,1876,634,638,636,1903,1877
109939,565,642,566,568,570,641,644,645
109941,566,643,640,642,1878,638,644,636
109945,644,640,641,643,711,566,565,570
109946,1878,641,642,566,712,638,644,640
109947,642,711,714,640,712,643,570,641
109949,570,647,568,565,567,646,640,644
109952,647,569,567,648,574,645,573,649
109954,645,646,570,567,648,568,569,565
109967,646,647,715,721,719,716,718,717
109970,574,650,573,572,569,1919,1918,646
109973,1919,1918,649,651,719,574,721,573
109975,1918,1919,650,720,719,649,722,721
109977,654,655,653,576,723,720,802,651
109978,655,654,652,723,720,651,1918,802
109979,655,652,653,723,576,720,651,802
109981,654,653,652,723,720,802,651,576
109988,582,657,581,658,579,511,580,726
109991,658,726,656,582,581,727,580,725
109992,657,726,656,582,727,581,725,580
109993,587,583,585,661,665,517,662,728
109996,662,728,584,585,727,661,729,659
109997,659,728,662,665,729,585,587,660
109998,728,660,729,661,727,731,585,730
110001,664,1917,732,586,735,667,1817,588
110003,732,663,735,667,665,736,1917,734
110004,733,661,734,659,664,587,732,810
110008,667,669,590,737,735,740,738,668
110009,666,735,663,732,664,1917,736,669
110018,594,593,669,592,739,740,596,591
110028,666,740,668,737,742,739,667,590
110029,672,595,597,673,671,596,746,526
110042,743,746,672,744,748,673,670,745
110043,670,673,597,671,595,746,743,748
110044,672,746,670,597,671,748,595,675
110047,675,676,678,750,752,1875,747,1879
110052,747,674,751,750,673,1818,832,746
110053,752,678,750,674,1879,753,677,1819
110054,679,678,676,752,753,757,681,1875
110055,676,752,677,674,753,750,1875,1879
110057,677,757,681,682,753,755,683,756
110060,682,681,683,755,756,758,679,757
110061,682,683,755,756,758,680,757,679
110062,683,755,681,756,758,680,757,679
110064,755,682,756,758,681,680,757,679
110325,1720,603,685,600,1901,1721,1902,601
110326,684,759,600,1721,601,1720,603,1902
110327,606,605,1725,1724,1726,604,1722,610
110334,688,618,765,614,617,616,612,690
110336,687,614,765,613,1729,689,612,618
110337,1729,1727,766,1736,613,688,763,762
110341,692,691,693,616,617,696,618,687
110343,696,695,694,690,621,693,692,697
110355,693,690,691,769,696,697,772,695
110359,692,690,691,696,697,769,772,774
110362,695,696,621,691,697,622,620,619
110367,694,696,697,691,621,622,620,774
110369,695,691,694,697,621,693,620,690
110376,695,774,696,694,691,693,775,773
110379,1719,702,1730,623,627,624,700,699
110380,700,625,701,624,777,622,623,776
110382,701,699,777,776,625,624,698,778
110387,700,777,699,776,773,778,625,1737
110391,1730,698,1719,780,703,627,623,628
110392,781,702,780,704,631,1730,784,782
110393,631,1921,705,630,703,784,628,706
110394,1921,704,784,706,630,631,785,781
110395,785,705,1921,786,784,787,707,704
110396,633,708,635,629,706,788,709,632
110398,707,633,635,709,788,634,790,706
110399,788,789,708,790,791,635,792,1876
110400,1876,639,634,1877,637,635,1903,792
110403,714,644,712,642,716,713,717,715
110405,713,711,1878,643,644,714,642,795
110409,712,711,795,1878,796,714,643,799
110413,711,716,717,715,718,644,799,797
110415,717,718,716,797,714,798,799,648
110416,717,715,718,714,797,799,798,711
110419,716,718,715,797,714,798,799,711
110420,717,715,797,716,798,714,799,711
110427,721,722,1919,650,1918,800,651,648
110428,651,802,1918,800,1919,722,719,653
110429,722,719,800,1919,648,650,1918,801
110430,721,800,719,1919,801,720,651,1918
110436,802,655,653,654,803,720,652,879
110445,805,807,725,1920,806,880,881,578
110446,724,805,658,809,657,807,726,656
110447,658,657,727,656,582,581,660,580
110448,726,660,662,728,731,658,729,657
110451,662,729,660,661,731,730,727,585
110453,730,731,728,810,662,661,733,660
110456,810,729,731,733,811,728,662,661
110458,729,730,810,728,662,812,727,811
110460,735,664,736,663,667,734,813,665
110462,734,665,810,814,730,815,729,661
110463,733,814,815,665,813,810,732,736
110464,732,736,664,667,663,738,813,666
110467,813,738,735,732,818,816,814,734
110468,738,820,819,818,740,669,823,666
110469,818,737,736,820,813,735,816,819
110472,741,821,742,740,743,668,744,827
110475,742,669,739,737,741,823,819,668
110477,821,739,827,822,744,826,742,745
110478,740,739,821,741,824,823,822,819
110479,744,671,741,745,739,748,826,821
110481,745,743,826,671,825,748,741,821
110485,826,744,825,828,827,748,821,741
110486,748,673,749,671,672,829,744,745
110487,751,675,1818,829,832,830,750,746
110488,746,749,671,744,745,825,829,673
110489,748,829,746,831,825,830,745,828
110491,1879,1819,752,676,751,832,833,675
110497,1818,832,747,830,1820,829,750,675
110498,676,753,678,1879,750,677,1819,834
110499,752,834,754,676,757,677,1879,679
110503,835,757,834,753,758,756,755,679
110505,683,756,682,758,681,757,680,679
110507,755,758,683,682,681,757,680,754
110508,754,679,681,756,755,758,682,683
110511,756,755,683,682,681,757,754,680
110981,685,838,839,1721,684,1902,760,1904
110982,1904,1731,1902,761,1721,1739,1740,840
110983,1904,1739,1740,1731,840,760,1902,839
110986,764,1736,763,845,1741,768,1727,1728
110987,768,845,762,847,766,1741,1736,1742
110989,1741,762,845,1736,763,1734,1742,1732
110992,767,688,770,687,769,766,1743,771
110993,768,763,689,1743,847,765,845,1729
110997,770,1743,765,848,769,771,1746,849
111000,847,763,845,766,1742,1743,762,1741
111001,770,771,767,692,765,693,772,1746
111009,767,771,769,848,1746,765,772,1743
111010,1746,770,848,769,772,767,849,693
111011,1746,771,852,775,769,693,848,774
111015,1737,777,701,774,851,775,697,778
111016,775,697,773,695,772,852,693,696
111019,774,852,853,772,854,697,773,851
111022,778,777,779,700,701,855,856,1730
111023,701,776,778,700,1737,773,779,855
111024,779,855,856,776,777,857,1737,701
111025,855,778,856,857,776,777,783,1737
111030,783,1730,702,703,776,781,698,779
111031,782,784,703,780,705,783,704,787
111032,781,784,1821,787,1924,703,783,933
111034,780,859,779,857,1730,782,781,855
111037,781,705,787,782,1921,785,706,704
111038,786,787,706,784,790,705,862,860
111039,785,787,790,862,706,860,788,861
111040,785,786,784,860,706,782,1924,1930
111041,790,709,791,708,789,786,862,707
111044,793,792,791,866,709,863,794,1877
111045,788,791,862,786,709,789,785,708
111046,789,793,790,863,866,862,788,709
111047,793,789,1877,794,866,1876,709,791
111048,789,866,792,794,863,791,1877,709
111051,866,793,792,867,789,863,1738,1877
111052,1922,796,1923,1738,713,1925,712,1903
111053,795,1923,1922,871,1925,1738,713,1926
111054,798,718,717,715,799,716,1905,714
111059,797,718,717,799,1905,715,716,714
111060,797,798,717,718,716,714,715,711
111062,722,721,719,720,801,876,1919,651
111065,876,1905,872,1927,800,875,722,798
111074,723,720,800,877,655,653,654,651
111086,879,804,723,878,802,806,655,654
111087,879,803,806,880,883,878,957,960
111088,724,807,880,806,725,881,882,1920
111090,880,807,804,883,805,882,881,959
111091,805,880,881,806,882,724,883,725
111094,884,885,809,812,887,886,965,966
111095,884,808,887,885,962,725,886,812
111096,730,811,729,733,815,731,734,814
111098,815,810,817,889,892,730,891,890
111099,885,888,1880,808,886,967,731,889
111100,816,736,814,818,734,738,893,891
111101,734,813,815,817,891,733,816,736
111102,817,811,891,814,892,810,734,733
111105,813,893,818,814,736,891,738,817
111108,891,892,815,1822,814,1823,811,816
111110,738,816,893,813,820,736,737,819
111111,820,823,894,895,737,897,824,818
111112,819,823,818,895,894,737,738,893
111116,741,827,822,739,826,745,742,744
111118,827,896,821,741,824,826,742,745
111120,894,819,824,897,820,895,742,898
111122,897,823,894,896,898,822,742,819
111123,828,826,745,744,749,748,827,901
111124,745,825,828,827,744,821,741,822
111125,822,821,826,741,745,896,825,828
111126,825,826,901,745,831,827,749,744
111127,830,749,1818,831,747,748,751,746
111129,1818,829,751,832,902,831,749,747
111131,901,828,749,829,825,830,903,1881
111134,751,1818,1820,830,1819,747,833,750
111136,1819,1820,836,1879,832,834,750,1928
111139,836,753,835,754,833,1819,1928,1879
111140,754,834,905,757,753,836,1928,758
111141,833,1928,834,1819,1820,1879,906,835
111143,908,984,907,758,756,755,1052,683
111656,839,1824,759,840,1739,761,1904,909
111657,838,840,1739,761,1904,760,1740,759
111658,1739,1740,761,1904,1731,760,839,843
111660,842,1734,1735,1732,1733,844,843,910
111664,841,844,910,843,911,1734,1735,913
111667,911,844,910,912,842,1740,840,1739
111672,910,911,842,843,913,912,841,989
111675,763,1741,768,1742,762,847,764,846
111683,914,918,1742,847,916,845,1741,768
111690,768,845,763,1742,1743,846,766,918
111703,1746,771,849,770,767,922,850,772
111706,919,922,848,1745,1744,1746,850,921
111723,922,924,1746,848,925,849,852,923
111724,1737,853,858,856,773,854,775,778
111726,853,775,854,772,1929,774,850,1746
111727,854,852,775,1929,851,926,1737,774
111728,853,1929,852,926,927,775,851,850
111730,779,856,778,857,776,777,858,1737
111731,855,778,779,857,858,1737,851,777
111732,855,779,856,778,929,930,858,776
111733,930,856,931,851,857,928,855,778
111735,934,783,1821,929,935,933,857,1005
111739,861,1930,1825,865,862,787,786,936
111741,860,1930,865,1931,862,938,1825,1882
111743,865,790,791,786,861,938,860,788
111747,866,864,939,793,791,940,789,794
111751,939,863,938,940,865,1931,866,791
111752,938,1931,861,862,1882,864,860,1930
111753,793,863,794,789,792,791,864,940
111754,868,1925,1738,1923,869,794,1922,1932
111757,867,1925,869,1923,1738,1926,1932,871
111761,868,1926,1925,941,867,944,1932,945
111763,871,1926,873,944,874,796,799,1925
111764,1926,870,1925,796,944,1923,869,868
111769,875,1905,801,873,1927,874,876,949
111770,874,872,1905,870,875,950,798,799
111771,950,873,875,872,949,870,1905,951
111772,949,872,874,1927,951,950,873,1905
111773,801,1927,872,877,1905,875,800,949
111775,876,1927,953,952,955,801,800,802
111780,956,879,1019,953,958,1023,957,803
111781,804,803,878,957,958,723,956,806
111783,806,807,883,882,881,805,959,960
111784,882,807,880,883,805,959,806,964
111785,881,883,959,807,880,960,964,806
111786,959,960,882,880,961,806,881,807
111787,809,808,887,885,886,962,966,965
111788,886,808,812,965,884,966,887,1880
111795,965,966,885,967,1880,812,888,808
111798,962,884,809,966,885,808,965,886
111800,1880,889,967,812,968,890,886,811
111802,890,888,1880,811,968,967,892,971
111805,889,971,892,968,1822,1823,972,811
111807,817,892,1822,815,1823,814,811,816
111809,1822,891,817,1823,890,971,815,811
111811,816,818,820,895,1826,813,738,819
111813,823,897,819,824,895,898,820,896
111814,894,820,819,823,974,893,897,1826
111817,822,824,898,899,897,827,821,977
111819,894,898,824,823,896,895,819,899
111821,897,899,824,896,894,823,822,977
111822,898,977,896,978,897,824,900,979
111824,1881,977,901,978,980,828,899,903
111825,831,828,1881,900,903,825,826,749
111826,904,1883,830,1818,903,832,1820,831
111828,1881,981,901,1883,831,902,982,900
111829,902,1820,1883,832,833,830,983,1818
111831,907,835,906,1928,754,834,836,908
111832,1928,905,836,834,835,833,1051,907
111833,908,905,984,1051,835,1052,906,754
111834,984,907,905,1052,837,1051,835,758
112280,987,1824,1827,988,1055,912,986,838
112282,911,844,913,912,842,843,989,917
112284,910,912,844,843,913,989,842,841
112287,911,910,989,913,843,844,1827,991
112290,989,910,917,990,911,912,844,994
112292,918,846,916,1742,1828,920,847,915
112295,917,993,916,914,994,846,913,1742
112299,1828,993,914,918,846,995,915,920
112302,994,915,990,913,993,989,1748,1059
112303,914,846,1742,847,916,920,1828,1744
112305,1745,849,1744,922,921,923,848,920
112311,1828,918,921,914,996,916,1745,1744
112312,996,998,923,919,1884,922,1745,920
112314,849,850,919,923,848,921,1745,1746
112317,921,998,922,996,924,919,997,925
112318,925,997,850,923,927,926,1933,922
112319,924,997,927,926,1933,850,923,1000
112323,1929,927,854,925,928,924,853,997
112324,926,1929,925,1000,924,928,854,997
112325,931,927,926,1001,1929,858,930,1004
112328,932,857,859,935,930,1002,931,934
112329,858,931,1002,929,857,932,928,856
112330,1002,930,1003,858,928,932,1004,929
112331,929,1002,1003,931,935,930,934,1005
112332,1821,934,1924,936,1005,859,937,935
112333,935,933,859,1005,1821,929,1006,1007
112335,1005,934,1007,932,929,859,933,1008
112337,1924,937,1825,1930,933,1821,860,1829
112339,936,1825,1829,1924,1009,1930,933,1006
112340,865,1931,864,1882,862,939,861,863
112341,864,940,863,942,938,866,1932,1931
112344,939,942,1932,864,863,866,943,794
112347,943,1932,1011,869,947,948,942,945
112349,940,1932,1012,939,943,941,864,1886
112350,941,1011,1932,947,942,869,1012,1013
112352,945,1926,948,947,946,869,871,870
112355,944,948,947,946,1926,869,1014,941
112356,945,1014,948,944,947,950,1016,874
112357,948,945,1749,944,941,943,946,869
112358,947,945,944,946,1749,1014,941,869
112359,951,875,952,1927,872,950,874,876
112361,874,875,949,946,951,873,872,870
112362,949,952,875,1927,954,950,874,872
112366,954,951,1927,949,1017,875,876,877
112368,955,1017,1020,877,954,956,1021,952
112369,1017,952,955,951,1018,953,949,1927
112371,953,1017,954,1020,1021,952,1018,877
112373,1019,878,1020,1023,958,953,1021,957
112377,958,1023,1022,961,960,1019,956,1093
112378,957,1023,1022,1019,956,1093,1092,961
112380,883,960,961,882,1024,880,1022,881
112381,959,961,883,1022,1024,957,882,880
112382,960,1022,1024,959,1025,883,957,958
112383,963,887,1027,966,884,964,1031,965
112385,962,1027,964,1029,1026,1028,887,1031
112386,1026,1028,963,1098,962,1027,1029,882
112387,966,886,885,967,1030,1880,887,1031
112388,965,886,885,967,887,1031,1030,962
112391,1880,888,968,886,965,969,889,966
112395,969,970,967,1034,1880,889,890,888
112399,1034,968,970,1030,1037,967,1035,1036
112409,1035,968,969,1036,1034,1038,972,1750
112412,972,1823,890,1747,1822,892,1038,970
112418,971,1747,1038,1750,970,1035,1039,1823
112419,975,1826,974,1039,1747,1833,976,1038
112422,975,1826,976,895,973,1041,893,1833
112423,974,973,1826,976,1833,1889,1832,1041
112425,1041,979,1889,1043,974,1832,975,1833
112426,978,899,900,980,896,1881,898,1042
112427,977,980,899,900,1042,1881,982,898
112430,1043,1041,976,1042,1044,1889,1832,1045
112431,978,982,977,900,1881,1110,1111,899
112432,1883,903,982,983,1046,1881,902,980
112433,980,981,1881,903,900,1111,1110,978
112434,1047,1883,1048,1046,1049,981,904,902
112436,908,1052,907,837,1051,905,835,758
112990,1053,986,988,1054,1824,987,909,838
112991,988,1053,985,987,1054,1824,909,1055
112992,909,988,1824,1827,986,1055,1056,838
112993,986,987,1055,1824,909,1056,1053,1827
112994,913,990,991,912,910,994,917,911
112998,994,989,917,913,991,1057,1059,992
113003,992,989,990,1057,1058,1827,913,994
113008,991,1058,1057,1827,989,990,1753,1055
113009,916,915,1828,917,995,1748,994,914
113012,990,917,1059,1748,989,913,993,1057
113013,1885,1828,993,916,1064,1062,1748,1060
113019,998,921,1884,923,920,999,1068,919
113025,925,924,1933,999,923,927,1000,926
113027,996,921,923,1884,999,1068,997,919
113028,1068,1067,998,997,1933,1069,923,996
113034,1933,1071,927,1001,1072,997,1067,925
113035,1004,1075,1000,1073,928,1071,1076,1072
113040,1003,931,932,1004,930,929,1075,928
113044,1002,931,932,1004,1074,1075,930,929
113048,1075,1001,1003,1002,931,1076,928,1073
113051,935,1007,1006,934,1008,933,1829,932
113052,1005,1007,1829,1009,1008,933,937,935
113054,1008,1005,1006,935,1078,1079,934,1834
113055,1007,1078,1005,1074,1006,935,1079,932
113059,1829,1835,1834,1010,937,1890,1006,1891
113061,1009,1830,1837,1829,1890,1835,937,1834
113063,1013,943,941,1012,1749,1081,1751,947
113064,942,1011,1886,1751,1013,943,1082,941
113066,1081,1011,1751,1083,1749,1015,1012,1084
113067,1016,946,1839,948,1749,947,1015,945
113069,1749,1081,1840,1016,1013,947,1014,1011
113070,1839,1014,1840,1015,1831,1749,1085,946
113074,954,1018,955,952,953,951,1021,1020
113078,1017,954,1086,1090,1089,955,1088,952
113084,956,1023,1092,1020,958,1093,1021,957
113085,1021,1091,1019,956,955,953,1092,1017
113087,1091,1020,955,1019,1088,956,953,1017
113090,961,957,958,960,1023,1025,1094,1024
113091,958,1019,957,1093,1092,956,1022,1095
113094,1025,961,1096,960,959,1097,1022,1094
113103,1024,1096,1094,961,1097,1022,960,959
113104,1028,964,1098,1029,963,1027,1100,1097
113106,1029,963,962,1031,1033,1026,1099,1032
113107,1026,1098,964,1029,963,1100,1097,1027
113109,1027,1099,1026,1028,1098,963,1100,1033
113110,1034,1037,969,1032,1031,1105,1101,965
113112,1032,1033,1030,1102,1101,1027,966,965
113114,1031,1033,1102,1101,1030,1103,1105,1037
113115,1102,1032,1031,1101,1103,1104,1027,1105
113117,969,1037,1030,968,970,1035,1036,1105
113135,1036,970,1750,1040,1038,1034,969,972
113195,1035,1040,970,1750,1038,1037,1034,1752
113198,1034,1030,1105,969,1036,1106,1101,1035
113204,1750,972,1040,1039,1035,1747,970,1036
113212,1750,1040,1038,1752,972,1747,973,1035
113219,1750,1038,1039,1752,1036,1035,972,970
113227,1889,1832,1043,1044,979,976,1833,1045
113240,1043,1045,979,1044,1041,1109,978,1889
113241,1044,1041,979,1045,1042,1889,1832,976
113244,1043,1045,1041,1832,1889,1109,979,1042
113245,1044,1109,1043,1042,1041,1832,1889,979
113248,1049,1048,983,981,1047,1112,1111,1883
113249,1048,983,1049,1050,1046,1114,1883,1113
113252,1049,1046,1047,983,1113,1112,981,1883
113253,1046,1048,1112,1047,983,1113,981,1111
113254,1114,1047,1115,1048,1113,1051,906,983
113255,1052,1115,907,1050,905,906,984,908
113256,984,1051,908,907,1115,905,837,906
113795,1054,986,985,1116,988,1117,987,1824
113796,1053,1116,1117,986,985,988,1056,1055
113797,1056,1118,1753,988,1827,987,992,1119
113798,1118,1055,1753,1119,988,1175,987,986
113800,1061,1058,991,990,1059,1120,992,994
113801,1057,992,991,1120,1061,1753,1121,1123
113804,1748,1061,994,1060,1057,990,1120,917
113808,1748,1124,1059,1064,1061,1885,1062,995
113810,1059,1120,1057,1121,1748,1060,1058,1122
113816,1064,1066,1885,1935,1065,1063,995,1060
113817,1065,1070,1066,1069,1062,1884,1068,1935
113818,1062,1066,1935,1885,1060,1124,1065,995
113819,1063,1066,1935,1062,1070,1064,1128,1130
113820,1935,1062,1064,1065,1063,1125,1124,1130
113821,1933,999,1068,1071,1072,1069,1131,1000
113822,1069,999,1070,1067,1063,1131,1884,998
113823,1070,1068,1131,1133,1063,1132,999,1129
113825,1069,1131,1133,1128,1129,1063,1068,1065
113827,1072,1000,1933,1067,1754,1001,1073,1136
113828,1071,1754,1067,1073,1000,1933,1136,1135
113829,1135,1076,1075,1077,1754,1072,1136,1001
113830,1078,1008,1003,1077,1137,1075,1138,1004
113834,1004,1076,1077,1001,1073,1003,1135,1074
113836,1077,1075,1073,1135,1004,1001,1137,1139
113840,1076,1075,1137,1135,1073,1139,1074,1138
113843,1008,1074,1079,1142,1007,1080,1138,1143
113844,1080,1834,1835,1891,1078,1141,1007,1890
113847,1079,1141,1891,1834,1835,1890,1892,1078
113849,1013,1015,1749,1084,1083,1011,1751,1085
113851,1751,1838,1083,1012,1886,1888,1013,1084
113853,1084,1751,1082,1152,1081,1013,1153,1838
113855,1083,1152,1081,1751,1013,1153,1082,1085
113857,1840,1015,1839,1016,1081,1087,1154,1084
113859,1090,1831,1018,1087,1089,1839,1155,1159
113861,1839,1831,1154,1840,1016,1085,1086,1155
113866,1157,1089,1158,1091,1160,1159,1090,1162
113867,1158,1088,1090,1157,1159,1160,1018,1205
113868,1089,1159,1158,1086,1156,1018,1088,1157
113869,1021,1020,1088,1157,1089,955,1019,1018
113871,1093,1095,1023,1019,958,1020,956,1021
113873,1092,1095,1023,1019,958,1094,1164,957
113874,1025,1095,1164,1022,1165,1093,1167,1024
113875,1093,1092,1164,1094,1165,1161,1166,1167
113878,1097,1025,1024,1098,1100,1028,1026,1094
113880,1096,1098,1100,1025,1028,1024,1026,1168
113882,1100,1028,1026,1097,1029,1099,1096,964
113884,1029,1100,1169,1098,1104,1027,1033,1028
113885,1098,1099,1097,1028,1029,1096,1026,1169
113887,1103,1102,1105,1033,1032,1104,1031,1106
113888,1033,1101,1103,1104,1032,1031,1105,1030
113889,1101,1102,1105,1104,1033,1107,1106,1032
113890,1102,1103,1033,1101,1099,1032,1169,1105
113892,1101,1106,1037,1103,1107,1030,1102,1032
113895,1107,1105,1103,1101,1037,1036,1756,1102
113897,1106,1105,1103,1101,1756,1037,1102,1217
113905,1172,1758,1833,1832,1889,1757,1109,1044
113907,1045,1044,1043,1042,1832,1889,1041,1833
113910,1111,982,980,1046,981,978,1042,1223
113911,1110,982,980,1046,981,1049,1112,1048
113913,1173,1113,1049,1046,1048,1174,1111,1110
113914,1112,1173,1174,1049,1114,1048,1046,1047
113915,1050,1115,1113,1047,1174,1048,1049,1051
113916,1114,1050,1051,1174,1052,1113,1047,906
114300,1117,1054,1053,986,985,988,1056,1118
114301,1116,1054,1053,986,985,1056,988,1175
114303,1056,1753,1119,1055,1175,1176,1058,992
114304,1753,1118,1056,1058,1175,1177,1055,1176
114305,1121,1061,1122,1123,1057,1126,1058,1059
114306,1120,1122,1123,1126,1061,1178,1127,1057
114308,1121,1123,1126,1120,1178,1127,1177,1759
114310,1122,1121,1178,1120,1177,1126,1759,1061
114315,1125,1060,1179,1127,1935,1064,1066,1126
114317,1124,1179,1130,1935,1127,1066,1842,1064
114319,1127,1122,1121,1123,1120,1178,1124,1179
114321,1126,1179,1124,1842,1122,1125,1121,1844
114330,1129,1180,1133,1070,1131,1065,1069,1063
114339,1128,1133,1180,1070,1131,1069,1134,1132
114354,1125,1845,1179,1935,1180,1842,1066,1065
114355,1132,1133,1069,1070,1134,1129,1128,1068
114358,1131,1134,1133,1069,1070,1182,1129,1183
114361,1129,1131,1128,1132,1134,1070,1069,1182
114377,1132,1182,1183,1133,1131,1184,1129,1128
114381,1073,1076,1136,1077,1754,1186,1185,1075
114382,1754,1135,1073,1186,1072,1185,1071,1183
114388,1138,1139,1077,1140,1187,1142,1076,1074
114389,1137,1140,1142,1139,1187,1143,1188,1077
114391,1137,1138,1187,1140,1077,1188,1185,1190
114393,1187,1143,1138,1142,1188,1137,1189,1191
114394,1144,1080,1891,1145,1892,1146,1079,1890
114396,1143,1138,1140,1078,1137,1187,1080,1139
114398,1142,1140,1138,1191,1761,1187,1144,1141
114399,1141,1146,1193,1145,1761,1080,1143,1891
114400,1892,1146,1891,1890,1141,1144,1835,1080
114402,1145,1193,1892,1144,1192,1141,1194,1891
114404,1192,1150,1197,1199,1198,1196,1149,1195
114406,1151,1153,1149,1838,1082,1934,1150,1083
114408,1150,1934,1151,1148,1197,1147,1837,1198
114409,1197,1149,1147,1198,1199,1151,1148,1192
114410,1148,1149,1150,1198,1153,1197,1200,1199
114413,1084,1153,1083,1081,1751,1148,1085,1082
114414,1152,1148,1151,1083,1084,1082,1838,1751
114415,1087,1203,1201,1085,1155,1840,1202,1839
114419,1203,1156,1204,1205,1154,1159,1201,1241
114420,1155,1204,1205,1203,1159,1207,1767,1158
114423,1088,1158,1089,1160,1159,1162,1090,1206
114424,1159,1089,1160,1157,1090,1205,1088,1156
114427,1158,1205,1160,1090,1089,1156,1157,1207
114429,1158,1206,1159,1205,1157,1207,1208,1089
114431,1166,1163,1210,1164,1165,1212,1167,1095
114432,1209,1157,1211,1088,1160,1206,1163,1161
114434,1210,1166,1161,1212,1165,1164,1167,1211
114438,1165,1166,1167,1161,1212,1163,1095,1210
114440,1164,1167,1166,1212,1161,1163,1210,1095
114442,1161,1163,1210,1165,1164,1212,1167,1213
114443,1165,1212,1164,1166,1161,1163,1210,1213
114451,1215,1216,1214,1167,1165,1212,1164,1094
114453,1099,1104,1100,1029,1102,1098,1245,1103
114476,1755,1171,1752,1756,1217,1040,1757,1106
114497,1755,1170,1757,1762,1172,1752,1756,1219
114498,1757,1758,1108,1220,1762,1171,1218,1219
114503,1112,1113,1174,1224,1049,1046,1048,1114
114504,1113,1173,1114,1112,1050,1049,1115,1048
114753,1176,1118,1119,1753,1056,1177,1055,1841
114754,1175,1118,1119,1753,1056,1177,1252,1841
114755,1178,1123,1759,1841,1122,1121,1120,1119
114756,1759,1177,1123,1122,1841,1126,1121,1844
114758,1842,1125,1127,1845,1130,1124,1843,1126
114761,1128,1129,1181,1760,1133,1130,1225,1226
114768,1760,1225,1226,1763,1180,1227,1845,1128
114772,1184,1134,1183,1228,1133,1229,1132,1129
114773,1184,1182,1134,1228,1229,1132,1233,1133
114779,1183,1228,1182,1229,1134,1233,1132,1133
114783,1186,1190,1231,1139,1135,1234,1136,1137
114784,1185,1231,1190,1136,1135,1139,1234,1232
114789,1188,1140,1189,1139,1138,1137,1191,1143
114795,1189,1187,1140,1191,1190,1139,1234,1138
114799,1188,1187,1191,1140,1190,1234,1237,1139
114801,1234,1185,1236,1235,1231,1188,1186,1189
114805,1237,1761,1189,1188,1143,1140,1187,1142
114810,1195,1147,1194,1196,1193,1146,1765,1199
114811,1194,1146,1764,1195,1192,1144,1761,1145
114819,1195,1764,1193,1192,1766,1196,1238,1146
114822,1194,1196,1192,1238,1193,1764,1766,1765
114829,1765,1195,1238,1192,1194,1199,1240,1147
114833,1199,1198,1150,1147,1149,1765,1151,1196
114834,1199,1197,1150,1200,1765,1151,1239,1147
114836,1197,1198,1765,1150,1147,1196,1240,1239
114838,1239,1198,1151,1199,1197,1261,1240,1150
114842,1202,1241,1203,1154,1155,1767,1204,1156
114843,1201,1241,1203,1154,1767,1155,1770,1204
114844,1155,1156,1201,1241,1204,1154,1767,1202
114847,1207,1767,1156,1205,1241,1155,1203,1159
114850,1207,1159,1204,1156,1160,1206,1158,1208
114855,1208,1160,1207,1205,1159,1158,1204,1157
114857,1205,1204,1206,1208,1160,1767,1156,1159
114861,1206,1207,1160,1205,1242,1204,1767,1159
114862,1162,1211,1210,1163,1161,1157,1166,1243
114864,1163,1166,1161,1212,1165,1164,1213,1211
114865,1209,1210,1163,1162,1243,1161,1166,1213
114869,1166,1167,1165,1210,1163,1164,1213,1161
114871,1212,1210,1214,1163,1166,1167,1165,1161
114872,1216,1215,1213,1212,1167,1168,1165,1166
114873,1168,1216,1214,1167,1212,1165,1213,1164
114879,1214,1215,1168,1213,1167,1212,1165,1164
114887,1756,1755,1170,1107,1106,1171,1246,1268
114892,1219,1762,1247,1220,1248,1757,1758,1172
114893,1247,1762,1218,1757,1248,1249,1246,1220
114896,1758,1218,1172,1762,1757,1219,1247,1222
114899,1223,1222,1251,1224,1250,1274,1110,1758
114900,1250,1221,1251,1220,1758,1223,1274,1218
114902,1221,1224,1222,1110,1111,1251,1112,1173
114903,1223,1173,1221,1112,1174,1113,1251,1294
115253,1760,1226,1763,1181,1227,1230,1180,1845
115254,1763,1225,1760,1227,1181,1230,1180,1229
115257,1763,1226,1225,1230,1760,1181,1768,1229
115261,1184,1229,1183,1182,1233,1768,1134,1230
115268,1228,1768,1184,1230,1182,1227,1763,1226
115282,1768,1227,1253,1229,1763,1226,1254,1225
115284,1232,1235,1190,1234,1186,1236,1185,1255
115293,1231,1255,1233,1256,1235,1236,1234,1186
115297,1232,1228,1184,1229,1255,1231,1183,1768
115444,1190,1236,1235,1231,1189,1188,1185,1187
115445,1236,1234,1256,1231,1190,1255,1258,1232
115447,1235,1234,1256,1190,1231,1255,1258,1257
115460,1191,1761,1189,1188,1764,1257,1187,1140
115465,1196,1765,1240,1195,1766,1194,1260,1764
115468,1240,1200,1261,1765,1198,1199,1197,1238
115469,1765,1239,1238,1196,1199,1198,1195,1197
115476,1767,1201,1202,1204,1203,1770,1155,1156
115480,1243,1244,1263,1208,1264,1206,1266,1211
115483,1244,1242,1264,1265,1211,1263,1266,1209
115484,1243,1264,1265,1242,1266,1263,1211,1288
115502,1169,1289,1267,1099,1100,1216,1104,1324
115513,1249,1268,1269,1272,1247,1219,1270,1273
115514,1219,1762,1218,1248,1757,1249,1246,1272
115515,1247,1218,1219,1272,1273,1249,1762,1246
115516,1246,1272,1268,1269,1273,1247,1270,1219
115517,1251,1222,1274,1220,1221,1218,1758,1248
115521,1274,1250,1222,1294,1221,1223,1220,1224
116092,1295,1176,1175,1841,1117,1118,1119,1177
116104,1254,1768,1230,1276,1277,1275,1227,1229
116105,1253,1276,1277,1279,1768,1230,1275,1278
116121,1256,1232,1235,1236,1231,1258,1233,1234
116123,1255,1258,1235,1236,1232,1231,1234,1233
116126,1259,1280,1258,1236,1235,1234,1237,1189
116128,1256,1259,1281,1257,1236,1235,1255,1280
116129,1257,1280,1258,1283,1281,1282,1236,1235
116131,1766,1764,1238,1194,1847,1195,1848,1196
116132,1239,1769,1200,1240,1774,1765,1198,1199
116138,1770,1771,1285,1286,1767,1263,1287,1208
116140,1266,1242,1244,1243,1286,1264,1262,1265
116143,1265,1244,1243,1266,1242,1288,1263,1772
116145,1264,1244,1266,1288,1243,1772,1263,1849
116146,1263,1244,1265,1849,1288,1264,1243,1242
116161,1271,1850,1291,1329,1290,1330,1268,1269
116163,1269,1246,1249,1270,1272,1290,1291,1271
116164,1268,1270,1246,1249,1272,1290,1291,1271
116165,1290,1269,1292,1268,1291,1272,1293,1249
116166,1291,1267,1850,1290,1270,1329,1269,1268
116167,1249,1273,1246,1269,1268,1270,1248,1293
116168,1272,1293,1249,1270,1248,1292,1269,1246
116169,1251,1294,1250,1222,1221,1223,1224,1220
116436,1277,1278,1297,1298,1276,1253,1279,1254
116437,1254,1279,1277,1296,1253,1278,1297,1275
116438,1278,1275,1276,1279,1297,1254,1296,1253
116439,1297,1277,1279,1298,1275,1296,1276,1299
116443,1296,1276,1297,1278,1277,1254,1298,1275
116445,1259,1283,1281,1257,1282,1303,1258,1304
116447,1303,1280,1258,1304,1259,1340,1300,1301
116449,1283,1847,1306,1848,1280,1773,1307,1305
116451,1282,1280,1306,1847,1259,1304,1307,1303
116455,1773,1848,1769,1305,1309,1347,1260,1348
116458,1771,1286,1262,1314,1287,1770,1316,1317
116462,1287,1285,1316,1262,1263,1314,1315,1266
116464,1316,1286,1317,1314,1315,1285,1849,1358
116468,1849,1318,1265,1266,1315,1264,1319,1244
116514,1328,1324,1327,1326,1362,1331,1330,1325
116516,1291,1270,1292,1271,1850,1269,1268,1267
116517,1290,1271,1850,1270,1292,1267,1329,1269
116519,1290,1270,1293,1291,1332,1273,1269,1850
116521,1273,1292,1332,1270,1272,1290,1269,1249
116522,1274,1251,1250,1221,1224,1222,1223,1248
117107,1252,1176,1175,1841,1759,1177,1844,1178
117108,1279,1297,1276,1278,1277,1298,1299,1254
117109,1278,1298,1279,1296,1277,1299,1276,1275
117111,1299,1297,1278,1277,1333,1275,1279,1296
117114,1298,1333,1297,1278,1334,1296,1279,1335
117119,1301,1302,1336,1337,1298,1299,1340,1333
117122,1300,1302,1336,1337,1298,1299,1340,1333
117198,1300,1301,1336,1340,1337,1338,1339,1369
117203,1304,1281,1280,1308,1283,1340,1306,1341
117208,1303,1308,1306,1281,1283,1280,1307,1344
117211,1773,1848,1307,1306,1282,1345,1284,1308
117212,1307,1308,1283,1282,1305,1304,1344,1773
117216,1306,1308,1344,1305,1345,1304,1346,1283
117217,1307,1306,1344,1304,1346,1303,1345,1283
117219,1310,1349,1347,1348,1769,1774,1284,1851
117220,1309,1349,1851,1348,1350,1774,1351,1347
117221,1353,1354,1313,1852,1312,1352,1853,1851
117228,1313,1352,1353,1356,1354,1357,1311,1381
117229,1312,1352,1353,1354,1311,1356,1381,1357
117230,1316,1285,1287,1317,1355,1356,1286,1358
117233,1318,1849,1316,1287,1317,1319,1358,1286
117234,1287,1317,1314,1315,1358,1286,1285,1849
117235,1358,1316,1359,1287,1315,1314,1355,1286
117245,1849,1315,1319,1288,1266,1316,1287,1317
117248,1318,1315,1849,1288,1360,1323,1385,1388
117249,1322,1321,1323,1325,1360,1361,1772,1326
117255,1325,1320,1322,1361,1326,1323,1324,1360
117256,1320,1323,1321,1360,1361,1325,1772,1319
117259,1360,1322,1320,1321,1319,1388,1361,1390
117263,1326,1327,1325,1289,1362,1328,1321,1893
117276,1321,1326,1324,1320,1327,1361,1322,1362
117278,1327,1324,1325,1362,1321,1363,1893,1779
117279,1362,1326,1324,1893,1363,1328,1391,1289
117283,1289,1331,1330,1327,1362,1324,1893,1326
117286,1850,1330,1331,1291,1271,1267,1290,1292
117287,1331,1329,1850,1328,1267,1271,1291,1289
117288,1330,1328,1329,1850,1289,1392,1893,1267
117293,1293,1292,1273,1270,1290,1291,1272,1269
117656,1334,1299,1335,1906,1337,1298,1365,1364
117661,1906,1335,1333,1365,1337,1369,1364,1367
117663,1365,1364,1906,1334,1333,1367,1366,1369
117674,1302,1338,1340,1339,1337,1300,1301,1343
117694,1369,1339,1370,1334,1906,1333,1336,1302
117705,1339,1336,1343,1340,1374,1370,1372,1373
117706,1370,1369,1337,1338,1336,1372,1371,1906
117770,1336,1343,1341,1338,1302,1342,1373,1303
117792,1342,1343,1373,1340,1374,1375,1338,1376
117795,1341,1343,1373,1375,1340,1374,1346,1376
117797,1341,1373,1342,1374,1340,1338,1376,1375
117803,1346,1308,1307,1377,1345,1306,1304,1378
117804,1344,1346,1307,1377,1775,1308,1378,1305
117810,1377,1344,1345,1378,1379,1308,1307,1342
117812,1348,1349,1309,1310,1380,1284,1305,1345
117813,1347,1349,1309,1380,1310,1351,1350,1776
117817,1310,1309,1348,1347,1351,1350,1380,1851
117820,1351,1851,1380,1349,1310,1854,1853,1348
117821,1350,1851,1380,1349,1310,1854,1348,1853
117825,1313,1312,1353,1356,1381,1357,1354,1383
117826,1354,1313,1311,1352,1852,1312,1381,1853
117827,1353,1852,1313,1311,1381,1352,1312,1853
117829,1356,1357,1382,1314,1383,1358,1317,1359
117830,1357,1355,1352,1383,1312,1382,1313,1314
117831,1383,1356,1355,1382,1381,1352,1312,1384
117834,1317,1359,1316,1355,1315,1385,1314,1382
117835,1358,1317,1386,1385,1382,1384,1387,1355
117838,1323,1322,1388,1320,1319,1390,1361,1321
117839,1779,1321,1322,1326,1325,1320,1360,1390
117844,1327,1893,1363,1391,1326,1779,1324,1392
117845,1893,1391,1362,1327,1392,1779,1855,1393
118059,1365,1335,1366,1906,1334,1368,1367,1333
118060,1364,1335,1906,1367,1334,1366,1371,1368
118062,1368,1364,1365,1335,1906,1367,1334,1333
118065,1371,1395,1906,1365,1369,1396,1370,1335
118067,1366,1364,1365,1335,1781,1367,1906,1780
118071,1370,1337,1339,1906,1334,1367,1371,1365
118113,1369,1339,1337,1371,1367,1396,1906,1338
118119,1395,1367,1396,1370,1369,1906,1780,1365
118121,1376,1374,1396,1338,1370,1398,1339,1373
118135,1374,1343,1376,1375,1341,1398,1342,1338
118143,1376,1373,1398,1343,1372,1375,1338,1341
118147,1373,1398,1399,1342,1374,1376,1343,1341
118153,1374,1398,1373,1372,1375,1397,1343,1400
118158,1346,1379,1378,1344,1401,1345,1342,1308
118167,1379,1401,1377,1346,1775,1777,1345,1423
118169,1401,1378,1377,1346,1399,1375,1423,1344
118177,1351,1350,1403,1348,1349,1404,1402,1776
118183,1383,1352,1354,1357,1407,1313,1353,1356
118185,1384,1383,1357,1355,1359,1386,1356,1358
118186,1357,1382,1381,1356,1355,1384,1407,1352
118188,1382,1386,1410,1383,1411,1409,1359,1357
118189,1387,1359,1386,1411,1358,1414,1413,1412
118191,1411,1384,1387,1359,1412,1385,1382,1410
118192,1385,1411,1386,1413,1412,1414,1359,1778
118193,1778,1389,1414,1415,1416,1390,1783,1360
118195,1415,1783,1778,1388,1390,1416,1782,1417
118198,1783,1417,1389,1415,1418,1782,1388,1778
118199,1363,1893,1855,1392,1362,1393,1779,1394
118209,1393,1394,1855,1391,1893,1363,1362,1327
118211,1392,1394,1855,1391,1893,1363,1362,1327
118214,1393,1392,1855,1391,1893,1363,1362,1443
118412,1371,1396,1367,1780,1370,1369,1906,1365
118415,1395,1371,1367,1780,1370,1372,1369,1419
118422,1400,1894,1420,1398,1376,1895,1372,1421
118424,1376,1374,1375,1373,1397,1400,1894,1399
118436,1375,1398,1894,1379,1400,1401,1397,1376
118475,1894,1397,1420,1398,1895,1376,1399,1421
118481,1379,1378,1377,1423,1425,1399,1424,1346
118593,1404,1403,1426,1432,1776,1427,1429,1380
118612,1404,1402,1426,1432,1776,1380,1427,1430
118615,1403,1402,1426,1432,1427,1776,1429,1430
118621,1406,1853,1854,1787,1408,1852,1788,1431
118629,1405,1787,1788,1408,1853,1854,1431,1430
118632,1409,1381,1383,1408,1357,1384,1382,1410
118634,1406,1407,1405,1787,1381,1409,1852,1853
118639,1407,1410,1433,1384,1383,1382,1412,1408
118640,1433,1409,1412,1384,1434,1411,1386,1435
118642,1412,1386,1387,1434,1410,1413,1385,1384
118643,1434,1411,1413,1410,1435,1386,1433,1387
118644,1412,1436,1387,1437,1434,1411,1414,1416
118645,1778,1416,1388,1415,1389,1413,1437,1387
118646,1389,1416,1778,1782,1783,1388,1417,1390
118647,1778,1414,1415,1389,1437,1782,1388,1783
118651,1418,1783,1782,1390,1784,1440,1415,1389
118653,1417,1782,1440,1784,1783,1856,1441,1415
118871,1422,1421,1450,1780,1396,1451,1420,1397
118874,1894,1400,1397,1895,1421,1398,1419,1376
118879,1422,1419,1450,1420,1452,1451,1397,1400
118880,1450,1419,1421,1451,1452,1453,1780,1447
119100,1424,1425,1401,1785,1378,1428,1777,1379
119122,1423,1425,1785,1401,1458,1457,1428,1937
119210,1424,1423,1785,1457,1937,1401,1458,1896
119859,1402,1427,1432,1429,1404,1403,1428,1789
119889,1429,1432,1786,1426,1789,1402,1404,1465
119918,1789,1460,1429,1426,1427,1461,1432,1423
120031,1427,1432,1789,1786,1426,1428,1460,1465
120225,1431,1788,1786,1854,1404,1403,1432,1463
120233,1430,1788,1463,1467,1464,1786,1790,1432
120236,1427,1429,1786,1426,1789,1404,1402,1403
120249,1410,1434,1938,1409,1412,1435,1411,1857
120252,1412,1435,1433,1411,1410,1413,1436,1938
120253,1434,1938,1436,1412,1433,1410,1413,1500
120254,1438,1435,1413,1434,1437,1858,1412,1938
120255,1438,1416,1413,1439,1436,1414,1415,1468
120258,1437,1439,1436,1468,1469,1413,1416,1858
120259,1468,1441,1440,1438,1469,1437,1782,1418
120264,1782,1441,1418,1439,1417,1784,1856,1783
120267,1440,1439,1468,1782,1418,1469,1856,1784
120272,1443,1444,1856,1784,1792,1855,1418,1779
120274,1442,1444,1792,1855,1856,1784,1394,1391
120276,1443,1792,1442,1856,1784,1418,1441,1440
120430,1446,1449,1470,1474,1471,1448,1447,1943
120436,1445,1449,1447,1448,1474,1470,1943,1471
120439,1448,1474,1449,1453,1451,1446,1943,1452
120442,1447,1474,1449,1943,1446,1453,1944,1451
120445,1474,1943,1445,1446,1448,1447,1470,1471
120446,1452,1451,1422,1453,1421,1419,1447,1793
120449,1453,1450,1452,1422,1447,1421,1448,1419
120450,1450,1453,1451,1422,1421,1793,1447,1419
120453,1451,1452,1450,1447,1422,1448,1793,1945
120459,1936,1896,1455,1895,1457,1937,1459,1475
120484,1937,1457,1936,1459,1896,1454,1475,1477
120522,1897,1794,1907,1796,1860,1895,1454,1475
120525,1937,1455,1896,1936,1785,1459,1454,1477
120723,1785,1478,1482,1424,1425,1460,1937,1479
120766,1477,1475,1455,1937,1478,1476,1457,1479
121048,1461,1789,1462,1482,1428,1483,1429,1481
121229,1460,1462,1789,1483,1482,1481,1429,1485
121295,1461,1460,1483,1481,1789,1485,1482,1465
121368,1464,1467,1790,1487,1788,1431,1490,1492
121393,1467,1463,1790,1487,1788,1490,1431,1492
121397,1466,1485,1486,1481,1786,1462,1488,1429
121425,1486,1485,1465,1481,1488,1462,1786,1484
121444,1464,1463,1790,1788,1487,1431,1490,1492
121454,1439,1469,1441,1438,1440,1437,1502,1782
121457,1468,1439,1502,1501,1441,1530,1438,1858
121602,1471,1472,1473,1505,1449,1445,1503,1943
121605,1470,1472,1473,1505,1503,1449,1504,1943
121607,1473,1471,1470,1505,1503,1504,1943,1506
121608,1472,1471,1470,1503,1504,1505,1943,1531
121613,1943,1449,1448,1447,1944,1505,1506,1945
121679,1476,1459,1477,1455,1936,1478,1937,1479
121755,1475,1477,1459,1897,1862,1479,1478,1455
121991,1459,1478,1475,1479,1476,1455,1937,1480
121999,1479,1477,1459,1480,1475,1476,1937,1455
122040,1478,1480,1477,1459,1512,1476,1511,1475
122094,1479,1512,1511,1478,1477,1513,1510,1545
122145,1485,1486,1466,1462,1465,1488,1484,1483
122157,1483,1461,1460,1462,1458,1484,1481,1789
122166,1462,1482,1484,1461,1481,1460,1485,1488
122201,1488,1483,1481,1515,1516,1485,1486,1462
122210,1486,1466,1481,1465,1488,1462,1484,1483
122219,1485,1466,1481,1465,1488,1484,1462,1519
122238,1492,1489,1464,1463,1790,1467,1490,1520
122283,1486,1519,1484,1485,1481,1515,1466,1521
122287,1519,1520,1487,1492,1488,1486,1466,1485
122289,1491,1790,1791,1493,1492,1487,1464,1467
122290,1490,1493,1791,1523,1492,1790,1497,1524
122293,1487,1489,1490,1520,1524,1493,1491,1790
122294,1491,1523,1490,1524,1492,1791,1525,1497
122297,1496,1495,1498,1497,1526,1857,1527,1528
122298,1497,1494,1496,1498,1791,1491,1493,1523
122300,1494,1495,1497,1498,1526,1528,1527,1561
122301,1495,1496,1494,1493,1523,1491,1791,1498
122303,1494,1496,1857,1526,1495,1527,1528,1499
122307,1898,1899,1939,1940,1500,1527,1528,1529
122309,1898,1939,1499,1940,1899,1938,1858,1857
122314,1530,1502,1469,1468,1858,1441,1439,1568
122326,1501,1530,1469,1468,1441,1439,1792,1858
122499,1504,1473,1472,1471,1470,1799,1505,1531
122502,1503,1473,1472,1471,1470,1799,1505,1531
122505,1506,1472,1943,1471,1470,1508,1473,1474
122555,1508,1505,1532,1531,1943,1944,1507,1474
122595,1797,1945,1944,1532,1509,1533,1506,1508
122616,1531,1532,1506,1505,1534,1507,1472,1943
122781,1537,1798,1539,1533,1797,1507,1536,1538
122903,1862,1546,1541,1545,1512,1513,1480,1543
122982,1512,1513,1480,1514,1545,1479,1518,1478
123024,1511,1513,1480,1545,1514,1479,1510,1546
123262,1545,1512,1511,1514,1546,1547,1518,1480
123293,1518,1547,1549,1513,1551,1511,1545,1512
123417,1521,1517,1516,1484,1488,1519,1550,1555
123424,1517,1515,1521,1550,1484,1488,1555,1519
123442,1521,1515,1516,1550,1555,1484,1519,1488
123465,1549,1514,1547,1551,1548,1513,1552,1511
123468,1489,1488,1520,1521,1515,1517,1486,1487
123472,1489,1519,1522,1492,1524,1553,1487,1525
123506,1517,1515,1516,1519,1488,1484,1555,1550
123528,1553,1520,1554,1524,1525,1558,1559,1557
123554,1493,1524,1525,1491,1490,1492,1497,1557
123555,1525,1522,1520,1523,1492,1553,1493,1557
123557,1524,1557,1523,1553,1558,1522,1559,1560
123561,1528,1527,1565,1561,1496,1498,1494,1499
123573,1528,1526,1565,1499,1899,1566,1898,1561
123579,1527,1565,1526,1566,1561,1499,1899,1567
123598,1941,1940,1899,1939,1898,1900,1569,1566
123603,1501,1502,1469,1468,1858,1568,1441,1439
123771,1508,1532,1506,1534,1505,1472,1799,1473
123773,1508,1531,1506,1534,1507,1576,1533,1505
123819,1535,1539,1537,1576,1581,1509,1577,1507
123851,1576,1532,1531,1508,1535,1533,1577,1506
123878,1533,1576,1577,1581,1582,1578,1539,1534
123898,1859,1538,1542,1540,1861,1544,1537,1580
123922,1539,1509,1533,1538,1798,1536,1580,1540
123973,1540,1580,1536,1544,1542,1539,1537,1859
123982,1537,1509,1533,1538,1580,1581,1540,1535
124052,1580,1538,1544,1542,1536,1539,1537,1859
124115,1546,1543,1510,1545,1583,1862,1584,1513
124208,1544,1540,1538,1536,1580,1859,1861,1539
124232,1583,1584,1541,1546,1585,1588,1510,1545
124239,1542,1540,1538,1580,1536,1859,1861,1539
124271,1513,1546,1512,1541,1514,1511,1510,1547
124438,1541,1545,1510,1543,1513,1512,1862,1583
124516,1551,1548,1518,1514,1549,1552,1586,1591
124582,1586,1552,1551,1591,1547,1587,1549,1518
124607,1518,1514,1551,1547,1550,1548,1552,1586
124671,1516,1517,1549,1555,1521,1515,1518,1551
124779,1547,1548,1552,1586,1549,1591,1518,1514
124811,1586,1591,1548,1551,1587,1547,1549,1518
124831,1522,1554,1558,1559,1525,1524,1520,1557
124843,1553,1556,1522,1555,1559,1558,1595,1599
124851,1590,1554,1517,1596,1550,1521,1516,1515
124862,1595,1559,1554,1599,1558,1597,1553,1596
124871,1558,1560,1559,1525,1599,1553,1556,1522
124873,1559,1557,1599,1560,1553,1556,1595,1525
124874,1558,1599,1557,1556,1595,1560,1553,1554
124876,1557,1599,1558,1559,1800,1525,1595,1556
124877,1564,1863,1565,1562,1526,1600,1528,1563
124878,1563,1564,1863,1561,1560,1600,1526,1497
124880,1562,1564,1863,1560,1561,1800,1621,1557
124881,1863,1562,1563,1561,1600,1565,1526,1621
124884,1528,1566,1527,1526,1567,1561,1600,1899
124885,1567,1565,1569,1941,1528,1529,1900,1527
124888,1566,1565,1569,1601,1600,1900,1941,1529
124891,1571,1570,1602,1900,1569,1941,1529,1940
124892,1900,1601,1941,1570,1567,1529,1566,1602
124893,1571,1568,1602,1900,1569,1941,1529,1601
124894,1568,1570,1602,1900,1569,1941,1529,1601
125051,1573,1575,1574,1799,1603,1604,1531,1534
125058,1572,1575,1574,1603,1799,1604,1605,1534
125061,1575,1603,1573,1572,1604,1605,1799,1534
125065,1573,1574,1572,1603,1604,1605,1799,1534
125069,1535,1534,1577,1533,1579,1578,1581,1532
125085,1578,1581,1582,1535,1579,1606,1607,1576
125115,1577,1606,1582,1579,1607,1581,1535,1576
125119,1578,1606,1577,1607,1582,1605,1604,1581
125150,1540,1538,1544,1542,1539,1536,1537,1581
125199,1582,1577,1578,1535,1607,1533,1606,1539
125235,1581,1578,1577,1607,1606,1579,1535,1576
125256,1584,1543,1585,1588,1541,1546,1545,1510
125266,1583,1585,1543,1588,1541,1546,1545,1610
125280,1584,1583,1588,1543,1541,1610,1628,1546
125295,1591,1552,1548,1587,1551,1547,1589,1612
125345,1586,1591,1548,1552,1589,1608,1612,1551
125373,1585,1584,1583,1610,1609,1608,1587,1543
125393,1608,1612,1609,1611,1613,1587,1610,1594
125421,1593,1592,1598,1596,1555,1616,1550,1614
125449,1586,1552,1548,1587,1551,1547,1612,1594
125483,1593,1590,1594,1614,1591,1598,1612,1552
125525,1592,1590,1598,1616,1614,1615,1619,1594
125537,1612,1613,1592,1589,1608,1591,1614,1611
125548,1556,1597,1599,1559,1558,1617,1554,1596
125556,1598,1616,1590,1555,1593,1556,1595,1597
125562,1617,1595,1618,1556,1599,1596,1800,1559
125564,1616,1593,1596,1619,1590,1615,1614,1592
125565,1559,1558,1595,1560,1557,1800,1556,1597
125569,1863,1567,1561,1565,1566,1564,1528,1601
125570,1569,1900,1567,1602,1566,1570,1941,1600
125572,1570,1571,1900,1568,1569,1601,1941,1529
125697,1574,1604,1575,1605,1573,1572,1579,1534
125702,1605,1603,1579,1574,1606,1578,1576,1575
125704,1604,1579,1603,1606,1578,1576,1574,1577
125706,1607,1578,1579,1582,1577,1581,1605,1623
125722,1606,1578,1582,1579,1577,1581,1623,1624
125751,1589,1609,1612,1611,1610,1613,1587,1594
125804,1610,1611,1608,1589,1612,1613,1588,1587
125811,1609,1611,1608,1589,1612,1629,1613,1588
125816,1609,1608,1589,1610,1613,1612,1594,1630
125829,1589,1613,1608,1594,1611,1609,1587,1591
125876,1612,1611,1594,1589,1608,1609,1610,1614
125896,1615,1593,1619,1616,1594,1598,1592,1613
125902,1619,1614,1616,1598,1593,1631,1592,1590
125908,1598,1619,1615,1593,1596,1614,1590,1592
125910,1597,1618,1620,1633,1595,1596,1599,1556
125914,1633,1617,1620,1597,1635,1634,1622,1637
125915,1615,1616,1598,1614,1620,1593,1596,1634
125916,1634,1618,1617,1619,1633,1635,1616,1597
125918,1622,1800,1636,1560,1599,1633,1618,1563
125922,1621,1636,1633,1637,1618,1800,1638,1617
126027,1624,1625,1606,1607,1579,1578,1605,1626
126031,1625,1623,1626,1607,1606,1627,1578,1582
126033,1624,1626,1623,1627,1607,1606,1582,1578
126034,1625,1627,1624,1623,1628,1607,1606,1582
126035,1626,1628,1625,1624,1623,1607,1585,1606
126036,1627,1585,1626,1629,1584,1588,1583,1610
126039,1630,1610,1609,1611,1608,1613,1589,1632
126043,1629,1632,1611,1613,1610,1609,1631,1608
126048,1632,1615,1614,1619,1630,1613,1616,1634
126051,1631,1630,1629,1614,1613,1615,1611,1619
126055,1618,1635,1637,1617,1620,1622,1634,1597
126057,1620,1635,1633,1618,1619,1617,1615,1616
126060,1633,1634,1637,1648,1620,1646,1618,1638
126063,1638,1637,1647,1622,1641,1649,1621,1648
126064,1638,1636,1633,1648,1635,1649,1622,1618
126066,1637,1649,1648,1636,1647,1650,1635,1656
126068,1640,1642,1641,1644,1651,1645,1652,1647
126069,1639,1642,1641,1651,1647,1652,1644,1653
126070,1640,1647,1639,1636,1642,1651,1653,1638
126071,1640,1639,1651,1644,1645,1652,1641,1661
126073,1645,1644,1642,1601,1639,1651,1640,1652
126074,1645,1643,1642,1639,1640,1651,1652,1641
126076,1644,1643,1642,1651,1652,1639,1640,1661
126151,1654,1648,1650,1635,1657,1649,1655,1638
126152,1641,1636,1638,1656,1649,1653,1640,1637
126154,1649,1650,1638,1646,1637,1635,1654,1657
126156,1648,1650,1638,1656,1637,1657,1647,1646
126157,1649,1657,1648,1656,1659,1658,1646,1638
126160,1652,1642,1640,1661,1653,1639,1641,1662
126161,1651,1661,1663,1653,1642,1662,1640,1664
126162,1662,1656,1651,1660,1664,1652,1647,1658
126231,1646,1655,1657,1650,1648,1649,1659,1635
126234,1657,1654,1659,1650,1646,1658,1648,1649
126235,1658,1650,1649,1660,1659,1653,1647,1657
126236,1659,1650,1655,1658,1654,1656,1649,1648
126237,1656,1660,1659,1657,1650,1653,1662,1649
126238,1657,1658,1650,1656,1660,1655,1649,1654
126239,1658,1664,1662,1656,1659,1653,1657,1650
126240,1663,1652,1651,1662,1664,1653,1642,1660
126241,1664,1653,1660,1661,1663,1658,1652,1656
126243,1661,1664,1652,1662,1653,1651,1660,1642
126244,1662,1660,1663,1653,1661,1658,1656,1652
141727,18,64,20,65,19,60,15,67
141732,1674,27,25,1675,1677,26,1676,1671
141733,30,28,1668,29,1801,1866,1802,72
141734,30,1667,29,28,1802,76,1801,34
141736,43,41,40,87,39,38,42,86
141799,24,1671,1673,1676,26,21,1672,27
141802,1673,1676,1670,24,1807,27,1675,26
141803,66,1805,1673,1670,23,24,1671,22
141805,1671,1670,1676,1807,1805,1672,24,1806
141807,1666,1675,27,1677,1676,25,26,1671
141809,1676,1674,27,1677,1807,1666,1671,1808
141810,1671,1807,1675,1673,27,1670,1674,1806
141811,1674,1675,69,96,1808,1809,1666,97
141856,59,1679,1680,58,57,1681,63,61
141857,59,1680,1678,63,1683,61,1681,1684
141860,1681,1679,1683,1678,1684,59,1685,63
141861,1680,1693,1678,1679,1694,1697,1683,1695
141863,1684,1683,62,63,60,1685,1686,1679
141867,1684,1682,1685,63,1680,1679,1697,1696
141869,1683,1685,1682,1696,63,1680,1697,1679
141873,1684,1696,1697,1683,1680,1682,1699,1681
141875,1687,67,1689,65,1682,1700,1688,64
141876,1688,1686,1689,67,1700,1701,65,1698
141877,1687,1701,1689,1702,1686,1700,67,1703
141878,1700,1686,1687,1698,1701,1696,1688,1703
141879,128,98,100,97,95,132,96,71
141880,99,101,100,133,132,136,103,134
141885,106,140,105,145,141,142,78,147
141959,1695,1681,1694,1680,1697,193,1705,192
141960,1697,192,1695,1693,194,193,1681,1705
141961,1693,193,1694,1705,192,1681,1706,280
141962,1685,1700,1699,1698,1697,1684,1689,1683
141963,1685,1694,1696,1699,1684,1681,1680,1683
141964,1700,1703,1701,1696,1689,1699,197,195
141966,1696,1698,195,194,1697,1700,1703,1685
141967,1698,1689,1701,1696,1703,1699,1687,1686
141968,1703,1702,1698,1700,1689,197,1688,1687
141969,1701,198,1703,197,1688,1698,199,200
141970,1701,197,1698,1702,199,1700,195,1707
141983,186,182,184,183,273,274,275,185
142032,193,1706,280,192,196,1695,281,284
142033,280,1705,193,196,284,281,192,282
142035,199,285,195,197,1703,286,1699,1698
142039,209,131,300,210,130,301,213,211
142042,230,229,232,148,153,149,227,323
142103,306,307,386,215,214,305,304,219
142105,407,327,324,326,412,323,497,496
142113,357,443,444,356,1813,1814,446,355
142210,438,434,436,437,523,519,346,524
142218,449,452,450,361,1872,1871,360,276
142291,368,366,364,463,461,459,1911,457
142294,466,468,536,373,465,537,1717,538
142298,468,467,466,1716,373,376,377,540
142461,1722,1723,602,1874,1915,604,606,1901
142465,698,627,623,702,1730,624,626,550
142533,1901,603,684,1721,1902,602,760,1723
142534,1902,760,1720,1904,1901,1731,761,684
142535,1723,1718,606,686,605,604,1724,1725
142536,1722,1718,606,1733,686,1901,602,1735
142539,1726,686,1725,606,1728,1732,605,1734
142543,1726,605,686,606,610,1724,1728,604
142544,1725,1724,1728,686,606,605,610,1727
142545,1736,1728,1729,689,610,1726,762,609
142546,1726,1727,1736,1724,1725,610,686,762
142549,689,1727,613,688,1736,614,766,1728
142555,702,698,780,1719,776,703,700,783
142696,1904,760,761,1740,1739,1902,840,1735
142697,1734,1733,1724,841,1735,1726,764,1728
142699,1735,1732,1734,841,1731,1723,1740,1724
142701,1732,841,1733,1735,764,1724,842,762
142704,1733,841,1732,1734,1731,1740,842,843
142706,762,1727,1728,689,763,764,1729,845
142715,773,851,777,778,856,701,855,775
142716,1923,1922,1925,795,867,796,868,794
142889,761,840,1740,1904,1731,760,839,843
142890,1739,761,840,1904,1731,760,843,1735
142892,764,845,1742,762,763,846,768,847
142895,846,845,1741,918,847,914,768,763
142899,767,1744,847,766,768,1745,765,770
142906,1745,919,1743,849,918,847,920,767
142907,1744,919,849,1743,921,922,920,848
142910,771,848,772,770,850,849,769,922
143069,972,971,1823,1038,1750,1822,1039,892
143181,1059,994,1060,993,1061,995,917,1885
143200,1015,947,1081,948,1011,1013,1014,1016
143229,1038,1040,1039,972,1035,1036,1747,970
143346,1082,1083,1013,1012,1838,1084,1081,1011
143347,1040,1039,1170,1750,1036,1038,1035,1171
143455,1119,1118,1056,1055,1058,992,1175,1177
143463,1136,1072,1135,1073,1071,1132,1186,1134
143467,1170,1171,1756,1217,1757,1752,1762,1219
143468,1217,1755,1170,1107,1106,1171,1752,1105
143470,1762,1172,1171,1219,1218,1247,1220,1758
143471,1220,1172,1108,1757,1218,1762,1222,1219
143555,1841,1178,1177,1844,1123,1122,1126,1127
143561,1225,1181,1226,1763,1227,1180,1230,1845
143566,1191,1237,1144,1143,1193,1764,1140,1141
143613,1219,1757,1247,1218,1172,1220,1171,1248
143685,1226,1225,1760,1227,1181,1230,1229,1180
143689,1194,1766,1193,1195,1260,1238,1761,1196
143700,1196,1240,1238,1199,1195,1198,1239,1197
143717,1260,1764,1194,1238,1195,1196,1193,1765
143720,1204,1241,1207,1770,1156,1205,1203,1201
143816,1230,1253,1229,1227,1254,1228,1763,1226
143826,1261,1774,1284,1309,1240,1239,1310,1238
143828,1771,1262,1767,1241,1285,1204,1202,1201
143829,1770,1285,1262,1286,1314,1241,1767,1287
143831,1265,1264,1320,1288,1213,1322,1244,1214
143944,1848,1305,1284,1306,1847,1282,1307,1283
143945,1310,1769,1309,1261,1851,1349,1350,1351
144274,1777,1378,1776,1345,1401,1379,1377,1423
144275,1777,1775,1402,1403,1404,1426,1380,1428
144276,1775,1776,1378,1423,1401,1345,1379,1424
144283,1414,1416,1388,1389,1415,1783,1782,1390
144285,1361,1391,1363,1362,1893,1326,1327,1855
144377,1395,1781,1396,1371,1367,1419,1422,1368
144378,1780,1395,1368,1371,1396,1367,1422,1419
144389,1440,1418,1415,1417,1783,1389,1416,1441
144391,1390,1417,1389,1415,1782,1418,1440,1778
144392,1856,1418,1417,1440,1782,1783,1441,1442
144479,1457,1425,1937,1424,1458,1455,1423,1459
144533,1432,1427,1429,1465,1466,1426,1789,1485
144547,1406,1788,1791,1405,1408,1790,1467,1464
144548,1467,1431,1787,1790,1463,1464,1406,1430
144700,1460,1429,1461,1428,1427,1462,1432,1426
144742,1467,1464,1463,1490,1487,1788,1791,1492
144744,1491,1490,1790,1493,1787,1495,1497,1467
144750,1444,1856,1442,1443,1784,1441,1440,1502
144809,1795,1794,1797,1796,1798,1945,1452,1453
144812,1796,1795,1793,1907,1860,1897,1798,1456
144816,1793,1797,1798,1794,1796,1945,1509,1860
144820,1794,1860,1907,1795,1861,1897,1793,1798
144873,1795,1945,1798,1793,1507,1944,1509,1794
144901,1509,1795,1797,1537,1796,1536,1794,1793
145017,1572,1504,1573,1531,1503,1574,1575,1473
145095,1599,1560,1621,1559,1557,1558,1595,1597
153250,1866,72,73,74,75,30,28,1802
153251,75,77,1668,72,76,30,1801,107
153271,51,53,1804,48,55,50,9,54
153272,1803,55,54,53,51,1908,52,58
153283,1672,1673,1806,1807,1671,66,1670,1676
153284,1807,1810,1805,1673,1676,1808,1671,1675
153285,1676,1806,1675,1673,1671,1810,1808,1805
153286,1810,1809,1807,1677,1675,1806,1676,96
153287,1808,1810,97,1677,96,129,130,128
153340,1808,1806,1807,1809,1676,1675,205,206
153421,333,334,243,420,416,419,332,417
153423,426,428,1912,427,250,509,247,429
153497,441,1869,1712,357,444,443,353,354
153498,443,445,446,447,1712,358,356,444
153563,512,513,429,428,509,427,517,584
153654,1817,516,515,514,586,1917,517,587
153655,1816,516,515,514,586,1917,588,587
153892,751,830,832,747,829,1820,902,749
153893,833,1879,1820,750,836,832,751,834
153895,833,832,1819,904,751,1818,1879,836
154004,933,1924,934,859,782,936,937,935
154011,1823,892,891,817,971,1747,890,815
154013,1822,892,971,891,1747,817,972,890
154104,987,909,988,838,986,839,985,1827
154107,1930,936,937,1924,860,861,1829,1009
154123,974,975,973,893,895,1747,976,1823
154224,909,992,912,987,1055,991,989,911
154227,916,995,920,993,914,1885,918,846
154231,1009,1006,937,1835,1834,1010,1079,936
154233,1882,1931,1010,1887,1837,1836,1888,938
154240,1839,1087,1016,1086,1014,1840,946,1085
154248,1889,1041,1833,1044,1043,976,1045,979
154249,1832,1889,1041,1044,976,975,1043,979
154350,1835,1079,1891,1080,1890,1009,1829,1892
154352,1834,1890,1891,1009,1079,1892,1829,1080
154354,1888,1887,1934,1837,1838,1886,1830,1082
154360,1934,1836,1887,1888,1010,1830,1149,1838
154362,1082,1888,1836,1751,1887,1148,1934,1886
154366,1016,1831,1840,1087,1014,1085,1015,1749
154369,1085,1839,1016,1015,1087,1081,1749,1014
154449,1759,1178,1844,1177,1123,1122,1126,1127
154450,1843,1179,1845,1127,1125,1130,1844,1846
154452,1842,1845,1844,1179,1846,1127,1125,1130
154453,1843,1759,1841,1842,1127,1178,1126,1179
154454,1842,1130,1179,1843,1846,1125,1181,1760
154541,1843,1845,1842,1225,1760,1181,1227,1763
154602,1282,1848,1283,1260,1773,1305,1306,1280
154643,1773,1305,1847,1282,1284,1306,1283,1260
154644,1318,1315,1288,1266,1319,1287,1286,1316
154649,1329,1291,1271,1290,1267,1330,1292,1270
154743,1350,1351,1310,1349,1380,1854,1309,1853
154815,1354,1853,1353,1311,1405,1381,1313,1352
154816,1852,1854,1405,1406,1354,1350,1851,1351
154817,1853,1405,1430,1351,1350,1406,1431,1851
154820,1394,1393,1392,1391,1363,1893,1362,1779
154995,1784,1418,1417,1440,1441,1442,1782,1792
155056,1938,1498,1499,1500,1433,1494,1435,1898
155099,1500,1436,1438,1469,1939,1468,1940,1898
155247,1861,1536,1860,1907,1796,1538,1542,1798
155253,1907,1861,1796,1897,1859,1794,1536,1456
155271,1859,1860,1907,1796,1897,1536,1794,1862
155276,1510,1476,1541,1546,1861,1897,1907,1860
155310,1564,1562,1561,1600,1563,1565,1526,1567
163611,1865,70,68,71,95,98,99,69
163612,70,1864,1866,74,73,1801,72,101
163614,1801,72,73,74,30,75,28,1865
163770,272,271,355,356,183,180,181,270
163809,354,352,268,350,351,265,442,353
163860,441,1813,442,354,444,1712,353,357
163919,528,1914,1942,529,530,444,1875,446
163923,1872,450,449,452,1714,453,451,361
163925,1871,452,450,449,1714,453,451,361
163985,1874,1915,602,456,603,1718,1901,1720
163986,602,1915,1873,1718,603,1901,1916,1720
163993,1942,1913,531,1870,1914,678,674,445
164140,1877,710,792,639,634,709,789,1903
164142,1876,792,710,789,793,794,1903,709
164144,643,712,1903,641,638,713,642,636
164148,750,1819,833,752,1820,676,832,751
164300,888,967,889,968,812,886,890,965
164301,900,903,901,982,831,980,977,828
164434,1931,1830,938,865,861,1887,1930,864
164440,981,983,902,904,903,1046,982,1881
164510,996,998,921,1063,1068,920,999,923
164513,995,1062,1064,1828,1060,1066,1748,993
164514,1888,1887,1012,1836,1838,1082,942,1751
164516,1888,1836,1886,1837,1934,1838,1830,1882
164519,1887,1836,1886,1838,1934,1837,1082,1830
164526,1832,1041,1833,1044,1043,976,979,1045
164584,1891,1892,1835,1145,1834,1009,1080,1141
164585,1890,1892,1835,1834,1080,1141,1145,1079
164610,1145,1890,1891,1146,1141,1835,1834,1080
164968,1363,1362,1391,1327,1392,1393,1855,1779
165065,1400,1397,1420,1895,1398,1399,1376,1421
165137,1454,1894,1420,1896,1936,1400,1397,1399
165157,1454,1936,1455,1457,1937,1895,1459,1785
165287,1907,1860,1796,1861,1456,1794,1476,1475
165319,1939,1899,1940,1499,1500,1529,1941,1527
165424,1898,1940,1499,1939,1529,1941,1527,1500
165436,1569,1941,1570,1601,1529,1602,1567,1566
170597,1720,603,602,1902,1721,684,1718,1723
170632,1721,760,1731,1904,761,1720,1901,1739
170644,1878,638,639,1922,795,1877,643,710
170722,761,1731,760,1739,1740,840,1902,1721
170730,872,798,801,873,797,875,876,718
171451,1334,1335,1365,1367,1369,1364,1333,1337
171529,1860,1897,1796,1861,1794,1859,1456,1476
177967,1804,1910,1803,1909,51,1695,55,281
178062,1910,281,362,282,456,1706,1908,1705
178063,1909,1908,456,281,362,282,1873,454
178128,363,366,364,457,368,458,1715,362
178147,423,426,422,424,1812,425,427,338
178196,531,445,1942,446,447,1814,1875,444
178197,1870,528,1942,444,446,1913,1813,1869
178238,1874,602,1873,1916,1718,460,604,1722
178239,607,604,535,605,534,1915,606,686
178271,586,588,663,1817,521,520,1816,589
178311,651,1919,650,719,649,720,722,721
178312,1918,650,651,719,649,721,722,720
178313,578,577,508,724,656,805,725,507
178371,705,704,630,706,631,784,629,785
178435,795,1738,1923,796,1925,867,1903,868
178437,1738,1922,1925,795,796,867,868,871
178517,936,1825,1821,933,937,1930,860,787
178521,868,1923,867,1738,1926,871,869,796
178522,871,944,869,1925,945,870,868,796
178524,876,952,949,875,872,801,951,877
178525,906,836,834,905,833,835,1819,1820
178589,926,854,927,853,852,928,925,924
178594,860,1825,861,936,1924,937,865,787
178601,1882,938,865,861,1830,864,862,860
178604,940,943,941,942,869,868,867,939
178747,1000,1067,997,1071,925,999,1072,924
178895,1836,1837,1149,1888,1887,1838,1148,1150
178957,1066,1064,1065,1062,1125,1124,1130,1063
179246,1454,1896,1455,1937,1457,1459,1895,1475
179250,1457,1455,1936,1459,1896,1785,1454,1477
179253,1435,1857,1433,1434,1500,1410,1499,1436
179266,1940,1898,1899,1500,1499,1529,1941,1858
179350,1939,1898,1899,1529,1941,1499,1500,1566
179351,1529,1940,1900,1569,1899,1939,1566,1898
183527,1913,1914,446,445,1875,1870,444,531
184098,1474,1505,1449,1448,1944,1506,1471,1470
184128,1945,1943,1474,1507,1797,1506,1448,1505
184130,1944,1797,1507,1795,1793,1943,1474,1448
