2,47,49,4,1,50,3,48,51,9
3,4,9,7,2,48,53,49,5,51
0,4,1,49,3,47,48,50,9,51
48,4,1,9,53,7,51,49,2,50
3,49,48,2,1,50,51,9,47,0
6,8,7,12,52,10,9,54,56,1
5,8,12,52,10,7,54,56,9,55
9,8,5,6,1,3,53,52,54,48
52,6,54,5,7,9,12,55,53,56
53,7,3,48,8,1,54,51,4,52
12,6,13,56,5,11,57,8,52,16
16,13,61,14,57,10,15,17,56,12
10,56,6,13,52,8,5,57,58,54
57,56,12,11,16,59,61,10,58,1678
15,17,16,18,11,60,61,62,64,1665
14,17,18,60,16,62,64,1665,11,61
61,11,13,17,14,57,15,63,59,62
60,62,15,14,64,16,61,63,1682,18
1665,15,64,14,17,60,19,20,65,62
20,22,23,1665,65,66,18,64,67,1672
19,23,22,1665,65,66,67,64,18,1672
24,26,1670,25,22,23,27,1671,1673,1676
23,19,20,24,21,66,1672,1670,1665,65
22,19,20,66,24,1672,1670,21,65,1665
1670,21,26,1671,23,1673,22,1672,27,1676
26,27,1666,21,1674,24,1670,1671,1675,1676
25,21,27,24,1670,1671,1666,1676,1674,1673
1666,1674,26,1675,25,1676,1671,1670,24,1673
30,1667,1668,1866,1801,29,72,1802,75,73
1668,1667,30,32,34,31,28,76,80,33
1667,1668,28,1801,29,1866,1802,72,75,73
32,33,79,34,80,29,76,81,35,37
31,33,34,79,29,80,76,81,1668,82
79,34,80,32,81,31,76,82,78,77
80,76,33,79,32,81,78,31,77,82
37,36,38,39,83,31,84,40,85,32
38,37,35,39,40,83,85,1669,84,112
35,36,38,39,83,84,85,31,40,112
36,39,40,37,35,83,1669,41,85,117
38,36,40,1669,35,37,41,43,87,83
39,38,41,1669,36,43,87,86,117,116
87,43,1669,40,86,120,116,39,117,123
44,43,87,1669,41,88,89,121,90,122
1669,41,87,40,42,39,86,120,38,44
42,88,89,90,45,43,87,91,92,1669
91,46,92,88,89,93,90,94,127,44
91,92,45,94,93,127,89,88,90,125
49,50,0,4,2,48,3,51,1,1803
3,51,4,53,9,50,49,1803,1,7
50,4,47,48,2,3,51,0,1,9
49,51,4,48,47,3,1803,2,53,9
48,1803,53,50,3,9,4,49,55,54
54,8,55,6,12,5,56,7,53,9
9,48,51,54,1803,55,3,7,8,52
52,55,8,53,9,7,6,58,12,56
54,52,53,8,1804,58,1803,9,51,56
13,12,57,58,10,52,59,1678,6,54
13,59,56,61,1678,58,16,1679,12,11
56,1678,57,59,13,52,55,12,54,1679
1678,1679,57,61,63,1680,13,58,56,16
62,17,64,15,1682,63,1665,61,14,65
16,63,59,57,1679,17,13,62,11,1678
60,17,1682,63,64,61,15,1683,1684,16
1679,1683,1682,61,62,59,1684,1680,60,17
1665,60,65,17,67,62,18,15,1686,20
67,64,1665,20,1686,66,1687,60,19,18
1672,67,23,65,20,19,22,1805,1687,1688
65,1686,1687,64,66,20,1665,60,1689,1688
71,95,69,98,96,1864,1690,100,97,99
96,95,68,97,71,1677,98,1690,128,100
1865,1864,99,101,1691,71,74,100,73,98
95,98,68,100,99,1690,69,96,97,70
1801,1866,73,74,75,1802,102,30,28,103
74,72,102,1801,1866,75,103,101,104,70
73,72,102,1801,101,103,1866,75,70,104
1802,72,73,74,1801,104,102,1866,107,103
80,77,34,78,79,105,33,81,82,106
78,105,76,106,80,1802,34,81,82,1692
77,105,106,76,80,82,81,1692,34,79
33,80,34,81,82,76,32,31,78,77
76,34,79,33,78,81,77,82,105,32
82,79,80,78,33,76,110,34,108,105
81,79,110,78,80,108,105,33,76,106
85,112,84,113,114,108,109,115,37,38
112,85,108,83,109,113,114,111,110,81
83,112,113,84,114,108,115,109,111,110
120,116,123,87,117,41,150,121,118,119
41,43,86,120,1669,40,116,123,121,42
89,90,92,91,93,127,45,124,125,44
88,90,92,93,91,127,125,124,45,126
89,88,93,125,124,127,92,91,126,45
92,93,45,46,89,88,90,127,94,125
91,93,89,88,46,45,127,90,94,125
92,127,91,89,94,90,88,46,125,45
93,127,92,46,91,163,162,89,90,45
71,98,68,1690,69,96,97,100,99,128
97,69,95,1690,128,98,71,68,1677,129
96,128,1690,95,129,69,98,1809,71,130
95,71,100,1690,99,68,97,96,128,132
100,1691,98,132,71,1690,70,95,101,68
99,98,132,1690,71,1691,95,128,68,97
103,102,136,1691,74,73,133,70,99,104
103,101,74,73,104,136,75,72,137,1691
101,102,136,74,73,1691,133,104,139,137
137,107,102,75,103,138,136,140,73,74
106,78,77,1692,76,82,81,80,140,145
105,1692,78,77,140,82,76,145,81,141
140,104,137,141,142,143,1692,75,106,1802
109,84,112,110,111,144,113,82,85,81
108,111,110,144,112,84,113,82,85,115
109,144,111,108,82,145,81,146,84,112
144,109,110,108,115,146,113,112,145,84
85,84,113,83,108,109,114,115,111,110
114,112,85,115,83,84,109,108,111,144
113,115,85,112,83,84,109,108,111,149
114,113,112,111,85,109,108,144,149,84
86,120,123,117,118,150,119,151,87,152
118,116,119,86,120,123,150,151,152,114
119,117,116,151,152,150,123,153,86,230
118,117,151,152,150,116,153,230,123,155
86,123,116,121,87,150,117,41,122,155
122,154,123,120,86,150,155,116,156,87
121,154,123,120,124,158,155,150,160,86
120,150,116,86,155,121,151,152,156,118
126,125,158,90,89,127,160,88,159,122
126,124,127,90,158,161,159,89,93,88
124,125,158,159,237,90,161,160,127,89
93,125,92,94,90,89,91,88,126,124
129,1690,97,130,131,96,132,98,100,209
130,128,131,209,97,1690,1708,96,1809,132
131,129,209,1708,128,97,1690,210,213,300
209,130,1708,129,128,210,300,213,211,301
100,134,99,1690,1691,128,98,135,133,213
136,139,135,212,134,216,1691,103,101,214
135,212,133,132,213,1691,216,139,214,136
212,134,133,216,214,139,213,132,215,1691
103,133,101,139,102,1691,216,212,135,104
104,138,107,143,140,141,217,102,142,136
217,137,143,218,222,104,142,141,311,139
216,133,212,214,136,135,217,134,219,307
141,142,107,1692,143,106,105,137,104,145
142,140,143,1692,107,220,137,106,138,145
141,143,140,1692,220,107,221,147,138,145
142,141,140,220,138,137,107,222,221,1692
111,110,109,146,108,145,147,115,224,113
146,147,1692,110,144,106,111,224,105,142
147,145,144,224,110,111,1692,225,109,226
146,145,224,1692,144,223,221,142,110,141
149,1709,227,230,228,229,153,232,115,119
148,1709,227,228,229,230,115,153,232,319
155,151,152,123,156,157,116,119,118,120
152,150,155,153,156,119,118,157,230,232
151,150,155,156,153,157,231,232,119,230
230,232,152,1709,151,231,156,119,157,155
122,121,160,234,233,158,155,156,157,123
156,150,152,157,151,231,123,235,153,154
157,155,231,152,150,235,151,153,232,123
156,231,235,155,152,151,150,234,153,232
160,237,126,124,159,125,154,239,233,122
161,237,238,158,126,125,160,239,240,124
158,237,239,233,234,154,159,126,124,236
159,238,240,125,237,126,241,158,127,124
163,94,240,243,242,245,127,333,332,244
162,240,243,94,161,241,127,333,242,93
165,166,255,167,257,343,253,254,168,248
166,164,255,257,254,343,167,168,256,253
165,255,164,254,257,343,256,344,167,168
168,254,166,165,171,261,260,255,258,256
167,254,260,261,258,171,259,166,256,255
171,172,258,170,173,174,262,263,259,264
174,173,172,262,176,169,264,263,265,171
169,258,259,172,263,262,260,170,264,168
262,264,263,170,169,174,171,265,258,173
174,170,176,172,169,177,262,264,266,265
173,170,176,172,177,262,169,266,264,265
179,178,181,270,180,267,177,176,266,269
177,174,266,173,170,178,175,265,268,172
266,176,178,268,175,267,174,270,181,269
270,267,181,266,177,175,269,176,179,268
180,175,181,270,178,267,271,177,266,1867
179,181,270,175,271,267,178,1867,272,183
270,267,178,175,179,180,271,269,266,177
1704,183,184,186,273,180,274,1867,275,272
1704,182,1867,273,272,186,180,271,184,275
186,1704,182,274,185,275,273,183,359,277
274,190,277,188,184,186,276,275,359,187
184,1704,274,273,182,275,185,183,359,277
189,188,190,278,277,185,360,276,361,274
190,187,189,185,277,278,276,360,274,361
187,188,278,190,277,360,185,276,361,274
188,277,185,189,187,276,360,274,278,361
279,454,47,50,455,1908,49,1910,1803,51
196,194,193,1705,284,1694,280,1706,1695,1697
1705,1706,280,192,1695,196,1694,281,284,194
192,196,284,1699,1694,195,280,1706,193,1705
1707,199,285,197,1699,1703,286,194,1698,196
284,192,194,280,1706,1705,193,283,286,1694
199,1703,1707,195,1702,285,1701,198,1698,288
200,1702,288,292,203,197,289,1703,201,1701
1707,197,195,285,1703,1698,1699,1702,1701,286
292,198,203,289,288,201,294,1702,290,197
203,202,200,292,204,293,198,205,294,289
205,204,201,206,293,203,297,208,207,292
201,200,292,198,289,202,294,293,288,204
293,297,202,205,208,206,207,295,201,298
206,202,204,208,207,297,293,201,296,298
205,208,207,297,204,202,296,293,298,295
208,206,296,205,297,204,298,299,211,202
206,207,297,296,205,204,298,293,202,295
131,1708,130,129,210,300,213,128,301,211
213,304,1708,300,301,215,209,305,131,130
302,300,301,1708,296,299,209,207,382,131
135,216,214,134,133,139,307,215,213,136
210,215,304,134,1708,209,135,131,300,212
216,212,307,139,135,1710,219,133,215,134
304,213,305,210,1710,306,214,212,135,134
139,214,212,133,135,307,217,136,134,219
138,218,219,139,216,222,311,308,137,307
311,308,217,222,219,309,313,138,310,307
307,218,309,217,310,308,214,311,216,313
221,222,143,223,142,311,312,141,308,313
223,220,312,142,222,314,143,147,224,141
311,308,218,313,220,138,217,143,309,221
221,312,220,314,224,317,147,315,142,222
146,147,226,225,315,223,145,312,144,316
226,228,224,315,316,227,146,149,144,147
225,315,316,224,318,228,317,397,227,146
228,229,149,319,148,320,1709,321,225,322
227,149,319,225,229,148,320,321,1709,226
319,1709,227,320,323,325,230,228,321,148
153,232,1709,152,229,148,151,323,149,119
157,235,156,155,152,232,153,151,234,150
230,153,1709,323,152,151,229,231,324,157
234,239,160,236,154,237,158,235,326,157
233,236,235,239,160,157,154,231,156,326
231,157,156,236,234,155,152,232,326,153
326,234,327,235,233,231,239,157,328,1711
159,160,158,239,238,126,233,161,124,125
159,161,237,241,240,239,331,158,329,160
233,160,237,234,329,236,158,330,328,326
241,161,163,243,238,333,159,162,331,1811
240,333,331,243,238,416,334,1811,161,417
332,245,337,335,244,246,336,338,243,1811
333,1811,241,334,240,332,416,163,242,331
245,246,335,336,242,337,332,338,422,423
242,244,335,246,332,337,336,338,422,243
336,335,244,245,337,242,332,338,422,423
249,250,251,1812,248,252,339,340,428,426
252,251,339,250,340,249,253,247,341,430
250,247,251,248,252,339,1812,340,428,429
249,251,247,248,252,339,340,1812,429,428
252,248,339,250,340,249,253,247,430,429
248,251,339,340,253,250,249,341,430,342
341,340,339,343,252,342,430,257,248,251
256,255,261,344,166,168,257,348,260,345
254,256,344,257,166,343,261,165,345,346
344,254,261,255,345,348,346,257,260,166
343,255,344,256,166,341,254,253,345,165
259,171,260,263,169,347,172,262,264,168
258,260,347,171,263,348,262,172,261,264
259,261,347,348,258,171,168,254,256,349
348,256,254,260,344,255,345,347,168,259
264,263,172,265,170,258,350,174,259,171
262,264,172,259,258,265,350,347,171,170
262,263,265,172,350,170,268,258,259,174
264,268,262,263,172,1868,266,350,352,177
177,178,268,176,269,267,352,265,270,181
270,181,178,269,271,266,175,355,179,180
352,265,266,1868,269,177,353,264,178,354
353,267,352,178,270,266,268,181,355,177
181,267,178,269,175,179,271,180,266,177
272,355,1867,267,356,270,181,180,269,357
1867,271,355,356,183,180,1814,357,358,181
275,186,1704,274,183,359,184,182,358,1867
275,186,185,359,184,276,277,273,1704,190
359,274,273,186,276,277,1704,185,184,361
277,361,359,360,274,275,190,1714,185,188
276,190,361,360,185,274,359,188,275,189
189,360,187,188,190,361,277,276,451,1714
191,454,455,1910,1908,601,600,456,1909,50
1706,284,196,1705,193,192,283,281,282,194
282,362,1706,280,1705,283,193,284,363,196
362,281,283,280,1706,363,1911,1705,284,193
287,282,280,363,284,362,1706,1911,281,196
196,280,194,192,1706,283,287,286,1705,193
1707,199,195,286,197,365,291,1703,288,369
287,285,284,365,195,1707,196,283,194,199
286,283,284,365,363,196,1911,366,280,368
289,200,290,198,292,291,197,369,294,203
292,294,288,200,290,370,203,198,374,291
291,369,289,288,370,372,292,294,371,200
369,290,372,371,288,370,365,289,285,464
289,200,294,203,288,201,198,290,370,374
204,297,295,202,294,208,201,205,374,298
289,292,374,375,370,293,203,200,290,288
298,379,380,293,297,376,375,377,374,204
207,208,299,298,297,206,378,211,302,205
208,204,298,293,206,295,207,205,296,202
379,295,378,297,296,299,208,380,204,293
378,302,296,382,298,379,211,207,208,297
301,1708,210,209,304,211,303,305,131,213
300,1708,303,210,304,305,211,383,209,302
382,299,211,384,378,296,301,383,300,303
383,305,301,387,385,300,304,384,210,302
305,215,210,213,301,300,303,306,1708,1710
304,303,215,210,306,387,301,383,300,213
1710,386,215,305,387,388,304,307,389,214
214,219,1710,216,310,309,386,306,212,139
311,313,218,222,309,310,219,390,217,395
310,308,313,219,218,311,390,307,222,395
309,219,390,308,313,218,307,311,386,392
308,222,313,218,309,220,219,310,217,390
223,221,314,317,220,315,224,316,147,394
308,311,309,222,218,390,310,395,394,219
312,394,317,223,395,221,396,313,400,220
316,226,317,318,397,224,225,312,223,398
315,318,226,397,317,225,224,398,399,312
315,312,397,314,318,316,398,223,400,226
397,316,315,398,399,317,226,488,492,404
320,321,322,229,325,227,401,228,405,402
321,319,322,325,401,402,229,405,227,228
320,322,319,401,325,402,405,229,403,406
401,321,325,320,405,319,402,406,403,324
324,325,232,229,230,1709,322,319,153,405
323,325,405,322,1711,229,401,319,232,406
322,405,401,324,321,320,319,323,406,229
327,236,328,1711,410,234,235,330,233,329
326,236,328,1711,410,330,234,235,411,409
330,329,413,409,414,415,410,327,326,411
330,328,413,414,239,409,415,327,326,410
328,329,413,414,409,415,410,327,326,239
416,417,418,241,504,334,333,1811,238,243
337,242,335,245,336,246,338,244,1811,243
243,1811,334,241,416,331,417,240,420,332
1811,333,416,420,417,243,419,331,506,241
336,246,337,245,332,242,244,338,422,423
335,246,337,245,338,244,332,242,422,423
332,335,336,242,245,246,338,244,422,1811
422,337,336,424,335,423,332,246,425,421
340,252,251,253,248,430,342,341,250,431
339,252,251,253,430,248,342,341,431,250
342,253,430,343,431,432,340,257,339,433
341,430,431,432,253,340,343,339,257,433
257,341,253,255,344,342,166,256,433,165
256,345,255,346,254,257,261,343,438,434
346,344,438,434,256,437,436,1713,433,348
345,438,434,344,436,1713,437,433,435,256
259,260,348,258,349,263,261,350,264,262
261,260,349,347,256,437,345,259,346,254
437,348,438,1713,347,346,345,439,522,434
351,1868,264,263,265,262,439,347,268,354
350,439,1868,440,354,442,347,265,264,263
268,353,269,1868,354,266,265,441,1869,267
269,352,441,1813,355,357,354,1869,268,267
442,441,1868,1869,352,353,1813,268,527,351
356,271,357,272,353,1712,269,267,1867,443
355,357,1712,443,1814,271,272,444,1813,1867
1712,356,443,1813,444,355,1814,441,353,446
447,1814,448,445,531,446,443,1913,356,272
275,276,274,361,277,273,1714,449,360,450
361,276,277,1714,278,190,452,359,451,189
360,276,1714,277,359,449,452,190,450,278
282,281,363,283,1911,364,280,457,366,1706
1911,366,364,457,283,368,362,458,1715,282
366,1911,457,363,368,458,1715,459,460,463
371,367,286,287,285,369,291,461,368,372
364,1911,368,363,1715,457,458,459,463,460
461,365,371,462,368,1715,464,287,366,372
1715,366,364,1911,461,363,463,457,459,367
291,290,372,371,370,288,464,373,365,289
290,373,294,374,289,375,372,369,291,292
369,372,365,291,367,464,290,465,461,462
369,464,371,291,373,465,290,370,1716,367
1716,372,370,465,1717,464,468,466,369,536
375,294,376,370,377,295,293,289,292,1717
374,376,377,294,370,295,467,293,1717,380
377,375,374,467,380,295,1717,469,379,294
376,467,380,375,469,374,295,1717,379,381
299,379,298,381,296,382,302,380,295,470
380,298,378,295,381,469,299,297,470,377
379,469,377,295,381,376,298,470,378,471
470,471,469,380,379,378,472,298,299,295
302,384,299,378,383,474,211,296,303,301
303,385,384,387,305,301,473,382,302,300
382,474,383,475,302,385,472,473,303,476
473,383,384,387,303,474,476,475,548,549
306,1710,388,391,393,389,307,477,387,310
388,305,385,389,303,306,383,473,386,304
389,477,393,391,386,387,478,306,479,552
388,477,393,391,478,386,387,479,552,306
395,392,313,394,310,309,308,480,311,481
393,477,388,389,386,481,478,392,480,310
480,481,390,483,482,391,395,393,310,553
391,477,389,388,478,481,386,392,480,483
395,314,390,313,484,396,308,311,400,392
394,390,313,314,308,392,311,309,484,310
400,484,485,398,486,394,314,317,487,560
318,398,316,317,315,399,488,400,492,489
397,400,399,318,489,488,396,490,317,492
488,492,404,489,398,490,397,318,494,495
396,484,485,398,397,317,489,314,486,560
405,322,406,325,321,402,403,320,319,324
403,401,321,322,320,405,406,404,319,493
402,406,401,493,405,322,404,321,408,320
492,399,488,494,403,495,402,493,489,490
401,406,322,325,403,321,402,320,408,324
405,401,403,408,322,325,402,493,321,320
496,497,412,498,408,1711,406,405,324,410
496,406,407,405,493,403,499,401,497,498
414,415,413,410,328,411,330,502,329,503
411,409,328,414,412,415,327,326,330,413
410,409,412,415,414,500,498,497,328,503
497,498,407,496,411,410,1711,500,408,327
414,330,415,409,328,329,410,502,501,411
415,409,413,330,328,410,329,411,502,503
414,409,413,330,502,328,411,410,503,501
417,331,334,418,333,504,1811,241,420,506
416,418,331,504,334,506,420,333,1811,505
504,417,331,416,334,505,506,501,241,420
420,421,507,506,334,1811,338,508,337,332
419,506,334,1811,421,507,417,416,333,508
507,419,508,420,425,338,506,424,422,423
423,424,338,425,336,1912,335,337,246,421
422,424,1912,425,338,336,426,246,335,337
425,423,422,338,1912,421,507,336,337,335
424,423,422,338,421,507,1912,508,511,578
427,1812,1912,428,509,510,423,511,424,429
509,510,426,428,513,1812,1815,579,511,1912
429,427,426,1812,509,1815,510,512,513,1912
428,1815,512,430,427,340,431,339,509,513
431,342,341,340,432,339,253,429,252,512
430,342,432,341,514,340,515,339,253,512
431,342,514,430,515,341,516,433,1816,1817
435,518,436,434,346,438,345,520,1713,432
438,436,346,1713,435,345,433,437,518,519
433,518,436,434,438,520,519,346,1713,345
434,435,1713,438,518,519,433,346,524,437
349,1713,438,434,346,523,345,436,348,522
434,1713,346,436,437,345,435,349,433,518
440,351,525,522,349,350,347,437,523,526
525,439,522,351,526,591,523,349,350,527
1869,1813,354,442,353,357,1712,444,352,443
354,1869,441,527,1813,1868,529,352,353,528
1712,444,1814,357,446,356,445,1813,355,447
443,1712,446,357,1813,445,1814,1914,1942,1869
446,1913,1814,447,443,531,1942,444,358,1712
445,443,444,1814,1913,1942,1712,447,357,531
358,445,1814,448,531,1913,446,443,1942,444
447,358,531,1913,445,1814,446,1942,443,1875
450,1871,1714,1872,452,361,359,276,453,360
449,1871,1872,1714,452,361,359,453,276,360
453,452,1872,598,1714,360,1871,599,361,450
1872,1871,1714,453,450,449,451,361,360,598
451,452,1872,598,1871,1714,599,450,449,360
455,279,601,600,456,1910,191,684,1873,1909
454,601,600,279,456,1910,684,685,603,191
1873,1874,1910,603,600,602,1915,1909,1901,1720
458,364,459,460,1911,366,363,1715,368,463
457,460,459,364,366,1911,363,1715,368,463
458,460,457,463,364,1715,366,534,368,1911
458,459,457,364,366,463,1911,1715,534,363
367,462,1715,368,463,532,533,366,365,464
461,533,464,532,367,465,463,371,1715,372
534,459,1715,532,461,368,364,458,457,366
465,372,371,462,373,1716,367,369,461,291
464,1716,536,373,372,537,462,538,466,371
468,1716,536,541,537,538,1717,542,373,465
377,1717,376,540,469,468,375,380,374,466
466,1716,1717,541,536,542,537,373,467,540
380,470,381,471,377,379,467,376,295,540
471,381,469,472,380,379,545,378,544,474
470,381,469,472,380,545,544,379,378,475
475,474,544,476,471,470,384,381,382,546
385,476,548,474,475,383,549,384,387,479
475,472,476,384,473,385,548,549,382,544
474,476,472,384,473,549,548,544,385,382
475,474,548,549,473,472,385,544,384,551
389,478,388,393,391,552,479,386,481,387
477,393,552,389,391,388,481,479,553,483
552,550,477,478,389,548,473,388,626,549
392,481,482,483,390,553,486,391,393,395
480,392,483,391,393,553,478,482,477,390
555,483,487,480,486,554,557,553,392,481
553,481,482,554,480,392,478,555,393,391
396,485,400,486,487,394,395,398,314,560
484,396,400,560,486,556,487,561,491,398
487,484,482,485,555,396,557,480,400,556
486,555,482,557,485,484,556,480,396,558
492,399,489,490,404,494,495,398,491,559
490,488,491,492,399,559,398,494,495,404
489,491,488,492,559,399,494,495,398,404
490,489,559,560,488,561,556,492,562,495
488,399,404,494,489,490,495,559,398,491
403,499,408,404,494,563,406,495,402,401
495,492,563,404,564,559,488,493,490,489
494,563,564,559,492,404,488,490,489,562
407,497,498,408,412,406,499,1711,405,493
498,412,407,496,408,411,1711,500,410,567
497,412,496,407,500,411,408,410,572,573
565,568,493,570,408,563,640,496,645,567
572,573,571,574,411,498,569,412,649,503
502,503,415,414,413,409,571,504,418,330
503,501,415,571,414,409,413,411,500,410
502,571,501,415,409,414,500,411,572,413
418,417,505,416,331,506,501,334,575,420
575,504,576,506,418,417,577,420,416,419
420,419,507,421,334,417,505,416,508,504
421,419,508,420,425,506,338,424,422,578
578,507,577,421,1920,506,419,425,420,424
510,427,513,579,426,428,511,580,1815,581
509,427,579,511,513,580,426,581,582,428
579,510,582,581,580,509,656,427,513,425
1815,429,517,513,583,428,584,431,515,430
580,509,1815,510,584,581,579,427,512,582
515,1816,516,1817,432,586,517,1917,588,431
516,1816,514,1817,517,432,586,587,1917,431
515,1816,1817,514,517,586,587,432,1917,583
583,516,515,512,587,1816,514,1817,659,585
435,436,520,519,433,521,434,524,588,589
524,518,589,436,520,521,1713,435,523,434
521,588,518,589,519,435,1917,524,586,436
520,588,589,519,518,1917,586,524,435,590
525,523,440,591,439,437,1713,349,524,592
522,524,1713,437,519,525,436,438,591,434
519,523,589,1713,436,518,590,521,520,434
440,522,591,439,523,526,593,592,596,351
595,596,440,525,591,527,670,530,529,594
529,530,442,528,526,1869,354,441,595,1870
1870,1914,529,530,1942,527,444,1869,442,1813
530,527,528,597,1870,595,442,526,1914,670
529,527,597,528,595,1870,670,526,672,442
1913,445,447,448,1942,446,1875,358,1814,443
533,534,463,535,462,461,608,1715,607,539
532,462,539,608,611,535,461,534,463,609
463,535,532,459,607,1916,533,1715,460,458
607,534,532,1916,609,608,604,463,610,533
537,538,466,1716,468,465,541,373,612,539
536,538,466,1716,465,541,468,539,612,611
537,536,466,612,541,1716,539,468,611,465
611,608,533,613,538,537,609,614,612,536
542,467,543,541,468,1717,615,466,469,377
542,466,468,543,536,538,537,540,1716,612
541,543,540,616,617,468,466,618,612,615
542,616,617,541,618,540,615,690,612,466
546,545,472,619,475,471,476,547,474,470
547,546,544,620,615,471,619,470,621,540
619,544,545,547,620,622,551,621,625,472
620,545,615,621,546,619,544,694,696,691
549,476,473,550,551,475,474,385,479,472
548,476,551,550,475,473,474,544,624,472
479,548,627,549,552,623,551,624,626,1719
549,624,623,625,548,550,546,476,619,544
479,478,477,550,626,389,388,628,627,393
483,554,482,481,478,480,555,629,557,392
553,483,629,482,557,555,630,480,481,487
557,487,482,486,554,629,483,553,633,632
561,560,558,632,637,485,491,487,486,484
555,554,487,482,629,633,486,632,553,707
556,561,632,560,637,634,635,485,487,491
562,495,564,494,491,490,489,563,636,492
556,561,558,491,485,637,632,490,489,400
556,560,558,637,632,491,485,634,639,490
636,559,638,564,566,495,641,563,491,494
564,495,494,566,559,493,499,562,565,640
563,495,559,494,562,566,641,636,640,493
568,570,640,645,499,566,642,641,647,644
641,640,564,643,642,565,563,562,568,636
569,646,647,645,573,574,570,568,565,572
570,565,645,640,647,499,642,567,644,566
574,573,567,646,649,572,647,500,645,648
568,565,645,640,647,642,567,644,499,566
503,500,572,502,649,573,574,501,411,650
573,500,574,649,569,571,567,650,646,498
574,569,572,649,500,567,646,650,571,647
573,569,649,572,646,567,500,650,647,648
505,576,577,506,504,508,652,418,417,1920
575,652,505,654,655,653,504,577,501,723
508,1920,578,575,506,507,505,421,419,420
1920,508,577,507,656,421,425,511,424,582
511,581,580,582,510,509,513,656,427,657
581,582,579,513,510,511,509,584,656,657
582,580,579,511,656,510,513,657,658,509
581,580,579,656,511,657,658,510,726,513
585,659,587,517,584,661,516,512,660,515
585,660,583,513,580,662,659,728,1815,661
583,584,659,660,587,661,662,728,517,513
1917,588,1817,663,1816,521,520,514,516,515
659,583,585,661,517,665,516,1817,1816,515
521,520,1917,586,589,518,519,1817,1816,514
521,519,520,588,524,590,518,1917,586,436
589,592,524,666,593,519,521,588,669,668
593,592,525,594,596,522,523,526,440,668
593,591,594,590,668,596,523,524,522,525
592,594,591,668,596,590,525,522,523,526
593,668,596,592,591,743,739,526,595,669
670,672,526,596,597,530,673,529,671,527
594,526,595,593,591,670,592,668,525,672
672,670,673,530,595,529,671,746,528,675
599,453,451,452,1872,1871,680,450,1714,449
598,453,451,1872,452,680,1871,450,1714,682
684,601,685,603,1720,1901,456,455,1873,1721
600,685,684,455,759,454,603,1720,1901,456
1874,1718,1915,1901,1873,603,1720,1723,1722,1916
1720,1901,684,602,1874,1721,1873,1902,600,1718
605,606,607,1916,686,1725,1722,535,1718,1726
606,604,686,1725,607,1726,1724,1722,610,1916
686,605,604,1725,1724,1722,1726,607,610,1718
535,1916,604,605,534,610,1725,609,606,686
609,611,539,610,533,535,613,532,607,1729
608,610,535,607,1725,611,539,1727,1728,1726
609,1725,1726,608,1728,605,607,1727,686,535
539,608,613,614,609,533,538,612,537,1729
614,618,538,617,616,613,541,687,537,611
614,1729,611,539,688,689,612,608,609,1727
613,612,688,687,618,611,1729,539,689,617
620,547,621,543,545,691,696,616,540,690
617,618,543,542,690,612,687,541,615,692
616,618,543,542,690,612,687,541,615,614
617,616,612,687,543,614,690,542,541,688
546,622,620,621,547,544,625,545,694,551
621,547,615,694,545,619,696,691,695,546
620,694,696,695,547,691,615,619,622,697
619,694,625,621,695,699,620,696,546,697
624,1719,698,627,551,625,699,550,700,702
623,625,551,699,698,1719,627,700,550,549
699,624,700,551,622,623,619,701,698,546
628,627,631,552,550,1719,479,702,478,698
1719,623,698,626,550,702,624,628,1730,551
626,631,627,704,630,703,702,1719,552,1921
630,554,557,633,707,1921,555,631,704,553
631,704,1921,629,705,628,554,706,633,784
704,630,628,1921,705,703,626,629,784,781
558,637,635,634,556,561,633,560,557,707
707,708,635,629,632,557,634,555,706,630
635,710,637,632,639,1876,708,709,558,1877
634,632,708,707,633,637,709,710,1876,558
638,562,641,639,643,559,566,1878,564,1903
558,632,634,561,639,556,635,710,560,1876
636,562,1878,643,641,1903,639,566,559,564
710,637,1876,634,638,636,1903,1877,635,562
565,642,566,568,570,641,644,645,643,499
566,643,640,642,1878,638,644,636,562,565
644,640,641,643,711,566,565,570,712,568
1878,641,642,566,712,638,644,640,636,711
642,711,714,640,712,643,570,641,645,716
570,647,568,565,567,646,640,644,642,569
647,569,567,648,574,645,573,649,570,650
645,646,570,567,648,568,569,565,644,640
646,647,715,721,719,716,718,717,645,569
574,650,573,572,569,1919,1918,646,651,500
1919,1918,649,651,719,574,721,573,569,572
1918,1919,650,720,719,649,722,721,800,653
654,655,653,576,723,720,802,651,1918,803
655,654,652,723,720,651,1918,802,576,1919
655,652,653,723,576,720,651,802,1918,1919
654,653,652,723,720,802,651,576,1918,1919
582,657,581,658,579,511,580,726,578,1920
658,726,656,582,581,727,580,725,579,511
657,726,656,582,727,581,725,580,660,579
587,583,585,661,665,517,662,728,584,660
662,728,584,585,727,661,729,659,583,731
659,728,662,665,729,585,587,660,733,730
728,660,729,661,727,731,585,730,584,659
664,1917,732,586,735,667,1817,588,665,1816
732,663,735,667,665,736,1917,734,586,733
733,661,734,659,664,587,732,810,729,730
667,669,590,737,735,740,738,668,663,732
666,735,663,732,664,1917,736,669,737,738
594,593,669,592,739,740,596,591,743,590
666,740,668,737,742,739,667,590,594,592
672,595,597,673,671,596,746,526,530,743
743,746,672,744,748,673,670,745,749,595
670,673,597,671,595,746,743,748,530,596
672,746,670,597,671,748,595,675,749,747
675,676,678,750,752,1875,747,1879,751,1870
747,674,751,750,673,1818,832,746,597,676
752,678,750,674,1879,753,677,1819,675,834
679,678,676,752,753,757,681,1875,754,674
676,752,677,674,753,750,1875,1879,679,675
677,757,681,682,753,755,683,756,754,758
682,681,683,755,756,758,679,757,1871,1872
682,683,755,756,758,680,757,679,677,754
683,755,681,756,758,680,757,679,754,677
755,682,756,758,681,680,757,679,754,835
1720,603,685,600,1901,1721,1902,601,759,760
684,759,600,1721,601,1720,603,1902,1901,839
606,605,1725,1724,1726,604,1722,610,607,1728
688,618,765,614,617,616,612,690,769,692
687,614,765,613,1729,689,612,618,766,769
1729,1727,766,1736,613,688,763,762,1728,768
692,691,693,616,617,696,618,687,615,695
696,695,694,690,621,693,692,697,620,615
693,690,691,769,696,697,772,695,771,687
692,690,691,696,697,769,772,774,695,771
695,696,621,691,697,622,620,619,774,693
694,696,697,691,621,622,620,774,693,692
695,691,694,697,621,693,620,690,692,774
695,774,696,694,691,693,775,773,692,621
1719,702,1730,623,627,624,700,699,780,625
700,625,701,624,777,622,623,776,698,551
701,699,777,776,625,624,698,778,1730,623
700,777,699,776,773,778,625,1737,779,622
1730,698,1719,780,703,627,623,628,776,626
781,702,780,704,631,1730,784,782,705,628
631,1921,705,630,703,784,628,706,781,629
1921,704,784,706,630,631,785,781,703,629
785,705,1921,786,784,787,707,704,708,790
633,708,635,629,706,788,709,632,634,557
707,633,635,709,788,634,790,706,632,629
788,789,708,790,791,635,792,1876,793,634
1876,639,634,1877,637,635,1903,792,709,632
714,644,712,642,716,713,717,715,643,718
713,711,1878,643,644,714,642,795,641,1903
712,711,795,1878,796,714,643,799,1922,644
711,716,717,715,718,644,799,797,712,713
717,718,716,797,714,798,799,648,711,644
717,715,718,714,797,799,798,711,644,648
716,718,715,797,714,798,799,711,648,644
717,715,797,716,798,714,799,711,648,1905
721,722,1919,650,1918,800,651,648,649,720
651,802,1918,800,1919,722,719,653,723,650
722,719,800,1919,648,650,1918,801,651,715
721,800,719,1919,801,720,651,1918,650,648
802,655,653,654,803,720,652,879,651,878
805,807,725,1920,806,880,881,578,577,882
724,805,658,809,657,807,726,656,881,884
658,657,727,656,582,581,660,580,725,662
726,660,662,728,731,658,729,657,730,584
662,729,660,661,731,730,727,585,810,659
730,731,728,810,662,661,733,660,665,727
810,729,731,733,811,728,662,661,815,734
729,730,810,728,662,812,727,811,661,660
735,664,736,663,667,734,813,665,738,733
734,665,810,814,730,815,729,661,811,732
733,814,815,665,813,810,732,736,817,730
732,736,664,667,663,738,813,666,737,818
813,738,735,732,818,816,814,734,664,737
738,820,819,818,740,669,823,666,736,742
818,737,736,820,813,735,816,819,893,732
741,821,742,740,743,668,744,827,822,669
742,669,739,737,741,823,819,668,821,666
821,739,827,822,744,826,742,745,743,740
740,739,821,741,824,823,822,819,669,827
744,671,741,745,739,748,826,821,746,672
745,743,826,671,825,748,741,821,827,746
826,744,825,828,827,748,821,741,743,749
748,673,749,671,672,829,744,745,743,825
751,675,1818,829,832,830,750,746,749,673
746,749,671,744,745,825,829,673,826,743
748,829,746,831,825,830,745,828,744,826
1879,1819,752,676,751,832,833,675,747,1820
1818,832,747,830,1820,829,750,675,1819,1879
676,753,678,1879,750,677,1819,834,674,833
752,834,754,676,757,677,1879,679,678,835
835,757,834,753,758,756,755,679,905,681
683,756,682,758,681,757,680,679,754,835
755,758,683,682,681,757,680,754,679,835
754,679,681,756,755,758,682,683,753,835
756,755,683,682,681,757,754,680,679,835
685,838,839,1721,684,1902,760,1904,761,1739
1904,1731,1902,761,1721,1739,1740,840,839,1735
1904,1739,1740,1731,840,760,1902,839,1721,843
764,1736,763,845,1741,768,1727,1728,1742,847
768,845,762,847,766,1741,1736,1742,764,689
1741,762,845,1736,763,1734,1742,1732,768,841
767,688,770,687,769,766,1743,771,689,614
768,763,689,1743,847,765,845,1729,762,1736
770,1743,765,848,769,771,1746,849,1744,1745
847,763,845,766,1742,1743,762,1741,846,918
770,771,767,692,765,693,772,1746,848,687
767,771,769,848,1746,765,772,1743,849,692
1746,770,848,769,772,767,849,693,692,850
1746,771,852,775,769,693,848,774,770,692
1737,777,701,774,851,775,697,778,700,622
775,697,773,695,772,852,693,696,694,853
774,852,853,772,854,697,773,851,1737,693
778,777,779,700,701,855,856,1730,699,857
701,776,778,700,1737,773,779,855,699,856
779,855,856,776,777,857,1737,701,700,851
855,778,856,857,776,777,783,1737,701,858
783,1730,702,703,776,781,698,779,782,1719
782,784,703,780,705,783,704,787,1821,1921
781,784,1821,787,1924,703,783,933,859,780
780,859,779,857,1730,782,781,855,776,1821
781,705,787,782,1921,785,706,704,703,786
786,787,706,784,790,705,862,860,1921,788
785,787,790,862,706,860,788,861,791,784
785,786,784,860,706,782,1924,1930,781,861
790,709,791,708,789,786,862,707,793,706
793,792,791,866,709,863,794,1877,788,790
788,791,862,786,709,789,785,708,706,793
789,793,790,863,866,862,788,709,864,792
793,789,1877,794,866,1876,709,791,863,710
789,866,792,794,863,791,1877,709,1876,864
866,793,792,867,789,863,1738,1877,868,940
1922,796,1923,1738,713,1925,712,1903,871,867
795,1923,1922,871,1925,1738,713,1926,870,868
798,718,717,715,799,716,1905,714,873,711
797,718,717,799,1905,715,716,714,873,872
797,798,717,718,716,714,715,711,713,873
722,721,719,720,801,876,1919,651,1918,802
876,1905,872,1927,800,875,722,798,721,797
723,720,800,877,655,653,654,651,722,803
879,804,723,878,802,806,655,654,652,653
879,803,806,880,883,878,957,960,959,723
724,807,880,806,725,881,882,1920,883,959
880,807,804,883,805,882,881,959,724,960
805,880,881,806,882,724,883,725,959,960
884,885,809,812,887,886,965,966,1880,888
884,808,887,885,962,725,886,812,966,965
730,811,729,733,815,731,734,814,817,665
815,810,817,889,892,730,891,890,888,731
885,888,1880,808,886,967,731,889,965,884
816,736,814,818,734,738,893,891,817,732
734,813,815,817,891,733,816,736,892,810
817,811,891,814,892,810,734,733,1822,730
813,893,818,814,736,891,738,817,1822,1823
891,892,815,1822,814,1823,811,816,890,813
738,816,893,813,820,736,737,819,895,814
820,823,894,895,737,897,824,818,738,742
819,823,818,895,894,737,738,893,897,824
741,827,822,739,826,745,742,744,896,825
827,896,821,741,824,826,742,745,828,898
894,819,824,897,820,895,742,898,737,740
897,823,894,896,898,822,742,819,899,821
828,826,745,744,749,748,827,901,831,821
745,825,828,827,744,821,741,822,748,743
822,821,826,741,745,896,825,828,744,739
825,826,901,745,831,827,749,744,900,748
830,749,1818,831,747,748,751,746,832,902
1818,829,751,832,902,831,749,747,1820,904
901,828,749,829,825,830,903,1881,748,902
751,1818,1820,830,1819,747,833,750,1879,902
1819,1820,836,1879,832,834,750,1928,904,751
836,753,835,754,833,1819,1928,1879,752,757
754,834,905,757,753,836,1928,758,907,756
833,1928,834,1819,1820,1879,906,835,753,750
908,984,907,758,756,755,1052,683,682,680
839,1824,759,840,1739,761,1904,909,760,1740
838,840,1739,761,1904,760,1740,759,1721,1824
1739,1740,761,1904,1731,760,839,843,838,1902
842,1734,1735,1732,1733,844,843,910,764,911
841,844,910,843,911,1734,1735,913,1733,1732
911,844,910,912,842,1740,840,1739,841,1735
910,911,842,843,913,912,841,989,1735,917
763,1741,768,1742,762,847,764,846,766,1736
914,918,1742,847,916,845,1741,768,915,1828
768,845,763,1742,1743,846,766,918,914,1741
1746,771,849,770,767,922,850,772,919,769
919,922,848,1745,1744,1746,850,921,923,767
922,924,1746,848,925,849,852,923,854,997
1737,853,858,856,773,854,775,778,852,1929
853,775,854,772,1929,774,850,1746,851,926
854,852,775,1929,851,926,1737,774,927,772
853,1929,852,926,927,775,851,850,928,924
779,856,778,857,776,777,858,1737,930,851
855,778,779,857,858,1737,851,777,776,930
855,779,856,778,929,930,858,776,783,859
930,856,931,851,857,928,855,778,779,929
934,783,1821,929,935,933,857,1005,932,782
861,1930,1825,865,862,787,786,936,1924,1931
860,1930,865,1931,862,938,1825,1882,786,1830
865,790,791,786,861,938,860,788,1931,864
866,864,939,793,791,940,789,794,938,792
939,863,938,940,865,1931,866,791,942,862
938,1931,861,862,1882,864,860,1930,791,939
793,863,794,789,792,791,864,940,939,1877
868,1925,1738,1923,869,794,1922,1932,1926,796
867,1925,869,1923,1738,1926,1932,871,941,1922
868,1926,1925,941,867,944,1932,945,943,871
871,1926,873,944,874,796,799,1925,945,946
1926,870,1925,796,944,1923,869,868,1738,795
875,1905,801,873,1927,874,876,949,798,950
874,872,1905,870,875,950,798,799,797,949
950,873,875,872,949,870,1905,951,946,1927
949,872,874,1927,951,950,873,1905,876,952
801,1927,872,877,1905,875,800,949,952,722
876,1927,953,952,955,801,800,802,954,949
956,879,1019,953,958,1023,957,803,1020,804
804,803,878,957,958,723,956,806,1023,802
806,807,883,882,881,805,959,960,804,724
882,807,880,883,805,959,806,964,960,725
881,883,959,807,880,960,964,806,961,805
959,960,882,880,961,806,881,807,1024,1022
809,808,887,885,886,962,966,965,812,963
886,808,812,965,884,966,887,1880,967,888
965,966,885,967,1880,812,888,808,887,884
962,884,809,966,885,808,965,886,963,1027
1880,889,967,812,968,890,886,811,885,965
890,888,1880,811,968,967,892,971,815,812
889,971,892,968,1822,1823,972,811,888,1880
817,892,1822,815,1823,814,811,816,971,890
1822,891,817,1823,890,971,815,811,889,1747
816,818,820,895,1826,813,738,819,974,736
823,897,819,824,895,898,820,896,742,899
894,820,819,823,974,893,897,1826,898,818
822,824,898,899,897,827,821,977,894,823
894,898,824,823,896,895,819,899,820,822
897,899,824,896,894,823,822,977,895,979
898,977,896,978,897,824,900,979,822,1042
1881,977,901,978,980,828,899,903,982,896
831,828,1881,900,903,825,826,749,829,745
904,1883,830,1818,903,832,1820,831,829,751
1881,981,901,1883,831,902,982,900,830,904
902,1820,1883,832,833,830,983,1818,1819,751
907,835,906,1928,754,834,836,908,1051,757
1928,905,836,834,835,833,1051,907,1050,1047
908,905,984,1051,835,1052,906,754,1928,758
984,907,905,1052,837,1051,835,758,754,756
987,1824,1827,988,1055,912,986,838,840,839
911,844,913,912,842,843,989,917,841,990
910,912,844,843,913,989,842,841,990,1827
911,910,989,913,843,844,1827,991,990,842
989,910,917,990,911,912,844,994,915,991
918,846,916,1742,1828,920,847,915,993,845
917,993,916,914,994,846,913,1742,1741,1828
1828,993,914,918,846,995,915,920,1742,1885
994,915,990,913,993,989,1748,1059,910,916
914,846,1742,847,916,920,1828,1744,768,845
1745,849,1744,922,921,923,848,920,996,998
1828,918,921,914,996,916,1745,1744,1884,919
996,998,923,919,1884,922,1745,920,849,1744
849,850,919,923,848,921,1745,1746,924,925
921,998,922,996,924,919,997,925,999,849
925,997,850,923,927,926,1933,922,1929,999
924,997,927,926,1933,850,923,1000,1929,999
1929,927,854,925,928,924,853,997,1000,852
926,1929,925,1000,924,928,854,997,1933,853
931,927,926,1001,1929,858,930,1004,1000,1002
932,857,859,935,930,1002,931,934,1003,858
858,931,1002,929,857,932,928,856,1003,855
1002,930,1003,858,928,932,1004,929,1001,857
929,1002,1003,931,935,930,934,1005,1008,857
1821,934,1924,936,1005,859,937,935,1006,782
935,933,859,1005,1821,929,1006,1007,932,1924
1005,934,1007,932,929,859,933,1008,1006,1821
1924,937,1825,1930,933,1821,860,1829,861,1006
936,1825,1829,1924,1009,1930,933,1006,1010,1821
865,1931,864,1882,862,939,861,863,791,860
864,940,863,942,938,866,1932,1931,865,791
939,942,1932,864,863,866,943,794,941,1012
943,1932,1011,869,947,948,942,945,868,1749
940,1932,1012,939,943,941,864,1886,1011,863
941,1011,1932,947,942,869,1012,1013,1749,948
945,1926,948,947,946,869,871,870,1925,941
944,948,947,946,1926,869,1014,941,1749,871
945,1014,948,944,947,950,1016,874,1926,1749
948,945,1749,944,941,943,946,869,1015,1011
947,945,944,946,1749,1014,941,869,1926,1015
951,875,952,1927,872,950,874,876,954,873
874,875,949,946,951,873,872,870,1014,945
949,952,875,1927,954,950,874,872,1017,876
954,951,1927,949,1017,875,876,877,955,872
955,1017,1020,877,954,956,1021,952,878,1019
1017,952,955,951,1018,953,949,1927,877,875
953,1017,954,1020,1021,952,1018,877,1091,956
1019,878,1020,1023,958,953,1021,957,1092,955
958,1023,1022,961,960,1019,956,1093,1092,878
957,1023,1022,1019,956,1093,1092,961,960,878
883,960,961,882,1024,880,1022,881,806,957
959,961,883,1022,1024,957,882,880,958,1025
960,1022,1024,959,1025,883,957,958,1094,1096
963,887,1027,966,884,964,1031,965,1029,809
962,1027,964,1029,1026,1028,887,1031,1098,1033
1026,1028,963,1098,962,1027,1029,882,1024,881
966,886,885,967,1030,1880,887,1031,888,969
965,886,885,967,887,1031,1030,962,1880,1032
1880,888,968,886,965,969,889,966,1034,885
969,970,967,1034,1880,889,890,888,1035,1030
1034,968,970,1030,1037,967,1035,1036,1880,965
1035,968,969,1036,1034,1038,972,1750,1040,971
972,1823,890,1747,1822,892,1038,970,891,1750
971,1747,1038,1750,970,1035,1039,1823,890,1040
975,1826,974,1039,1747,1833,976,1038,1889,1750
975,1826,976,895,973,1041,893,1833,1889,979
974,973,1826,976,1833,1889,1832,1041,895,979
1041,979,1889,1043,974,1832,975,1833,1044,1042
978,899,900,980,896,1881,898,1042,982,822
977,980,899,900,1042,1881,982,898,896,979
1043,1041,976,1042,1044,1889,1832,1045,1833,899
978,982,977,900,1881,1110,1111,899,1042,981
1883,903,982,983,1046,1881,902,980,1048,1049
980,981,1881,903,900,1111,1110,978,977,1883
1047,1883,1048,1046,1049,981,904,902,903,1050
908,1052,907,837,1051,905,835,758,906,756
1053,986,988,1054,1824,987,909,838,1116,1117
988,1053,985,987,1054,1824,909,1055,1056,1827
909,988,1824,1827,986,1055,1056,838,985,912
986,987,1055,1824,909,1056,1053,1827,985,1054
913,990,991,912,910,994,917,911,992,844
994,989,917,913,991,1057,1059,992,1748,1061
992,989,990,1057,1058,1827,913,994,912,1061
991,1058,1057,1827,989,990,1753,1055,912,913
916,915,1828,917,995,1748,994,914,1059,1885
990,917,1059,1748,989,913,993,1057,915,1061
1885,1828,993,916,1064,1062,1748,1060,920,1059
998,921,1884,923,920,999,1068,919,922,1745
925,924,1933,999,923,927,1000,926,1067,850
996,921,923,1884,999,1068,997,919,922,924
1068,1067,998,997,1933,1069,923,996,1884,925
1933,1071,927,1001,1072,997,1067,925,926,924
1004,1075,1000,1073,928,1071,1076,1072,931,1002
1003,931,932,1004,930,929,1075,928,1001,1074
1002,931,932,1004,1074,1075,930,929,1001,1008
1075,1001,1003,1002,931,1076,928,1073,1077,1074
935,1007,1006,934,1008,933,1829,932,859,1821
1005,1007,1829,1009,1008,933,937,935,1834,1079
1008,1005,1006,935,1078,1079,934,1834,1829,1074
1007,1078,1005,1074,1006,935,1079,932,1080,1003
1829,1835,1834,1010,937,1890,1006,1891,1079,1825
1009,1830,1837,1829,1890,1835,937,1834,1825,1882
1013,943,941,1012,1749,1081,1751,947,1015,942
942,1011,1886,1751,1013,943,1082,941,1932,940
1081,1011,1751,1083,1749,1015,1012,1084,943,1082
1016,946,1839,948,1749,947,1015,945,1831,1840
1749,1081,1840,1016,1013,947,1014,1011,1085,948
1839,1014,1840,1015,1831,1749,1085,946,1087,948
954,1018,955,952,953,951,1021,1020,949,1091
1017,954,1086,1090,1089,955,1088,952,1091,951
956,1023,1092,1020,958,1093,1021,957,878,1091
1021,1091,1019,956,955,953,1092,1017,1023,1093
1091,1020,955,1019,1088,956,953,1017,1092,1018
961,957,958,960,1023,1025,1094,1024,959,1093
958,1019,957,1093,1092,956,1022,1095,1020,878
1025,961,1096,960,959,1097,1022,1094,1028,883
1024,1096,1094,961,1097,1022,960,959,1098,1028
1028,964,1098,1029,963,1027,1100,1097,1096,1099
1029,963,962,1031,1033,1026,1099,1032,1028,964
1026,1098,964,1029,963,1100,1097,1027,1096,1099
1027,1099,1026,1028,1098,963,1100,1033,964,1104
1034,1037,969,1032,1031,1105,1101,965,966,968
1032,1033,1030,1102,1101,1027,966,965,1103,1105
1031,1033,1102,1101,1030,1103,1105,1037,1027,1104
1102,1032,1031,1101,1103,1104,1027,1105,1030,1029
969,1037,1030,968,970,1035,1036,1105,967,1032
1036,970,1750,1040,1038,1034,969,972,968,1037
1035,1040,970,1750,1038,1037,1034,1752,969,1039
1034,1030,1105,969,1036,1106,1101,1035,970,1032
1750,972,1040,1039,1035,1747,970,1036,971,1752
1750,1040,1038,1752,972,1747,973,1035,1036,970
1750,1038,1039,1752,1036,1035,972,970,1747,971
1889,1832,1043,1044,979,976,1833,1045,1042,1109
1043,1045,979,1044,1041,1109,978,1889,1832,976
1044,1041,979,1045,1042,1889,1832,976,1109,1833
1043,1045,1041,1832,1889,1109,979,1042,1833,976
1044,1109,1043,1042,1041,1832,1889,979,1833,976
1049,1048,983,981,1047,1112,1111,1883,1113,982
1048,983,1049,1050,1046,1114,1883,1113,981,904
1049,1046,1047,983,1113,1112,981,1883,1050,1114
1046,1048,1112,1047,983,1113,981,1111,1173,1883
1114,1047,1115,1048,1113,1051,906,983,1049,1174
1052,1115,907,1050,905,906,984,908,1114,1928
984,1051,908,907,1115,905,837,906,1050,1114
1054,986,985,1116,988,1117,987,1824,1056,1055
1053,1116,1117,986,985,988,1056,1055,987,1118
1056,1118,1753,988,1827,987,992,1119,909,986
1118,1055,1753,1119,988,1175,987,986,1827,1176
1061,1058,991,990,1059,1120,992,994,1121,1748
1057,992,991,1120,1061,1753,1121,1123,1119,990
1748,1061,994,1060,1057,990,1120,917,993,1121
1748,1124,1059,1064,1061,1885,1062,995,1125,1066
1059,1120,1057,1121,1748,1060,1058,1122,994,1123
1064,1066,1885,1935,1065,1063,995,1060,1124,1884
1065,1070,1066,1069,1062,1884,1068,1935,1128,1064
1062,1066,1935,1885,1060,1124,1065,995,1125,1063
1063,1066,1935,1062,1070,1064,1128,1130,1129,1069
1935,1062,1064,1065,1063,1125,1124,1130,1885,1060
1933,999,1068,1071,1072,1069,1131,1000,997,1132
1069,999,1070,1067,1063,1131,1884,998,996,1933
1070,1068,1131,1133,1063,1132,999,1129,1067,1128
1069,1131,1133,1128,1129,1063,1068,1065,1132,1180
1072,1000,1933,1067,1754,1001,1073,1136,1135,997
1071,1754,1067,1073,1000,1933,1136,1135,1001,1132
1135,1076,1075,1077,1754,1072,1136,1001,1071,1004
1078,1008,1003,1077,1137,1075,1138,1004,1076,1007
1004,1076,1077,1001,1073,1003,1135,1074,1002,931
1077,1075,1073,1135,1004,1001,1137,1139,1074,1136
1076,1075,1137,1135,1073,1139,1074,1138,1004,1001
1008,1074,1079,1142,1007,1080,1138,1143,1834,1137
1080,1834,1835,1891,1078,1141,1007,1890,1008,1006
1079,1141,1891,1834,1835,1890,1892,1078,1144,1145
1013,1015,1749,1084,1083,1011,1751,1085,1840,1082
1751,1838,1083,1012,1886,1888,1013,1084,1148,1836
1084,1751,1082,1152,1081,1013,1153,1838,1148,1011
1083,1152,1081,1751,1013,1153,1082,1085,1015,1838
1840,1015,1839,1016,1081,1087,1154,1084,1749,1152
1090,1831,1018,1087,1089,1839,1155,1159,1158,1017
1839,1831,1154,1840,1016,1085,1086,1155,1203,1014
1157,1089,1158,1091,1160,1159,1090,1162,1021,1018
1158,1088,1090,1157,1159,1160,1018,1205,1091,1086
1089,1159,1158,1086,1156,1018,1088,1157,1205,1160
1021,1020,1088,1157,1089,955,1019,1018,1017,1092
1093,1095,1023,1019,958,1020,956,1021,957,1094
1092,1095,1023,1019,958,1094,1164,957,1022,1161
1025,1095,1164,1022,1165,1093,1167,1024,1096,1092
1093,1092,1164,1094,1165,1161,1166,1167,1163,1023
1097,1025,1024,1098,1100,1028,1026,1094,961,1168
1096,1098,1100,1025,1028,1024,1026,1168,964,1094
1100,1028,1026,1097,1029,1099,1096,964,1027,963
1029,1100,1169,1098,1104,1027,1033,1028,1102,1026
1098,1099,1097,1028,1029,1096,1026,1169,1027,964
1103,1102,1105,1033,1032,1104,1031,1106,1037,1107
1033,1101,1103,1104,1032,1031,1105,1030,1027,1107
1101,1102,1105,1104,1033,1107,1106,1032,1037,1031
1102,1103,1033,1101,1099,1032,1169,1105,1031,1029
1101,1106,1037,1103,1107,1030,1102,1032,1034,1033
1107,1105,1103,1101,1037,1036,1756,1102,1034,1030
1106,1105,1103,1101,1756,1037,1102,1217,1104,1036
1172,1758,1833,1832,1889,1757,1109,1044,1220,1041
1045,1044,1043,1042,1832,1889,1041,1833,979,1108
1111,982,980,1046,981,978,1042,1223,1112,1049
1110,982,980,1046,981,1049,1112,1048,1223,978
1173,1113,1049,1046,1048,1174,1111,1110,1047,1224
1112,1173,1174,1049,1114,1048,1046,1047,1050,983
1050,1115,1113,1047,1174,1048,1049,1051,1112,1173
1114,1050,1051,1174,1052,1113,1047,906,1048,907
1117,1054,1053,986,985,988,1056,1118,1175,1055
1116,1054,1053,986,985,1056,988,1175,1118,1176
1056,1753,1119,1055,1175,1176,1058,992,988,1177
1753,1118,1056,1058,1175,1177,1055,1176,1123,992
1121,1061,1122,1123,1057,1126,1058,1059,1178,1177
1120,1122,1123,1126,1061,1178,1127,1057,1177,1058
1121,1123,1126,1120,1178,1127,1177,1759,1061,1841
1122,1121,1178,1120,1177,1126,1759,1061,1058,1127
1125,1060,1179,1127,1935,1064,1066,1126,1130,1062
1124,1179,1130,1935,1127,1066,1842,1064,1845,1060
1127,1122,1121,1123,1120,1178,1124,1179,1844,1759
1126,1179,1124,1842,1122,1125,1121,1844,1843,1178
1129,1180,1133,1070,1131,1065,1069,1063,1181,1132
1128,1133,1180,1070,1131,1069,1134,1132,1182,1065
1125,1845,1179,1935,1180,1842,1066,1065,1124,1181
1132,1133,1069,1070,1134,1129,1128,1068,1067,1182
1131,1134,1133,1069,1070,1182,1129,1183,1067,1128
1129,1131,1128,1132,1134,1070,1069,1182,1180,1183
1132,1182,1183,1133,1131,1184,1129,1128,1228,1070
1073,1076,1136,1077,1754,1186,1185,1075,1072,1139
1754,1135,1073,1186,1072,1185,1071,1183,1076,1132
1138,1139,1077,1140,1187,1142,1076,1074,1188,1143
1137,1140,1142,1139,1187,1143,1188,1077,1078,1074
1137,1138,1187,1140,1077,1188,1185,1190,1189,1076
1187,1143,1138,1142,1188,1137,1189,1191,1139,1761
1144,1080,1891,1145,1892,1146,1079,1890,1834,1835
1143,1138,1140,1078,1137,1187,1080,1139,1141,1144
1142,1140,1138,1191,1761,1187,1144,1141,1188,1137
1141,1146,1193,1145,1761,1080,1143,1891,1892,1142
1892,1146,1891,1890,1141,1144,1835,1080,1193,1192
1145,1193,1892,1144,1192,1141,1194,1891,1195,1147
1192,1150,1197,1199,1198,1196,1149,1195,1146,1765
1151,1153,1149,1838,1082,1934,1150,1083,1836,1152
1150,1934,1151,1148,1197,1147,1837,1198,1836,1199
1197,1149,1147,1198,1199,1151,1148,1192,1934,1765
1148,1149,1150,1198,1153,1197,1200,1199,1934,1838
1084,1153,1083,1081,1751,1148,1085,1082,1013,1151
1152,1148,1151,1083,1084,1082,1838,1751,1200,1149
1087,1203,1201,1085,1155,1840,1202,1839,1156,1241
1203,1156,1204,1205,1154,1159,1201,1241,1090,1767
1155,1204,1205,1203,1159,1207,1767,1158,1090,1160
1088,1158,1089,1160,1159,1162,1090,1206,1205,1091
1159,1089,1160,1157,1090,1205,1088,1156,1206,1207
1158,1205,1160,1090,1089,1156,1157,1207,1204,1206
1158,1206,1159,1205,1157,1207,1208,1089,1088,1156
1166,1163,1210,1164,1165,1212,1167,1095,1211,1213
1209,1157,1211,1088,1160,1206,1163,1161,1210,1158
1210,1166,1161,1212,1165,1164,1167,1211,1213,1209
1165,1166,1167,1161,1212,1163,1095,1210,1094,1213
1164,1167,1166,1212,1161,1163,1210,1095,1213,1094
1161,1163,1210,1165,1164,1212,1167,1213,1095,1211
1165,1212,1164,1166,1161,1163,1210,1213,1214,1168
1215,1216,1214,1167,1165,1212,1164,1094,1096,1097
1099,1104,1100,1029,1102,1098,1245,1103,1033,1101
1755,1171,1752,1756,1217,1040,1757,1106,1036,1039
1755,1170,1757,1762,1172,1752,1756,1219,1217,1247
1757,1758,1108,1220,1762,1171,1218,1219,1247,1170
1112,1113,1174,1224,1049,1046,1048,1114,1111,1223
1113,1173,1114,1112,1050,1049,1115,1048,1224,1047
1176,1118,1119,1753,1056,1177,1055,1841,1759,1178
1175,1118,1119,1753,1056,1177,1252,1841,1759,1178
1178,1123,1759,1841,1122,1121,1120,1119,1126,1844
1759,1177,1123,1122,1841,1126,1121,1844,1120,1127
1842,1125,1127,1845,1130,1124,1843,1126,1935,1844
1128,1129,1181,1760,1133,1130,1225,1226,1763,1070
1760,1225,1226,1763,1180,1227,1845,1128,1129,1130
1184,1134,1183,1228,1133,1229,1132,1129,1226,1763
1184,1182,1134,1228,1229,1132,1233,1133,1136,1754
1183,1228,1182,1229,1134,1233,1132,1133,1768,1226
1186,1190,1231,1139,1135,1234,1136,1137,1187,1077
1185,1231,1190,1136,1135,1139,1234,1232,1754,1073
1188,1140,1189,1139,1138,1137,1191,1143,1190,1142
1189,1187,1140,1191,1190,1139,1234,1138,1143,1137
1188,1187,1191,1140,1190,1234,1237,1139,1143,1138
1234,1185,1236,1235,1231,1188,1186,1189,1187,1139
1237,1761,1189,1188,1143,1140,1187,1142,1144,1138
1195,1147,1194,1196,1193,1146,1765,1199,1197,1145
1194,1146,1764,1195,1192,1144,1761,1145,1766,1196
1195,1764,1193,1192,1766,1196,1238,1146,1765,1260
1194,1196,1192,1238,1193,1764,1766,1765,1147,1146
1765,1195,1238,1192,1194,1199,1240,1147,1766,1197
1199,1198,1150,1147,1149,1765,1151,1196,1192,1200
1199,1197,1150,1200,1765,1151,1239,1147,1196,1240
1197,1198,1765,1150,1147,1196,1240,1239,1192,1200
1239,1198,1151,1199,1197,1261,1240,1150,1765,1153
1202,1241,1203,1154,1155,1767,1204,1156,1770,1087
1201,1241,1203,1154,1767,1155,1770,1204,1156,1771
1155,1156,1201,1241,1204,1154,1767,1202,1205,1087
1207,1767,1156,1205,1241,1155,1203,1159,1206,1208
1207,1159,1204,1156,1160,1206,1158,1208,1767,1155
1208,1160,1207,1205,1159,1158,1204,1157,1242,1156
1205,1204,1206,1208,1160,1767,1156,1159,1158,1241
1206,1207,1160,1205,1242,1204,1767,1159,1263,1158
1162,1211,1210,1163,1161,1157,1166,1243,1242,1206
1163,1166,1161,1212,1165,1164,1213,1211,1167,1209
1209,1210,1163,1162,1243,1161,1166,1213,1212,1242
1166,1167,1165,1210,1163,1164,1213,1161,1214,1211
1212,1210,1214,1163,1166,1167,1165,1161,1211,1164
1216,1215,1213,1212,1167,1168,1165,1166,1210,1164
1168,1216,1214,1167,1212,1165,1213,1164,1094,1166
1214,1215,1168,1213,1167,1212,1165,1164,1166,1210
1756,1755,1170,1107,1106,1171,1246,1268,1103,1752
1219,1762,1247,1220,1248,1757,1758,1172,1249,1272
1247,1762,1218,1757,1248,1249,1246,1220,1272,1172
1758,1218,1172,1762,1757,1219,1247,1222,1250,1248
1223,1222,1251,1224,1250,1274,1110,1758,1109,1294
1250,1221,1251,1220,1758,1223,1274,1218,1172,1109
1221,1224,1222,1110,1111,1251,1112,1173,1250,1109
1223,1173,1221,1112,1174,1113,1251,1294,1111,1274
1760,1226,1763,1181,1227,1230,1180,1845,1229,1846
1763,1225,1760,1227,1181,1230,1180,1229,1182,1768
1763,1226,1225,1230,1760,1181,1768,1229,1253,1182
1184,1229,1183,1182,1233,1768,1134,1230,1227,1763
1228,1768,1184,1230,1182,1227,1763,1226,1183,1233
1768,1227,1253,1229,1763,1226,1254,1225,1760,1228
1232,1235,1190,1234,1186,1236,1185,1255,1256,1233
1231,1255,1233,1256,1235,1236,1234,1186,1190,1185
1232,1228,1184,1229,1255,1231,1183,1768,1256,1182
1190,1236,1235,1231,1189,1188,1185,1187,1257,1186
1236,1234,1256,1231,1190,1255,1258,1232,1257,1189
1235,1234,1256,1190,1231,1255,1258,1257,1232,1189
1191,1761,1189,1188,1764,1257,1187,1140,1143,1847
1196,1765,1240,1195,1766,1194,1260,1764,1192,1199
1240,1200,1261,1765,1198,1199,1197,1238,1196,1769
1765,1239,1238,1196,1199,1198,1195,1197,1261,1200
1767,1201,1202,1204,1203,1770,1155,1156,1207,1205
1243,1244,1263,1208,1264,1206,1266,1211,1265,1209
1244,1242,1264,1265,1211,1263,1266,1209,1208,1162
1243,1264,1265,1242,1266,1263,1211,1288,1849,1208
1169,1289,1267,1099,1100,1216,1104,1324,1328,1271
1249,1268,1269,1272,1247,1219,1270,1273,1248,1762
1219,1762,1218,1248,1757,1249,1246,1272,1220,1172
1247,1218,1219,1272,1273,1249,1762,1246,1220,1757
1246,1272,1268,1269,1273,1247,1270,1219,1248,1762
1251,1222,1274,1220,1221,1218,1758,1248,1294,1247
1274,1250,1222,1294,1221,1223,1220,1224,1758,1248
1295,1176,1175,1841,1117,1118,1119,1177,1116,1759
1254,1768,1230,1276,1277,1275,1227,1229,1279,1278
1253,1276,1277,1279,1768,1230,1275,1278,1296,1297
1256,1232,1235,1236,1231,1258,1233,1234,1190,1257
1255,1258,1235,1236,1232,1231,1234,1233,1257,1259
1259,1280,1258,1236,1235,1234,1237,1189,1283,1256
1256,1259,1281,1257,1236,1235,1255,1280,1234,1232
1257,1280,1258,1283,1281,1282,1236,1235,1303,1256
1766,1764,1238,1194,1847,1195,1848,1196,1193,1765
1239,1769,1200,1240,1774,1765,1198,1199,1238,1197
1770,1771,1285,1286,1767,1263,1287,1208,1241,1207
1266,1242,1244,1243,1286,1264,1262,1265,1208,1849
1265,1244,1243,1266,1242,1288,1263,1772,1211,1213
1264,1244,1266,1288,1243,1772,1263,1849,1242,1318
1263,1244,1265,1849,1288,1264,1243,1242,1286,1318
1271,1850,1291,1329,1290,1330,1268,1269,1270,1292
1269,1246,1249,1270,1272,1290,1291,1271,1273,1292
1268,1270,1246,1249,1272,1290,1291,1271,1273,1292
1290,1269,1292,1268,1291,1272,1293,1249,1273,1271
1291,1267,1850,1290,1270,1329,1269,1268,1292,1330
1249,1273,1246,1269,1268,1270,1248,1293,1247,1219
1272,1293,1249,1270,1248,1292,1269,1246,1268,1332
1251,1294,1250,1222,1221,1223,1224,1220,1248,1218
1277,1278,1297,1298,1276,1253,1279,1254,1768,1296
1254,1279,1277,1296,1253,1278,1297,1275,1768,1298
1278,1275,1276,1279,1297,1254,1296,1253,1298,1299
1297,1277,1279,1298,1275,1296,1276,1299,1254,1253
1296,1276,1297,1278,1277,1254,1298,1275,1299,1253
1259,1283,1281,1257,1282,1303,1258,1304,1306,1847
1303,1280,1258,1304,1259,1340,1300,1301,1302,1283
1283,1847,1306,1848,1280,1773,1307,1305,1259,1304
1282,1280,1306,1847,1259,1304,1307,1303,1308,1848
1773,1848,1769,1305,1309,1347,1260,1348,1847,1349
1771,1286,1262,1314,1287,1770,1316,1317,1263,1355
1287,1285,1316,1262,1263,1314,1315,1266,1849,1317
1316,1286,1317,1314,1315,1285,1849,1358,1262,1318
1849,1318,1265,1266,1315,1264,1319,1244,1772,1263
1328,1324,1327,1326,1362,1331,1330,1325,1893,1363
1291,1270,1292,1271,1850,1269,1268,1267,1329,1293
1290,1271,1850,1270,1292,1267,1329,1269,1268,1293
1290,1270,1293,1291,1332,1273,1269,1850,1271,1272
1273,1292,1332,1270,1272,1290,1269,1249,1291,1268
1274,1251,1250,1221,1224,1222,1223,1248,1220,1218
1252,1176,1175,1841,1759,1177,1844,1178,1119,1118
1279,1297,1276,1278,1277,1298,1299,1254,1275,1253
1278,1298,1279,1296,1277,1299,1276,1275,1333,1254
1299,1297,1278,1277,1333,1275,1279,1296,1300,1301
1298,1333,1297,1278,1334,1296,1279,1335,1277,1337
1301,1302,1336,1337,1298,1299,1340,1333,1339,1281
1300,1302,1336,1337,1298,1299,1340,1333,1339,1281
1300,1301,1336,1340,1337,1338,1339,1369,1333,1370
1304,1281,1280,1308,1283,1340,1306,1341,1342,1307
1303,1308,1306,1281,1283,1280,1307,1344,1340,1341
1773,1848,1307,1306,1282,1345,1284,1308,1283,1847
1307,1308,1283,1282,1305,1304,1344,1773,1848,1303
1306,1308,1344,1305,1345,1304,1346,1283,1282,1773
1307,1306,1344,1304,1346,1303,1345,1283,1377,1305
1310,1349,1347,1348,1769,1774,1284,1851,1350,1351
1309,1349,1851,1348,1350,1774,1351,1347,1380,1769
1353,1354,1313,1852,1312,1352,1853,1851,1381,1350
1313,1352,1353,1356,1354,1357,1311,1381,1355,1383
1312,1352,1353,1354,1311,1356,1381,1357,1852,1383
1316,1285,1287,1317,1355,1356,1286,1358,1771,1357
1318,1849,1316,1287,1317,1319,1358,1286,1288,1266
1287,1317,1314,1315,1358,1286,1285,1849,1359,1318
1358,1316,1359,1287,1315,1314,1355,1286,1318,1849
1849,1315,1319,1288,1266,1316,1287,1317,1265,1286
1318,1315,1849,1288,1360,1323,1385,1388,1317,1358
1322,1321,1323,1325,1360,1361,1772,1326,1324,1288
1325,1320,1322,1361,1326,1323,1324,1360,1779,1327
1320,1323,1321,1360,1361,1325,1772,1319,1326,1390
1360,1322,1320,1321,1319,1388,1361,1390,1318,1288
1326,1327,1325,1289,1362,1328,1321,1893,1363,1361
1321,1326,1324,1320,1327,1361,1322,1362,1779,1289
1327,1324,1325,1362,1321,1363,1893,1779,1361,1289
1362,1326,1324,1893,1363,1328,1391,1289,1325,1779
1289,1331,1330,1327,1362,1324,1893,1326,1363,1329
1850,1330,1331,1291,1271,1267,1290,1292,1328,1270
1331,1329,1850,1328,1267,1271,1291,1289,1290,1292
1330,1328,1329,1850,1289,1392,1893,1267,1393,1362
1293,1292,1273,1270,1290,1291,1272,1269,1850,1249
1334,1299,1335,1906,1337,1298,1365,1364,1369,1297
1906,1335,1333,1365,1337,1369,1364,1367,1370,1299
1365,1364,1906,1334,1333,1367,1366,1369,1337,1371
1302,1338,1340,1339,1337,1300,1301,1343,1370,1369
1369,1339,1370,1334,1906,1333,1336,1302,1335,1338
1339,1336,1343,1340,1374,1370,1372,1373,1341,1337
1370,1369,1337,1338,1336,1372,1371,1906,1334,1302
1336,1343,1341,1338,1302,1342,1373,1303,1339,1374
1342,1343,1373,1340,1374,1375,1338,1376,1336,1398
1341,1343,1373,1375,1340,1374,1346,1376,1377,1398
1341,1373,1342,1374,1340,1338,1376,1375,1336,1398
1346,1308,1307,1377,1345,1306,1304,1378,1342,1379
1344,1346,1307,1377,1775,1308,1378,1305,1777,1306
1377,1344,1345,1378,1379,1308,1307,1342,1401,1375
1348,1349,1309,1310,1380,1284,1305,1345,1773,1776
1347,1349,1309,1380,1310,1351,1350,1776,1851,1284
1310,1309,1348,1347,1351,1350,1380,1851,1774,1284
1351,1851,1380,1349,1310,1854,1853,1348,1309,1347
1350,1851,1380,1349,1310,1854,1348,1853,1309,1403
1313,1312,1353,1356,1381,1357,1354,1383,1355,1311
1354,1313,1311,1352,1852,1312,1381,1853,1356,1357
1353,1852,1313,1311,1381,1352,1312,1853,1357,1405
1356,1357,1382,1314,1383,1358,1317,1359,1352,1312
1357,1355,1352,1383,1312,1382,1313,1314,1381,1384
1383,1356,1355,1382,1381,1352,1312,1384,1313,1407
1317,1359,1316,1355,1315,1385,1314,1382,1287,1386
1358,1317,1386,1385,1382,1384,1387,1355,1316,1411
1323,1322,1388,1320,1319,1390,1361,1321,1389,1783
1779,1321,1322,1326,1325,1320,1360,1390,1323,1362
1327,1893,1363,1391,1326,1779,1324,1392,1328,1855
1893,1391,1362,1327,1392,1779,1855,1393,1326,1394
1365,1335,1366,1906,1334,1368,1367,1333,1371,1369
1364,1335,1906,1367,1334,1366,1371,1368,1369,1333
1368,1364,1365,1335,1906,1367,1334,1333,1371,1395
1371,1395,1906,1365,1369,1396,1370,1335,1334,1364
1366,1364,1365,1335,1781,1367,1906,1780,1395,1371
1370,1337,1339,1906,1334,1367,1371,1365,1396,1335
1369,1339,1337,1371,1367,1396,1906,1338,1334,1395
1395,1367,1396,1370,1369,1906,1780,1365,1339,1334
1376,1374,1396,1338,1370,1398,1339,1373,1397,1371
1374,1343,1376,1375,1341,1398,1342,1338,1372,1340
1376,1373,1398,1343,1372,1375,1338,1341,1342,1397
1373,1398,1399,1342,1374,1376,1343,1341,1379,1377
1374,1398,1373,1372,1375,1397,1343,1400,1338,1894
1346,1379,1378,1344,1401,1345,1342,1308,1375,1775
1379,1401,1377,1346,1775,1777,1345,1423,1344,1424
1401,1378,1377,1346,1399,1375,1423,1344,1775,1777
1351,1350,1403,1348,1349,1404,1402,1776,1851,1347
1383,1352,1354,1357,1407,1313,1353,1356,1852,1312
1384,1383,1357,1355,1359,1386,1356,1358,1410,1411
1357,1382,1381,1356,1355,1384,1407,1352,1409,1312
1382,1386,1410,1383,1411,1409,1359,1357,1412,1433
1387,1359,1386,1411,1358,1414,1413,1412,1319,1778
1411,1384,1387,1359,1412,1385,1382,1410,1358,1434
1385,1411,1386,1413,1412,1414,1359,1778,1434,1416
1778,1389,1414,1415,1416,1390,1783,1360,1782,1417
1415,1783,1778,1388,1390,1416,1782,1417,1414,1418
1783,1417,1389,1415,1418,1782,1388,1778,1784,1416
1363,1893,1855,1392,1362,1393,1779,1394,1327,1326
1393,1394,1855,1391,1893,1363,1362,1327,1779,1328
1392,1394,1855,1391,1893,1363,1362,1327,1779,1331
1393,1392,1855,1391,1893,1363,1362,1443,1779,1442
1371,1396,1367,1780,1370,1369,1906,1365,1781,1419
1395,1371,1367,1780,1370,1372,1369,1419,1339,1906
1400,1894,1420,1398,1376,1895,1372,1421,1374,1419
1376,1374,1375,1373,1397,1400,1894,1399,1372,1420
1375,1398,1894,1379,1400,1401,1397,1376,1895,1373
1894,1397,1420,1398,1895,1376,1399,1421,1372,1374
1379,1378,1377,1423,1425,1399,1424,1346,1777,1775
1404,1403,1426,1432,1776,1427,1429,1380,1786,1430
1404,1402,1426,1432,1776,1380,1427,1430,1429,1786
1403,1402,1426,1432,1427,1776,1429,1430,1380,1786
1406,1853,1854,1787,1408,1852,1788,1431,1430,1354
1405,1787,1788,1408,1853,1854,1431,1430,1852,1467
1409,1381,1383,1408,1357,1384,1382,1410,1433,1354
1406,1407,1405,1787,1381,1409,1852,1853,1788,1354
1407,1410,1433,1384,1383,1382,1412,1408,1386,1381
1433,1409,1412,1384,1434,1411,1386,1435,1938,1382
1412,1386,1387,1434,1410,1413,1385,1384,1433,1435
1434,1411,1413,1410,1435,1386,1433,1387,1436,1384
1412,1436,1387,1437,1434,1411,1414,1416,1438,1435
1778,1416,1388,1415,1389,1413,1437,1387,1385,1782
1389,1416,1778,1782,1783,1388,1417,1390,1414,1418
1778,1414,1415,1389,1437,1782,1388,1783,1413,1438
1418,1783,1782,1390,1784,1440,1415,1389,1856,1441
1417,1782,1440,1784,1783,1856,1441,1415,1390,1389
1422,1421,1450,1780,1396,1451,1420,1397,1452,1395
1894,1400,1397,1895,1421,1398,1419,1376,1454,1399
1422,1419,1450,1420,1452,1451,1397,1400,1894,1453
1450,1419,1421,1451,1452,1453,1780,1447,1420,1781
1424,1425,1401,1785,1378,1428,1777,1379,1458,1457
1423,1425,1785,1401,1458,1457,1428,1937,1378,1379
1424,1423,1785,1457,1937,1401,1458,1896,1455,1379
1402,1427,1432,1429,1404,1403,1428,1789,1786,1776
1429,1432,1786,1426,1789,1402,1404,1465,1428,1403
1789,1460,1429,1426,1427,1461,1432,1423,1424,1458
1427,1432,1789,1786,1426,1428,1460,1465,1461,1402
1431,1788,1786,1854,1404,1403,1432,1463,1402,1467
1430,1788,1463,1467,1464,1786,1790,1432,1854,1406
1427,1429,1786,1426,1789,1404,1402,1403,1465,1428
1410,1434,1938,1409,1412,1435,1411,1857,1384,1386
1412,1435,1433,1411,1410,1413,1436,1938,1386,1387
1434,1938,1436,1412,1433,1410,1413,1500,1411,1857
1438,1435,1413,1434,1437,1858,1412,1938,1500,1411
1438,1416,1413,1439,1436,1414,1415,1468,1778,1782
1437,1439,1436,1468,1469,1413,1416,1858,1441,1440
1468,1441,1440,1438,1469,1437,1782,1418,1416,1415
1782,1441,1418,1439,1417,1784,1856,1783,1415,1468
1440,1439,1468,1782,1418,1469,1856,1784,1417,1438
1443,1444,1856,1784,1792,1855,1418,1779,1391,1417
1442,1444,1792,1855,1856,1784,1394,1391,1393,1392
1443,1792,1442,1856,1784,1418,1441,1440,1855,1417
1446,1449,1470,1474,1471,1448,1447,1943,1472,1473
1445,1449,1447,1448,1474,1470,1943,1471,1781,1472
1448,1474,1449,1453,1451,1446,1943,1452,1445,1944
1447,1474,1449,1943,1446,1453,1944,1451,1945,1445
1474,1943,1445,1446,1448,1447,1470,1471,1505,1472
1452,1451,1422,1453,1421,1419,1447,1793,1448,1420
1453,1450,1452,1422,1447,1421,1448,1419,1793,1945
1450,1453,1451,1422,1421,1793,1447,1419,1448,1795
1451,1452,1450,1447,1422,1448,1793,1945,1421,1944
1936,1896,1455,1895,1457,1937,1459,1475,1456,1477
1937,1457,1936,1459,1896,1454,1475,1477,1785,1478
1897,1794,1907,1796,1860,1895,1454,1475,1936,1476
1937,1455,1896,1936,1785,1459,1454,1477,1425,1475
1785,1478,1482,1424,1425,1460,1937,1479,1457,1477
1477,1475,1455,1937,1478,1476,1457,1479,1936,1454
1461,1789,1462,1482,1428,1483,1429,1481,1427,1458
1460,1462,1789,1483,1482,1481,1429,1485,1465,1428
1461,1460,1483,1481,1789,1485,1482,1465,1486,1484
1464,1467,1790,1487,1788,1431,1490,1492,1430,1465
1467,1463,1790,1487,1788,1490,1431,1492,1489,1791
1466,1485,1486,1481,1786,1462,1488,1429,1427,1432
1486,1485,1465,1481,1488,1462,1786,1484,1489,1487
1464,1463,1790,1788,1487,1431,1490,1492,1791,1787
1439,1469,1441,1438,1440,1437,1502,1782,1501,1858
1468,1439,1502,1501,1441,1530,1438,1858,1440,1437
1471,1472,1473,1505,1449,1445,1503,1943,1474,1504
1470,1472,1473,1505,1503,1449,1504,1943,1474,1445
1473,1471,1470,1505,1503,1504,1943,1506,1449,1531
1472,1471,1470,1503,1504,1505,1943,1531,1449,1506
1943,1449,1448,1447,1944,1505,1506,1945,1446,1470
1476,1459,1477,1455,1936,1478,1937,1479,1457,1454
1475,1477,1459,1897,1862,1479,1478,1455,1936,1907
1459,1478,1475,1479,1476,1455,1937,1480,1457,1936
1479,1477,1459,1480,1475,1476,1937,1455,1458,1457
1478,1480,1477,1459,1512,1476,1511,1475,1510,1862
1479,1512,1511,1478,1477,1513,1510,1545,1459,1476
1485,1486,1466,1462,1465,1488,1484,1483,1461,1460
1483,1461,1460,1462,1458,1484,1481,1789,1511,1480
1462,1482,1484,1461,1481,1460,1485,1488,1486,1466
1488,1483,1481,1515,1516,1485,1486,1462,1521,1517
1486,1466,1481,1465,1488,1462,1484,1483,1519,1489
1485,1466,1481,1465,1488,1484,1462,1519,1489,1483
1492,1489,1464,1463,1790,1467,1490,1520,1519,1466
1486,1519,1484,1485,1481,1515,1466,1521,1489,1517
1519,1520,1487,1492,1488,1486,1466,1485,1522,1524
1491,1790,1791,1493,1492,1487,1464,1467,1523,1463
1490,1493,1791,1523,1492,1790,1497,1524,1487,1464
1487,1489,1490,1520,1524,1493,1491,1790,1464,1519
1491,1523,1490,1524,1492,1791,1525,1497,1790,1487
1496,1495,1498,1497,1526,1857,1527,1528,1791,1561
1497,1494,1496,1498,1791,1491,1493,1523,1526,1490
1494,1495,1497,1498,1526,1528,1527,1561,1857,1565
1495,1496,1494,1493,1523,1491,1791,1498,1526,1490
1494,1496,1857,1526,1495,1527,1528,1499,1497,1938
1898,1899,1939,1940,1500,1527,1528,1529,1857,1941
1898,1939,1499,1940,1899,1938,1858,1857,1529,1435
1530,1502,1469,1468,1858,1441,1439,1568,1792,1438
1501,1530,1469,1468,1441,1439,1792,1858,1440,1438
1504,1473,1472,1471,1470,1799,1505,1531,1508,1506
1503,1473,1472,1471,1470,1799,1505,1531,1508,1506
1506,1472,1943,1471,1470,1508,1473,1474,1531,1449
1508,1505,1532,1531,1943,1944,1507,1474,1472,1945
1797,1945,1944,1532,1509,1533,1506,1508,1537,1798
1531,1532,1506,1505,1534,1507,1472,1943,1576,1944
1537,1798,1539,1533,1797,1507,1536,1538,1795,1535
1862,1546,1541,1545,1512,1513,1480,1543,1479,1511
1512,1513,1480,1514,1545,1479,1518,1478,1549,1510
1511,1513,1480,1545,1514,1479,1510,1546,1518,1478
1545,1512,1511,1514,1546,1547,1518,1480,1510,1541
1518,1547,1549,1513,1551,1511,1545,1512,1548,1552
1521,1517,1516,1484,1488,1519,1550,1555,1481,1486
1517,1515,1521,1550,1484,1488,1555,1519,1549,1483
1521,1515,1516,1550,1555,1484,1519,1488,1554,1520
1549,1514,1547,1551,1548,1513,1552,1511,1550,1586
1489,1488,1520,1521,1515,1517,1486,1487,1522,1485
1489,1519,1522,1492,1524,1553,1487,1525,1554,1488
1517,1515,1516,1519,1488,1484,1555,1550,1554,1520
1553,1520,1554,1524,1525,1558,1559,1557,1519,1556
1493,1524,1525,1491,1490,1492,1497,1557,1791,1522
1525,1522,1520,1523,1492,1553,1493,1557,1489,1558
1524,1557,1523,1553,1558,1522,1559,1560,1493,1520
1528,1527,1565,1561,1496,1498,1494,1499,1566,1899
1528,1526,1565,1499,1899,1566,1898,1561,1498,1567
1527,1565,1526,1566,1561,1499,1899,1567,1898,1496
1941,1940,1899,1939,1898,1900,1569,1566,1499,1567
1501,1502,1469,1468,1858,1568,1441,1439,1571,1792
1508,1532,1506,1534,1505,1472,1799,1473,1576,1507
1508,1531,1506,1534,1507,1576,1533,1505,1535,1944
1535,1539,1537,1576,1581,1509,1577,1507,1534,1532
1576,1532,1531,1508,1535,1533,1577,1506,1507,1604
1533,1576,1577,1581,1582,1578,1539,1534,1579,1537
1859,1538,1542,1540,1861,1544,1537,1580,1798,1539
1539,1509,1533,1538,1798,1536,1580,1540,1535,1581
1540,1580,1536,1544,1542,1539,1537,1859,1509,1798
1537,1509,1533,1538,1580,1581,1540,1535,1536,1798
1580,1538,1544,1542,1536,1539,1537,1859,1581,1509
1546,1543,1510,1545,1583,1862,1584,1513,1512,1585
1544,1540,1538,1536,1580,1859,1861,1539,1537,1543
1583,1584,1541,1546,1585,1588,1510,1545,1513,1862
1542,1540,1538,1580,1536,1859,1861,1539,1537,1543
1513,1546,1512,1541,1514,1511,1510,1547,1518,1480
1541,1545,1510,1543,1513,1512,1862,1583,1584,1511
1551,1548,1518,1514,1549,1552,1586,1591,1587,1513
1586,1552,1551,1591,1547,1587,1549,1518,1514,1589
1518,1514,1551,1547,1550,1548,1552,1586,1591,1513
1516,1517,1549,1555,1521,1515,1518,1551,1590,1552
1547,1548,1552,1586,1549,1591,1518,1514,1587,1550
1586,1591,1548,1551,1587,1547,1549,1518,1594,1612
1522,1554,1558,1559,1525,1524,1520,1557,1556,1599
1553,1556,1522,1555,1559,1558,1595,1599,1520,1557
1590,1554,1517,1596,1550,1521,1516,1515,1556,1598
1595,1559,1554,1599,1558,1597,1553,1596,1557,1522
1558,1560,1559,1525,1599,1553,1556,1522,1800,1524
1559,1557,1599,1560,1553,1556,1595,1525,1522,1554
1558,1599,1557,1556,1595,1560,1553,1554,1800,1522
1557,1599,1558,1559,1800,1525,1595,1556,1563,1553
1564,1863,1565,1562,1526,1600,1528,1563,1527,1566
1563,1564,1863,1561,1560,1600,1526,1497,1523,1565
1562,1564,1863,1560,1561,1800,1621,1557,1523,1525
1863,1562,1563,1561,1600,1565,1526,1621,1528,1560
1528,1566,1527,1526,1567,1561,1600,1899,1499,1941
1567,1565,1569,1941,1528,1529,1900,1527,1899,1600
1566,1565,1569,1601,1600,1900,1941,1529,1528,1527
1571,1570,1602,1900,1569,1941,1529,1940,1601,1939
1900,1601,1941,1570,1567,1529,1566,1602,1571,1568
1571,1568,1602,1900,1569,1941,1529,1601,1940,1567
1568,1570,1602,1900,1569,1941,1529,1601,1940,1939
1573,1575,1574,1799,1603,1604,1531,1534,1605,1508
1572,1575,1574,1603,1799,1604,1605,1534,1531,1576
1575,1603,1573,1572,1604,1605,1799,1534,1576,1531
1573,1574,1572,1603,1604,1605,1799,1534,1576,1531
1535,1534,1577,1533,1579,1578,1581,1532,1582,1605
1578,1581,1582,1535,1579,1606,1607,1576,1533,1539
1577,1606,1582,1579,1607,1581,1535,1576,1605,1604
1578,1606,1577,1607,1582,1605,1604,1581,1576,1535
1540,1538,1544,1542,1539,1536,1537,1581,1582,1509
1582,1577,1578,1535,1607,1533,1606,1539,1579,1576
1581,1578,1577,1607,1606,1579,1535,1576,1533,1539
1584,1543,1585,1588,1541,1546,1545,1510,1587,1542
1583,1585,1543,1588,1541,1546,1545,1610,1510,1587
1584,1583,1588,1543,1541,1610,1628,1546,1609,1608
1591,1552,1548,1587,1551,1547,1589,1612,1608,1594
1586,1591,1548,1552,1589,1608,1612,1551,1547,1594
1585,1584,1583,1610,1609,1608,1587,1543,1589,1611
1608,1612,1609,1611,1613,1587,1610,1594,1591,1586
1593,1592,1598,1596,1555,1616,1550,1614,1615,1594
1586,1552,1548,1587,1551,1547,1612,1594,1589,1608
1593,1590,1594,1614,1591,1598,1612,1552,1616,1613
1592,1590,1598,1616,1614,1615,1619,1594,1596,1613
1612,1613,1592,1589,1608,1591,1614,1611,1593,1587
1556,1597,1599,1559,1558,1617,1554,1596,1800,1557
1598,1616,1590,1555,1593,1556,1595,1597,1619,1617
1617,1595,1618,1556,1599,1596,1800,1559,1620,1633
1616,1593,1596,1619,1590,1615,1614,1592,1620,1555
1559,1558,1595,1560,1557,1800,1556,1597,1553,1554
1863,1567,1561,1565,1566,1564,1528,1601,1562,1526
1569,1900,1567,1602,1566,1570,1941,1600,1529,1571
1570,1571,1900,1568,1569,1601,1941,1529,1567,1566
1574,1604,1575,1605,1573,1572,1579,1534,1576,1606
1605,1603,1579,1574,1606,1578,1576,1575,1577,1534
1604,1579,1603,1606,1578,1576,1574,1577,1607,1582
1607,1578,1579,1582,1577,1581,1605,1623,1604,1535
1606,1578,1582,1579,1577,1581,1623,1624,1535,1605
1589,1609,1612,1611,1610,1613,1587,1594,1591,1586
1610,1611,1608,1589,1612,1613,1588,1587,1629,1594
1609,1611,1608,1589,1612,1629,1613,1588,1587,1630
1609,1608,1589,1610,1613,1612,1594,1630,1629,1587
1589,1613,1608,1594,1611,1609,1587,1591,1610,1586
1612,1611,1594,1589,1608,1609,1610,1614,1587,1592
1615,1593,1619,1616,1594,1598,1592,1613,1631,1612
1619,1614,1616,1598,1593,1631,1592,1590,1594,1620
1598,1619,1615,1593,1596,1614,1590,1592,1620,1617
1597,1618,1620,1633,1595,1596,1599,1556,1800,1634
1633,1617,1620,1597,1635,1634,1622,1637,1595,1800
1615,1616,1598,1614,1620,1593,1596,1634,1631,1590
1634,1618,1617,1619,1633,1635,1616,1597,1598,1615
1622,1800,1636,1560,1599,1633,1618,1563,1617,1637
1621,1636,1633,1637,1618,1800,1638,1617,1597,1641
1624,1625,1606,1607,1579,1578,1605,1626,1582,1604
1625,1623,1626,1607,1606,1627,1578,1582,1579,1577
1624,1626,1623,1627,1607,1606,1582,1578,1579,1577
1625,1627,1624,1623,1628,1607,1606,1582,1578,1579
1626,1628,1625,1624,1623,1607,1585,1606,1580,1582
1627,1585,1626,1629,1584,1588,1583,1610,1609,1625
1630,1610,1609,1611,1608,1613,1589,1632,1612,1588
1629,1632,1611,1613,1610,1609,1631,1608,1612,1589
1632,1615,1614,1619,1630,1613,1616,1634,1594,1593
1631,1630,1629,1614,1613,1615,1611,1619,1612,1609
1618,1635,1637,1617,1620,1622,1634,1597,1638,1636
1620,1635,1633,1618,1619,1617,1615,1616,1631,1646
1633,1634,1637,1648,1620,1646,1618,1638,1649,1654
1638,1637,1647,1622,1641,1649,1621,1648,1633,1640
1638,1636,1633,1648,1635,1649,1622,1618,1647,1650
1637,1649,1648,1636,1647,1650,1635,1656,1633,1622
1640,1642,1641,1644,1651,1645,1652,1647,1636,1653
1639,1642,1641,1651,1647,1652,1644,1653,1645,1636
1640,1647,1639,1636,1642,1651,1653,1638,1656,1622
1640,1639,1651,1644,1645,1652,1641,1661,1653,1647
1645,1644,1642,1601,1639,1651,1640,1652,1602,1600
1645,1643,1642,1639,1640,1651,1652,1641,1661,1600
1644,1643,1642,1651,1652,1639,1640,1661,1663,1641
1654,1648,1650,1635,1657,1649,1655,1638,1637,1634
1641,1636,1638,1656,1649,1653,1640,1637,1650,1658
1649,1650,1638,1646,1637,1635,1654,1657,1656,1636
1648,1650,1638,1656,1637,1657,1647,1646,1658,1636
1649,1657,1648,1656,1659,1658,1646,1638,1654,1655
1652,1642,1640,1661,1653,1639,1641,1662,1663,1645
1651,1661,1663,1653,1642,1662,1640,1664,1645,1639
1662,1656,1651,1660,1664,1652,1647,1658,1661,1641
1646,1655,1657,1650,1648,1649,1659,1635,1638,1656
1657,1654,1659,1650,1646,1658,1648,1649,1656,1660
1658,1650,1649,1660,1659,1653,1647,1657,1662,1638
1659,1650,1655,1658,1654,1656,1649,1648,1646,1660
1656,1660,1659,1657,1650,1653,1662,1649,1664,1647
1657,1658,1650,1656,1660,1655,1649,1654,1648,1664
1658,1664,1662,1656,1659,1653,1657,1650,1663,1661
1663,1652,1651,1662,1664,1653,1642,1660,1645,1640
1664,1653,1660,1661,1663,1658,1652,1656,1651,1647
1661,1664,1652,1662,1653,1651,1660,1642,1658,1656
1662,1660,1663,1653,1661,1658,1656,1652,1659,1651
18,64,20,65,19,60,15,67,17,14
1674,27,25,1675,1677,26,1676,1671,1670,1807
30,28,1668,29,1801,1866,1802,72,34,76
30,1667,29,28,1802,76,1801,34,77,1866
43,41,40,87,39,38,42,86,36,120
24,1671,1673,1676,26,21,1672,27,23,1807
1673,1676,1670,24,1807,27,1675,26,1805,1672
66,1805,1673,1670,23,24,1671,22,20,67
1671,1670,1676,1807,1805,1672,24,1806,1675,27
1666,1675,27,1677,1676,25,26,1671,1807,69
1676,1674,27,1677,1807,1666,1671,1808,1673,1670
1671,1807,1675,1673,27,1670,1674,1806,24,26
1674,1675,69,96,1808,1809,1666,97,27,1676
59,1679,1680,58,57,1681,63,61,56,13
59,1680,1678,63,1683,61,1681,1684,57,1682
1681,1679,1683,1678,1684,59,1685,63,1697,1693
1680,1693,1678,1679,1694,1697,1683,1695,1685,59
1684,1683,62,63,60,1685,1686,1679,17,1696
1684,1682,1685,63,1680,1679,1697,1696,1681,62
1683,1685,1682,1696,63,1680,1697,1679,62,1681
1684,1696,1697,1683,1680,1682,1699,1681,1700,1694
1687,67,1689,65,1682,1700,1688,64,62,60
1688,1686,1689,67,1700,1701,65,1698,66,1702
1687,1701,1689,1702,1686,1700,67,1703,66,1698
1700,1686,1687,1698,1701,1696,1688,1703,1684,1685
128,98,100,97,95,132,96,71,129,99
99,101,100,133,132,136,103,134,135,70
106,140,105,145,141,142,78,147,107,77
1695,1681,1694,1680,1697,193,1705,192,1678,1679
1697,192,1695,1693,194,193,1681,1705,196,1685
1693,193,1694,1705,192,1681,1706,280,1697,196
1685,1700,1699,1698,1697,1684,1689,1683,1682,1703
1685,1694,1696,1699,1684,1681,1680,1683,194,192
1700,1703,1701,1696,1689,1699,197,195,199,1702
1696,1698,195,194,1697,1700,1703,1685,199,1707
1698,1689,1701,1696,1703,1699,1687,1686,1685,1702
1703,1702,1698,1700,1689,197,1688,1687,199,198
1701,198,1703,197,1688,1698,199,200,1700,288
1701,197,1698,1702,199,1700,195,1707,1699,1689
186,182,184,183,273,274,275,185,1867,359
193,1706,280,192,196,1695,281,284,1694,194
280,1705,193,196,284,281,192,282,283,194
199,285,195,197,1703,286,1699,1698,288,194
209,131,300,210,130,301,213,211,129,304
230,229,232,148,153,149,227,323,319,228
306,307,386,215,214,305,304,219,212,388
407,327,324,326,412,323,497,496,410,498
357,443,444,356,1813,1814,446,355,441,445
438,434,436,437,523,519,346,524,435,518
449,452,450,361,1872,1871,360,276,359,453
368,366,364,463,461,459,1911,457,363,458
466,468,536,373,465,537,1717,538,464,541
468,467,466,1716,373,376,377,540,375,541
1722,1723,602,1874,1915,604,606,1901,686,605
698,627,623,702,1730,624,626,550,700,699
1901,603,684,1721,1902,602,760,1723,1718,1874
1902,760,1720,1904,1901,1731,761,684,1739,603
1723,1718,606,686,605,604,1724,1725,602,1726
1722,1718,606,1733,686,1901,602,1735,1902,605
1726,686,1725,606,1728,1732,605,1734,1722,610
1726,605,686,606,610,1724,1728,604,607,609
1725,1724,1728,686,606,605,610,1727,1732,604
1736,1728,1729,689,610,1726,762,609,1725,613
1726,1727,1736,1724,1725,610,686,762,609,1732
689,1727,613,688,1736,614,766,1728,608,611
702,698,780,1719,776,703,700,783,627,623
1904,760,761,1740,1739,1902,840,1735,1721,1733
1734,1733,1724,841,1735,1726,764,1728,686,842
1735,1732,1734,841,1731,1723,1740,1724,842,1722
1732,841,1733,1735,764,1724,842,762,1726,1728
1733,841,1732,1734,1731,1740,842,843,1723,1904
762,1727,1728,689,763,764,1729,845,1726,1741
773,851,777,778,856,701,855,775,853,779
1923,1922,1925,795,867,796,868,794,871,1926
761,840,1740,1904,1731,760,839,843,1902,1721
1739,761,840,1904,1731,760,843,1735,1733,1902
764,845,1742,762,763,846,768,847,1736,914
846,845,1741,918,847,914,768,763,764,762
767,1744,847,766,768,1745,765,770,763,849
1745,919,1743,849,918,847,920,767,921,848
1744,919,849,1743,921,922,920,848,767,918
771,848,772,770,850,849,769,922,767,852
972,971,1823,1038,1750,1822,1039,892,973,1040
1059,994,1060,993,1061,995,917,1885,990,1057
1015,947,1081,948,1011,1013,1014,1016,945,941
1038,1040,1039,972,1035,1036,1747,970,1752,971
1082,1083,1013,1012,1838,1084,1081,1011,1886,1888
1040,1039,1170,1750,1036,1038,1035,1171,1755,970
1119,1118,1056,1055,1058,992,1175,1177,991,1123
1136,1072,1135,1073,1071,1132,1186,1134,1076,1183
1170,1171,1756,1217,1757,1752,1762,1219,1107,1106
1217,1755,1170,1107,1106,1171,1752,1105,1103,1036
1762,1172,1171,1219,1218,1247,1220,1758,1755,1170
1220,1172,1108,1757,1218,1762,1222,1219,1247,1250
1841,1178,1177,1844,1123,1122,1126,1127,1121,1120
1225,1181,1226,1763,1227,1180,1230,1845,1129,1182
1191,1237,1144,1143,1193,1764,1140,1141,1194,1146
1219,1757,1247,1218,1172,1220,1171,1248,1758,1755
1226,1225,1760,1227,1181,1230,1229,1180,1768,1182
1194,1766,1193,1195,1260,1238,1761,1196,1192,1146
1196,1240,1238,1199,1195,1198,1239,1197,1192,1194
1260,1764,1194,1238,1195,1196,1193,1765,1192,1240
1204,1241,1207,1770,1156,1205,1203,1201,1155,1208
1230,1253,1229,1227,1254,1228,1763,1226,1275,1276
1261,1774,1284,1309,1240,1239,1310,1238,1765,1349
1771,1262,1767,1241,1285,1204,1202,1201,1207,1286
1770,1285,1262,1286,1314,1241,1767,1287,1202,1316
1265,1264,1320,1288,1213,1322,1244,1214,1243,1266
1848,1305,1284,1306,1847,1282,1307,1283,1260,1308
1310,1769,1309,1261,1851,1349,1350,1351,1239,1284
1777,1378,1776,1345,1401,1379,1377,1423,1346,1424
1777,1775,1402,1403,1404,1426,1380,1428,1348,1427
1775,1776,1378,1423,1401,1345,1379,1424,1377,1428
1414,1416,1388,1389,1415,1783,1782,1390,1437,1417
1361,1391,1363,1362,1893,1326,1327,1855,1321,1392
1395,1781,1396,1371,1367,1419,1422,1368,1365,1906
1780,1395,1368,1371,1396,1367,1422,1419,1446,1447
1440,1418,1415,1417,1783,1389,1416,1441,1439,1390
1390,1417,1389,1415,1782,1418,1440,1778,1388,1416
1856,1418,1417,1440,1782,1783,1441,1442,1390,1792
1457,1425,1937,1424,1458,1455,1423,1459,1896,1478
1432,1427,1429,1465,1466,1426,1789,1485,1430,1486
1406,1788,1791,1405,1408,1790,1467,1464,1490,1463
1467,1431,1787,1790,1463,1464,1406,1430,1405,1791
1460,1429,1461,1428,1427,1462,1432,1426,1786,1465
1467,1464,1463,1490,1487,1788,1791,1492,1491,1787
1491,1490,1790,1493,1787,1495,1497,1467,1464,1788
1444,1856,1442,1443,1784,1441,1440,1502,1418,1468
1795,1794,1797,1796,1798,1945,1452,1453,1944,1451
1796,1795,1793,1907,1860,1897,1798,1456,1861,1797
1793,1797,1798,1794,1796,1945,1509,1860,1944,1907
1794,1860,1907,1795,1861,1897,1793,1798,1859,1456
1795,1945,1798,1793,1507,1944,1509,1794,1537,1796
1509,1795,1797,1537,1796,1536,1794,1793,1859,1539
1572,1504,1573,1531,1503,1574,1575,1473,1508,1472
1599,1560,1621,1559,1557,1558,1595,1597,1622,1617
1866,72,73,74,75,30,28,1802,1668,102
75,77,1668,72,76,30,1801,107,78,105
51,53,1804,48,55,50,9,54,3,4
1803,55,54,53,51,1908,52,58,48,9
1672,1673,1806,1807,1671,66,1670,1676,1688,1810
1807,1810,1805,1673,1676,1808,1671,1675,1672,1670
1676,1806,1675,1673,1671,1810,1808,1805,1670,27
1810,1809,1807,1677,1675,1806,1676,96,97,1674
1808,1810,97,1677,96,129,130,128,1675,1807
1808,1806,1807,1809,1676,1675,205,206,1677,1805
333,334,243,420,416,419,332,417,241,242
426,428,1912,427,250,509,247,429,249,423
441,1869,1712,357,444,443,353,354,356,442
443,445,446,447,1712,358,356,444,357,1913
512,513,429,428,509,427,517,584,510,583
1817,516,515,514,586,1917,517,587,588,432
1816,516,515,514,586,1917,588,587,663,517
751,830,832,747,829,1820,902,749,750,1819
833,1879,1820,750,836,832,751,834,752,1818
833,832,1819,904,751,1818,1879,836,902,750
933,1924,934,859,782,936,937,935,781,1005
1823,892,891,817,971,1747,890,815,972,816
1822,892,971,891,1747,817,972,890,815,816
987,909,988,838,986,839,985,1827,1055,840
1930,936,937,1924,860,861,1829,1009,1830,933
974,975,973,893,895,1747,976,1823,816,1822
909,992,912,987,1055,991,989,911,988,1824
916,995,920,993,914,1885,918,846,915,1748
1009,1006,937,1835,1834,1010,1079,936,1890,1825
1882,1931,1010,1887,1837,1836,1888,938,865,861
1839,1087,1016,1086,1014,1840,946,1085,950,1154
1889,1041,1833,1044,1043,976,1045,979,1109,975
1832,1889,1041,1044,976,975,1043,979,1108,1045
1835,1079,1891,1080,1890,1009,1829,1892,1141,1006
1834,1890,1891,1009,1079,1892,1829,1080,1145,1141
1888,1887,1934,1837,1838,1886,1830,1082,1149,1148
1934,1836,1887,1888,1010,1830,1149,1838,1886,1882
1082,1888,1836,1751,1887,1148,1934,1886,1083,1012
1016,1831,1840,1087,1014,1085,1015,1749,1154,1086
1085,1839,1016,1015,1087,1081,1749,1014,1831,1154
1759,1178,1844,1177,1123,1122,1126,1127,1121,1843
1843,1179,1845,1127,1125,1130,1844,1846,1126,1124
1842,1845,1844,1179,1846,1127,1125,1130,1126,1124
1843,1759,1841,1842,1127,1178,1126,1179,1122,1177
1842,1130,1179,1843,1846,1125,1181,1760,1225,1180
1843,1845,1842,1225,1760,1181,1227,1763,1226,1179
1282,1848,1283,1260,1773,1305,1306,1280,1237,1259
1773,1305,1847,1282,1284,1306,1283,1260,1307,1766
1318,1315,1288,1266,1319,1287,1286,1316,1265,1263
1329,1291,1271,1290,1267,1330,1292,1270,1331,1269
1350,1351,1310,1349,1380,1854,1309,1853,1774,1348
1354,1853,1353,1311,1405,1381,1313,1352,1854,1406
1852,1854,1405,1406,1354,1350,1851,1351,1311,1353
1853,1405,1430,1351,1350,1406,1431,1851,1852,1788
1394,1393,1392,1391,1363,1893,1362,1779,1443,1442
1784,1418,1417,1440,1441,1442,1782,1792,1783,1444
1938,1498,1499,1500,1433,1494,1435,1898,1527,1496
1500,1436,1438,1469,1939,1468,1940,1898,1435,1437
1861,1536,1860,1907,1796,1538,1542,1798,1544,1794
1907,1861,1796,1897,1859,1794,1536,1456,1798,1795
1859,1860,1907,1796,1897,1536,1794,1862,1798,1542
1510,1476,1541,1546,1861,1897,1907,1860,1479,1480
1564,1562,1561,1600,1563,1565,1526,1567,1528,1621
1865,70,68,71,95,98,99,69,100,1866
70,1864,1866,74,73,1801,72,101,99,71
1801,72,73,74,30,75,28,1865,1802,1668
272,271,355,356,183,180,181,270,267,358
354,352,268,350,351,265,442,353,264,441
441,1813,442,354,444,1712,353,357,1914,443
528,1914,1942,529,530,444,1875,446,1913,1869
1872,450,449,452,1714,453,451,361,680,360
1871,452,450,449,1714,453,451,361,598,360
1874,1915,602,456,603,1718,1901,1720,460,1916
602,1915,1873,1718,603,1901,1916,1720,1722,1723
1942,1913,531,1870,1914,678,674,445,446,528
1877,710,792,639,634,709,789,1903,635,793
1876,792,710,789,793,794,1903,709,639,866
643,712,1903,641,638,713,642,636,711,644
750,1819,833,752,1820,676,832,751,836,834
888,967,889,968,812,886,890,965,885,969
900,903,901,982,831,980,977,828,981,978
1931,1830,938,865,861,1887,1930,864,860,1886
981,983,902,904,903,1046,982,1881,1048,1047
996,998,921,1063,1068,920,999,923,1062,1065
995,1062,1064,1828,1060,1066,1748,993,1935,916
1888,1887,1012,1836,1838,1082,942,1751,1882,1934
1888,1836,1886,1837,1934,1838,1830,1882,1082,1012
1887,1836,1886,1838,1934,1837,1082,1830,1012,1751
1832,1041,1833,1044,1043,976,979,1045,1109,975
1891,1892,1835,1145,1834,1009,1080,1141,1079,1010
1890,1892,1835,1834,1080,1141,1145,1079,1144,1146
1145,1890,1891,1146,1141,1835,1834,1080,1144,1079
1363,1362,1391,1327,1392,1393,1855,1779,1326,1394
1400,1397,1420,1895,1398,1399,1376,1421,1454,1374
1454,1894,1420,1896,1936,1400,1397,1399,1455,1456
1454,1936,1455,1457,1937,1895,1459,1785,1475,1425
1907,1860,1796,1861,1456,1794,1476,1475,1859,1862
1939,1899,1940,1499,1500,1529,1941,1527,1528,1566
1898,1940,1499,1939,1529,1941,1527,1500,1566,1528
1569,1941,1570,1601,1529,1602,1567,1566,1571,1568
1720,603,602,1902,1721,684,1718,1723,1874,760
1721,760,1731,1904,761,1720,1901,1739,1740,1723
1878,638,639,1922,795,1877,643,710,1876,636
761,1731,760,1739,1740,840,1902,1721,839,1735
872,798,801,873,797,875,876,718,799,874
1334,1335,1365,1367,1369,1364,1333,1337,1371,1370
1860,1897,1796,1861,1794,1859,1456,1476,1862,1795
1804,1910,1803,1909,51,1695,55,281,1693,193
1910,281,362,282,456,1706,1908,1705,280,363
1909,1908,456,281,362,282,1873,454,1706,1705
363,366,364,457,368,458,1715,362,283,459
423,426,422,424,1812,425,427,338,336,510
531,445,1942,446,447,1814,1875,444,443,358
1870,528,1942,444,446,1913,1813,1869,445,443
1874,602,1873,1916,1718,460,604,1722,607,459
607,604,535,605,534,1915,606,686,1718,1725
586,588,663,1817,521,520,1816,589,514,664
651,1919,650,719,649,720,722,721,800,574
1918,650,651,719,649,721,722,720,800,648
578,577,508,724,656,805,725,507,421,575
705,704,630,706,631,784,629,785,703,781
795,1738,1923,796,1925,867,1903,868,713,871
1738,1922,1925,795,796,867,868,871,1926,869
936,1825,1821,933,937,1930,860,787,782,934
868,1923,867,1738,1926,871,869,796,1922,795
871,944,869,1925,945,870,868,796,1923,948
876,952,949,875,872,801,951,877,954,1905
906,836,834,905,833,835,1819,1820,754,904
926,854,927,853,852,928,925,924,850,851
860,1825,861,936,1924,937,865,787,1931,1882
1882,938,865,861,1830,864,862,860,939,1930
940,943,941,942,869,868,867,939,1011,1012
1000,1067,997,1071,925,999,1072,924,927,1068
1836,1837,1149,1888,1887,1838,1148,1150,1886,1151
1066,1064,1065,1062,1125,1124,1130,1063,1885,1060
1454,1896,1455,1937,1457,1459,1895,1475,1477,1476
1457,1455,1936,1459,1896,1785,1454,1477,1475,1478
1435,1857,1433,1434,1500,1410,1499,1436,1412,1498
1940,1898,1899,1500,1499,1529,1941,1858,1527,1566
1939,1898,1899,1529,1941,1499,1500,1566,1900,1527
1529,1940,1900,1569,1899,1939,1566,1898,1567,1570
1913,1914,446,445,1875,1870,444,531,528,443
1474,1505,1449,1448,1944,1506,1471,1470,1472,1447
1945,1943,1474,1507,1797,1506,1448,1505,1447,1795
1944,1797,1507,1795,1793,1943,1474,1448,1506,1453
