Stratigraphic Pick ->,1000,10000,11000,12000,13000,14000,2000,3000,4000,5000,6000,7000,9000,9500
10022,0.04%,1.71%,0.83%,0.35%,0.83%,0.05%,14.87%,2.19%,0.00%,12.95%,0.00%,29.40%,14.12%,22.67%
1003,0.00%,7.56%,0.17%,0.01%,0.04%,0.53%,0.00%,0.00%,0.30%,45.91%,0.02%,43.67%,1.70%,0.08%
10032,0.00%,0.01%,0.00%,0.00%,0.01%,0.00%,0.00%,0.02%,0.00%,0.02%,0.00%,99.80%,0.09%,0.05%
10034,0.00%,0.45%,0.19%,0.06%,0.09%,0.01%,0.28%,0.42%,0.00%,1.71%,0.00%,21.46%,29.40%,45.92%
10043,0.12%,12.01%,3.66%,0.28%,0.41%,0.02%,2.18%,2.35%,0.00%,4.23%,0.01%,20.06%,23.27%,31.40%
10058,0.00%,0.12%,13.45%,40.17%,42.24%,2.54%,0.01%,0.00%,0.00%,0.02%,0.00%,0.01%,0.73%,0.70%
1006,0.00%,21.74%,0.96%,4.30%,9.98%,0.11%,0.00%,0.00%,0.07%,55.48%,0.05%,0.34%,2.24%,4.74%
10073,0.00%,0.01%,1.93%,0.58%,97.46%,0.00%,0.00%,0.00%,0.00%,0.01%,0.00%,0.01%,0.01%,0.00%
10075,0.01%,0.02%,0.00%,0.00%,99.94%,0.00%,0.00%,0.00%,0.00%,0.03%,0.00%,0.00%,0.00%,0.00%
10094,0.00%,88.57%,3.55%,0.99%,1.18%,0.04%,0.03%,0.00%,0.00%,2.86%,0.00%,1.13%,0.49%,1.16%
10096,0.00%,0.41%,20.48%,6.00%,72.30%,0.01%,0.00%,0.01%,0.00%,0.10%,0.00%,0.10%,0.14%,0.45%
1011,0.00%,62.09%,0.35%,0.14%,7.38%,0.24%,0.00%,0.00%,0.00%,5.02%,0.00%,9.29%,7.54%,7.95%
10117,0.00%,0.00%,0.00%,0.01%,0.00%,99.99%,0.00%,0.00%,0.00%,0.00%,0.00%,0.00%,0.00%,0.00%
10133,0.01%,20.16%,1.36%,2.89%,1.96%,0.27%,1.26%,0.13%,0.00%,29.19%,0.21%,41.91%,0.23%,0.43%
10135,0.00%,0.41%,0.79%,0.15%,0.18%,0.28%,0.01%,0.14%,0.00%,8.56%,0.00%,0.42%,76.17%,12.88%
10143,0.00%,3.51%,0.64%,0.22%,0.13%,0.04%,0.00%,0.18%,0.00%,25.70%,0.00%,6.80%,37.00%,25.78%
10155,0.00%,0.53%,5.47%,2.52%,3.23%,0.11%,0.11%,0.83%,0.00%,15.44%,0.00%,0.38%,20.50%,50.87%
10168,0.00%,0.00%,0.00%,0.00%,0.00%,99.99%,0.00%,0.00%,0.00%,0.00%,0.00%,0.00%,0.00%,0.00%
10171,0.00%,0.19%,0.11%,0.10%,0.52%,0.00%,0.00%,0.33%,0.00%,0.12%,0.00%,97.87%,0.72%,0.04%
10180,0.00%,1.58%,0.52%,10.78%,85.95%,0.04%,0.01%,0.00%,0.00%,0.58%,0.00%,0.28%,0.21%,0.04%
10182,0.00%,0.22%,0.08%,0.03%,0.04%,0.04%,0.10%,2.19%,0.00%,19.67%,0.00%,6.29%,54.35%,17.00%
10184,0.00%,0.14%,0.06%,0.02%,0.03%,0.01%,0.01%,0.41%,0.00%,51.22%,0.00%,40.16%,3.28%,4.67%
10189,0.00%,0.97%,0.91%,43.99%,53.16%,0.35%,0.00%,0.00%,0.00%,0.14%,0.00%,0.07%,0.31%,0.10%
10195,0.03%,6.82%,4.66%,1.55%,0.70%,0.07%,0.01%,0.35%,0.00%,49.25%,0.00%,1.06%,15.35%,20.15%
10201,0.00%,0.00%,0.00%,0.01%,0.03%,99.96%,0.00%,0.00%,0.00%,0.00%,0.00%,0.00%,0.00%,0.00%
10207,0.00%,0.00%,0.00%,0.00%,0.00%,0.00%,0.00%,0.03%,0.00%,0.01%,0.00%,99.92%,0.01%,0.02%
10226,0.00%,0.03%,5.64%,0.54%,93.75%,0.01%,0.00%,0.00%,0.00%,0.00%,0.00%,0.00%,0.01%,0.02%
1026,0.00%,7.06%,1.15%,0.43%,1.26%,10.22%,0.00%,0.00%,0.00%,1.05%,0.00%,0.09%,39.56%,39.19%
103,0.00%,0.58%,81.17%,0.32%,0.41%,0.02%,0.00%,0.00%,0.00%,0.06%,0.00%,0.00%,0.52%,16.92%
104,0.01%,4.58%,23.31%,16.07%,1.79%,0.82%,0.00%,0.02%,0.00%,5.59%,0.00%,0.03%,16.98%,30.80%
1047,0.00%,0.04%,9.81%,83.69%,6.28%,0.02%,0.00%,0.00%,0.00%,0.07%,0.00%,0.02%,0.05%,0.01%
1069,0.00%,54.83%,4.22%,1.39%,35.56%,0.01%,0.00%,0.00%,0.00%,0.22%,0.00%,0.28%,2.98%,0.50%
1081,100.00%,0.00%,0.00%,0.00%,0.00%,0.00%,0.00%,0.00%,0.00%,0.00%,0.00%,0.00%,0.00%,0.00%
1082,0.00%,0.06%,0.05%,0.03%,0.02%,0.00%,0.00%,0.00%,0.00%,98.64%,0.00%,0.03%,1.16%,0.02%
1098,0.00%,12.57%,13.55%,22.51%,38.59%,0.04%,0.00%,0.00%,0.00%,5.27%,0.00%,0.72%,5.64%,1.12%
1107,0.00%,0.28%,0.02%,0.02%,0.02%,0.00%,0.00%,0.00%,0.00%,0.10%,0.00%,0.01%,14.92%,84.61%
1139,0.00%,0.36%,73.12%,18.26%,4.56%,0.01%,0.00%,0.00%,0.00%,0.03%,0.00%,0.01%,2.52%,1.13%
1146,0.25%,1.10%,0.06%,0.21%,0.06%,0.01%,0.00%,0.00%,0.00%,7.11%,0.00%,1.41%,84.94%,4.85%
1149,0.00%,0.04%,53.10%,33.02%,12.95%,0.00%,0.00%,0.00%,0.00%,0.10%,0.00%,0.00%,0.19%,0.59%
1155,0.00%,0.00%,0.00%,0.00%,0.00%,0.00%,0.00%,0.00%,0.00%,0.04%,0.00%,99.96%,0.00%,0.00%
1171,0.00%,0.05%,3.03%,46.88%,46.65%,0.03%,0.00%,0.00%,0.00%,0.02%,0.00%,0.01%,0.98%,2.35%
1175,0.03%,34.36%,1.67%,0.38%,0.23%,0.02%,0.06%,0.00%,0.00%,3.43%,0.00%,0.19%,31.98%,27.64%
1185,0.00%,21.52%,18.01%,1.68%,8.16%,0.06%,0.00%,0.00%,0.00%,2.16%,0.00%,0.70%,43.59%,4.11%
119,0.00%,26.75%,0.39%,0.18%,0.48%,0.05%,0.00%,0.00%,0.03%,0.07%,1.38%,0.19%,68.65%,1.82%
1198,0.00%,3.43%,5.60%,15.04%,70.74%,0.18%,0.00%,0.01%,0.05%,0.43%,0.00%,0.78%,1.25%,2.49%
1213,0.00%,4.41%,0.38%,0.01%,0.02%,0.01%,0.00%,0.00%,0.01%,0.17%,91.85%,0.43%,2.52%,0.19%
1219,0.00%,0.02%,0.06%,30.91%,68.50%,0.10%,0.00%,0.00%,0.00%,0.00%,0.00%,0.00%,0.01%,0.39%
1220,0.00%,1.05%,0.39%,0.42%,0.56%,88.87%,0.00%,0.00%,0.02%,5.07%,0.00%,0.02%,3.47%,0.14%
1221,0.06%,18.83%,54.96%,1.43%,1.36%,0.32%,0.99%,0.56%,0.00%,13.50%,0.01%,0.31%,4.74%,2.91%
1225,0.00%,27.07%,53.01%,3.44%,11.16%,2.92%,0.00%,0.01%,0.00%,0.12%,0.09%,0.06%,1.62%,0.51%
1238,0.00%,0.13%,0.18%,0.02%,0.01%,0.07%,14.46%,84.08%,0.00%,0.14%,0.02%,0.01%,0.63%,0.25%
1244,0.00%,14.36%,63.02%,9.06%,8.65%,0.27%,0.01%,0.02%,0.00%,0.30%,0.02%,0.02%,2.98%,1.29%
1245,0.00%,13.09%,37.41%,32.29%,11.86%,0.72%,0.00%,0.01%,0.00%,0.47%,0.53%,0.07%,1.46%,2.09%
126,0.00%,0.04%,0.05%,0.08%,0.07%,99.66%,0.00%,0.00%,0.00%,0.00%,0.00%,0.00%,0.01%,0.09%
127,99.98%,0.02%,0.00%,0.00%,0.00%,0.00%,0.00%,0.00%,0.00%,0.00%,0.00%,0.00%,0.00%,0.00%
1274,0.00%,5.51%,0.37%,3.11%,67.87%,0.29%,0.00%,0.00%,0.47%,20.69%,0.01%,0.52%,0.39%,0.77%
1295,0.01%,8.09%,1.05%,0.38%,0.47%,1.29%,8.23%,0.19%,0.98%,71.45%,0.04%,1.89%,0.55%,5.40%
1299,0.00%,81.29%,1.32%,0.30%,0.44%,0.01%,0.00%,0.00%,0.00%,7.70%,0.00%,6.81%,0.85%,1.29%
13,0.03%,55.93%,1.26%,4.45%,2.48%,0.50%,1.37%,0.25%,8.40%,5.75%,17.27%,0.72%,0.76%,0.82%
130,0.00%,1.66%,1.55%,0.41%,0.29%,0.05%,0.00%,0.00%,0.00%,33.25%,0.00%,0.62%,49.58%,12.58%
1307,0.00%,10.89%,2.59%,1.75%,0.78%,0.08%,0.00%,0.00%,0.00%,52.68%,0.00%,16.61%,7.02%,7.58%
1341,100.00%,0.00%,0.00%,0.00%,0.00%,0.00%,0.00%,0.00%,0.00%,0.00%,0.00%,0.00%,0.00%,0.00%
1342,0.01%,7.56%,0.22%,0.28%,0.24%,0.01%,0.00%,0.00%,0.00%,19.49%,0.00%,69.88%,2.19%,0.12%
1347,0.00%,0.07%,22.64%,72.49%,4.71%,0.00%,0.00%,0.00%,0.00%,0.01%,0.00%,0.00%,0.03%,0.05%
1364,0.01%,0.05%,0.00%,0.02%,0.03%,73.42%,0.15%,22.80%,2.25%,0.29%,0.00%,0.00%,0.30%,0.68%
1370,0.00%,10.80%,1.19%,1.63%,0.35%,0.02%,0.00%,0.00%,0.00%,18.12%,0.00%,45.91%,5.17%,16.82%
1371,0.00%,86.84%,0.89%,2.92%,0.55%,0.07%,0.00%,0.00%,0.00%,5.11%,0.00%,0.65%,2.07%,0.88%
1382,0.00%,0.00%,0.00%,0.01%,0.66%,99.32%,0.00%,0.00%,0.00%,0.00%,0.00%,0.00%,0.00%,0.01%
1386,0.00%,3.89%,0.98%,2.29%,0.40%,0.09%,0.00%,0.01%,0.00%,1.21%,0.00%,0.75%,74.57%,15.81%
1413,0.00%,0.06%,0.01%,0.03%,0.02%,0.00%,0.00%,0.00%,0.00%,5.81%,0.00%,93.96%,0.07%,0.04%
1431,0.00%,0.11%,0.04%,0.04%,0.02%,0.02%,99.24%,0.21%,0.12%,0.10%,0.01%,0.02%,0.03%,0.04%
1464,99.96%,0.01%,0.00%,0.00%,0.00%,0.00%,0.00%,0.00%,0.00%,0.02%,0.00%,0.00%,0.00%,0.00%
1468,0.05%,21.43%,0.74%,0.16%,0.25%,0.03%,0.00%,0.00%,0.00%,13.50%,0.00%,0.59%,5.83%,57.43%
1479,0.00%,19.34%,24.56%,41.52%,3.52%,0.01%,0.00%,0.00%,0.00%,1.23%,0.00%,1.67%,7.08%,1.06%
1481,0.00%,16.28%,8.27%,31.96%,24.37%,0.03%,0.00%,0.00%,0.00%,2.51%,0.00%,5.35%,0.54%,10.68%
1482,0.00%,0.00%,0.00%,0.00%,0.00%,100.00%,0.00%,0.00%,0.00%,0.00%,0.00%,0.00%,0.00%,0.00%
150,0.07%,5.58%,39.28%,1.25%,1.33%,9.00%,0.00%,0.00%,0.18%,17.63%,0.00%,0.31%,19.02%,6.33%
151,1.10%,13.73%,24.36%,9.58%,4.18%,0.06%,0.00%,0.00%,0.02%,0.10%,0.00%,0.01%,12.98%,33.87%
1512,0.00%,0.29%,7.54%,31.84%,54.74%,2.31%,0.00%,0.00%,0.03%,0.39%,0.00%,0.03%,1.91%,0.92%
152,0.08%,6.72%,14.03%,53.13%,14.82%,0.14%,0.00%,0.00%,0.09%,0.13%,0.00%,0.02%,4.81%,6.03%
1520,0.00%,41.43%,24.44%,21.46%,8.46%,0.07%,0.00%,0.00%,0.00%,0.80%,0.00%,0.40%,1.39%,1.54%
153,0.10%,11.03%,16.53%,5.59%,46.41%,1.27%,0.00%,0.00%,0.15%,0.53%,0.02%,0.10%,7.04%,11.24%
1553,0.00%,83.02%,0.21%,0.39%,0.12%,0.01%,0.00%,0.00%,0.00%,4.50%,0.00%,4.06%,2.78%,4.91%
1561,0.00%,55.52%,4.41%,0.93%,0.87%,0.01%,0.00%,0.00%,0.00%,1.60%,0.00%,3.63%,30.69%,2.34%
1565,0.00%,0.29%,10.69%,60.24%,27.05%,0.00%,0.00%,0.00%,0.00%,0.14%,0.00%,0.22%,0.82%,0.53%
1569,0.00%,0.63%,0.01%,0.00%,0.00%,0.00%,0.00%,0.00%,0.00%,7.35%,0.00%,91.82%,0.15%,0.03%
1598,0.00%,5.15%,2.71%,2.46%,0.30%,2.05%,0.00%,0.00%,0.02%,0.36%,85.23%,0.03%,1.22%,0.46%
1604,0.00%,8.33%,0.70%,0.48%,0.30%,0.40%,0.00%,0.00%,0.00%,0.04%,0.00%,0.17%,3.18%,86.41%
1620,100.00%,0.00%,0.00%,0.00%,0.00%,0.00%,0.00%,0.00%,0.00%,0.00%,0.00%,0.00%,0.00%,0.00%
1631,0.00%,4.24%,24.85%,41.18%,8.36%,0.06%,0.00%,0.00%,0.00%,2.12%,0.00%,0.06%,11.65%,7.48%
1637,0.00%,4.79%,1.87%,1.43%,1.40%,0.02%,0.00%,0.00%,0.00%,1.82%,0.00%,0.25%,69.42%,19.01%
1665,0.00%,4.33%,18.81%,1.96%,0.66%,0.04%,0.00%,0.00%,0.00%,3.39%,0.00%,0.20%,37.43%,33.18%
1675,5.13%,7.96%,33.25%,10.21%,25.25%,0.58%,7.54%,0.03%,3.05%,1.78%,0.62%,0.78%,2.35%,1.47%
1679,99.97%,0.00%,0.00%,0.00%,0.00%,0.00%,0.00%,0.00%,0.00%,0.00%,0.00%,0.00%,0.03%,0.00%
168,0.01%,14.60%,17.19%,0.68%,2.97%,15.29%,0.00%,0.00%,0.64%,17.85%,0.00%,0.02%,25.48%,5.27%
170,0.13%,18.67%,1.65%,6.58%,13.06%,0.58%,0.00%,0.00%,0.32%,2.53%,0.00%,9.62%,30.28%,16.57%
1709,0.00%,0.05%,0.09%,0.02%,0.06%,0.00%,0.00%,0.00%,0.00%,1.46%,0.00%,79.38%,12.49%,6.44%
1719,0.00%,0.00%,0.00%,0.00%,0.00%,0.00%,0.00%,0.00%,0.00%,0.00%,100.00%,0.00%,0.00%,0.00%
172,0.00%,0.97%,0.02%,0.02%,0.03%,98.56%,0.00%,0.00%,0.00%,0.16%,0.00%,0.00%,0.03%,0.21%
1753,0.00%,0.11%,96.20%,2.33%,0.77%,0.15%,0.00%,0.00%,0.00%,0.00%,0.00%,0.01%,0.38%,0.04%
1762,0.11%,80.33%,0.44%,0.11%,4.57%,0.11%,0.00%,0.00%,0.00%,1.95%,0.01%,9.85%,0.50%,2.03%
1790,0.00%,18.34%,5.36%,33.01%,41.73%,0.10%,0.00%,0.00%,0.00%,0.73%,0.00%,0.12%,0.29%,0.30%
1791,0.00%,0.00%,0.00%,0.00%,0.00%,100.00%,0.00%,0.00%,0.00%,0.00%,0.00%,0.00%,0.00%,0.00%
1807,0.00%,16.95%,1.10%,0.54%,0.63%,0.35%,0.00%,0.00%,1.96%,77.37%,0.01%,0.13%,0.67%,0.30%
1810,0.00%,1.21%,5.27%,0.82%,3.55%,0.16%,0.00%,0.00%,0.02%,0.83%,0.01%,0.66%,43.64%,43.83%
1833,0.00%,0.29%,5.18%,5.39%,86.05%,0.02%,0.00%,0.00%,0.00%,0.01%,0.00%,0.00%,0.75%,2.31%
1838,0.05%,47.32%,5.11%,3.15%,14.44%,0.11%,0.00%,0.00%,3.34%,13.37%,0.29%,2.44%,7.59%,2.78%
1841,0.00%,88.28%,0.14%,0.10%,0.16%,0.05%,0.00%,0.00%,1.42%,5.96%,0.01%,1.30%,0.65%,1.94%
1842,0.00%,0.31%,85.65%,12.08%,0.63%,0.60%,0.00%,0.00%,0.00%,0.63%,0.00%,0.01%,0.05%,0.04%
1850,0.00%,0.20%,20.81%,75.24%,2.71%,0.27%,0.00%,0.00%,0.00%,0.03%,0.00%,0.11%,0.20%,0.45%
1858,0.11%,1.46%,2.33%,2.31%,3.95%,0.91%,0.00%,0.00%,0.03%,0.19%,0.01%,0.06%,61.72%,26.93%
1878,0.00%,11.55%,1.65%,0.39%,0.72%,0.10%,0.00%,0.00%,0.00%,7.96%,0.00%,4.59%,43.76%,29.27%
189,0.00%,4.65%,17.06%,1.12%,0.46%,0.08%,0.00%,0.00%,0.00%,3.10%,0.00%,0.16%,17.30%,56.05%
1890,0.00%,0.05%,92.72%,4.80%,1.66%,0.06%,0.00%,0.00%,0.00%,0.00%,0.00%,0.00%,0.57%,0.13%
1897,0.00%,17.21%,0.82%,1.52%,3.48%,0.32%,0.00%,0.00%,0.00%,28.48%,0.00%,3.26%,29.61%,15.29%
1914,99.99%,0.00%,0.00%,0.00%,0.00%,0.00%,0.00%,0.00%,0.01%,0.00%,0.00%,0.00%,0.00%,0.00%
1934,0.00%,7.06%,59.74%,27.82%,0.41%,0.20%,0.00%,0.03%,0.02%,1.49%,0.03%,0.07%,2.94%,0.18%
1935,0.00%,49.92%,27.89%,4.23%,7.54%,0.15%,0.00%,0.03%,0.03%,3.50%,0.00%,0.02%,0.66%,6.02%
1940,0.00%,51.15%,3.92%,0.68%,0.18%,0.02%,0.00%,0.00%,0.00%,0.42%,0.00%,0.28%,40.84%,2.50%
1948,0.01%,2.21%,5.66%,1.86%,17.83%,0.04%,0.00%,0.00%,0.00%,60.30%,0.00%,0.57%,8.10%,3.43%
1950,0.00%,1.19%,9.78%,34.35%,36.94%,1.15%,0.00%,0.00%,0.00%,1.77%,0.00%,0.10%,1.10%,13.63%
1967,0.00%,11.70%,4.14%,4.57%,2.65%,0.28%,0.00%,0.00%,0.02%,0.04%,0.43%,0.29%,64.16%,11.71%
1975,0.00%,0.38%,0.07%,0.06%,0.07%,0.00%,0.00%,0.03%,0.00%,0.87%,0.00%,0.09%,49.51%,48.92%
1976,0.00%,0.52%,0.21%,0.18%,0.11%,0.01%,0.00%,0.02%,0.00%,1.60%,0.00%,0.15%,56.36%,40.84%
1993,0.00%,0.79%,0.02%,0.01%,0.02%,0.00%,0.00%,0.00%,0.00%,0.53%,0.00%,98.08%,0.47%,0.08%
1998,0.00%,0.05%,9.46%,41.37%,48.24%,0.01%,0.00%,0.00%,0.00%,0.04%,0.00%,0.04%,0.07%,0.72%
2004,0.00%,9.98%,0.63%,0.26%,0.73%,0.04%,0.00%,0.00%,0.00%,0.40%,0.00%,0.31%,47.43%,40.21%
2007,0.00%,0.04%,82.85%,3.20%,10.55%,0.05%,0.00%,0.00%,0.00%,0.12%,0.00%,0.96%,1.67%,0.55%
2008,0.00%,0.34%,11.56%,7.44%,77.91%,0.10%,0.00%,0.00%,0.00%,0.25%,0.00%,0.38%,0.85%,1.16%
2017,0.00%,1.03%,2.65%,81.26%,4.59%,0.15%,0.00%,0.00%,0.00%,1.73%,0.00%,0.36%,6.97%,1.25%
2018,0.00%,0.41%,12.86%,10.12%,67.13%,0.07%,0.00%,0.00%,0.00%,1.20%,0.00%,0.21%,5.04%,2.96%
203,0.00%,0.30%,4.32%,35.93%,30.21%,0.03%,0.00%,0.00%,0.02%,8.44%,0.01%,0.11%,20.17%,0.46%
2030,0.00%,0.00%,0.00%,0.00%,0.00%,100.00%,0.00%,0.00%,0.00%,0.00%,0.00%,0.00%,0.00%,0.00%
2036,0.00%,99.58%,0.04%,0.01%,0.05%,0.00%,0.00%,0.00%,0.00%,0.14%,0.00%,0.06%,0.11%,0.01%
2049,0.00%,0.36%,1.28%,4.06%,1.14%,91.48%,0.00%,0.00%,0.00%,0.20%,0.00%,0.17%,0.95%,0.36%
2051,0.04%,37.28%,1.36%,1.10%,2.03%,0.04%,0.00%,0.00%,8.51%,32.17%,0.01%,0.70%,16.19%,0.55%
2052,0.00%,45.74%,0.79%,0.11%,0.18%,0.06%,0.00%,0.00%,2.31%,5.40%,0.00%,11.52%,10.27%,23.62%
2061,1.19%,37.58%,0.63%,0.36%,0.09%,0.01%,0.00%,0.00%,0.00%,16.95%,0.00%,32.78%,9.59%,0.84%
2068,0.00%,0.28%,29.88%,54.40%,12.18%,0.07%,0.00%,0.00%,0.00%,0.93%,0.00%,0.42%,1.03%,0.82%
2075,0.00%,3.31%,54.78%,38.84%,2.09%,0.07%,0.00%,0.00%,0.00%,0.14%,0.00%,0.01%,0.46%,0.31%
2094,0.14%,2.59%,1.61%,5.32%,2.98%,0.03%,0.01%,0.13%,0.00%,14.33%,0.00%,0.17%,65.87%,6.83%
2097,0.00%,0.08%,1.49%,86.91%,10.93%,0.01%,0.00%,0.00%,0.00%,0.09%,0.00%,0.02%,0.40%,0.07%
2102,0.02%,5.34%,1.52%,6.39%,1.04%,30.45%,0.00%,0.00%,1.14%,39.65%,0.02%,2.78%,8.71%,2.93%
2105,0.00%,9.98%,0.79%,1.21%,0.48%,0.17%,0.00%,0.00%,0.04%,1.72%,0.00%,0.79%,11.07%,73.75%
2123,0.03%,70.85%,0.74%,6.05%,3.21%,0.03%,0.00%,0.00%,0.00%,1.84%,0.01%,0.53%,12.06%,4.64%
2141,0.00%,2.26%,0.07%,0.12%,0.10%,0.00%,0.00%,0.00%,0.00%,0.38%,0.00%,0.27%,80.15%,16.65%
2147,0.02%,3.11%,0.23%,0.06%,0.05%,0.15%,0.00%,0.00%,87.22%,0.50%,0.00%,0.44%,7.36%,0.85%
2155,97.91%,1.08%,0.05%,0.06%,0.30%,0.01%,0.00%,0.00%,0.00%,0.52%,0.00%,0.03%,0.03%,0.02%
2157,0.00%,2.38%,7.30%,0.22%,0.20%,0.09%,0.00%,0.00%,0.00%,87.00%,0.00%,1.76%,0.27%,0.77%
2186,0.00%,1.03%,10.58%,1.83%,40.69%,0.71%,0.00%,0.00%,0.00%,1.77%,0.00%,15.05%,15.38%,12.95%
2211,0.01%,33.95%,4.13%,23.53%,8.35%,0.25%,0.00%,0.00%,2.07%,4.33%,0.00%,0.63%,8.84%,13.90%
2213,61.08%,30.91%,0.14%,0.05%,0.02%,0.01%,0.00%,0.00%,0.00%,1.51%,0.00%,5.08%,0.19%,1.02%
2224,0.02%,4.19%,1.52%,1.10%,1.85%,0.02%,0.00%,0.00%,0.13%,57.55%,0.00%,3.28%,27.36%,2.96%
2251,100.00%,0.00%,0.00%,0.00%,0.00%,0.00%,0.00%,0.00%,0.00%,0.00%,0.00%,0.00%,0.00%,0.00%
226,0.00%,34.27%,0.59%,0.38%,0.17%,0.02%,0.00%,0.00%,0.00%,1.89%,0.00%,0.63%,47.24%,14.79%
2294,100.00%,0.00%,0.00%,0.00%,0.00%,0.00%,0.00%,0.00%,0.00%,0.00%,0.00%,0.00%,0.00%,0.00%
2304,0.00%,1.60%,0.74%,4.70%,22.54%,0.10%,0.00%,0.00%,46.30%,14.34%,0.09%,0.35%,8.70%,0.53%
2311,0.00%,0.01%,0.00%,0.00%,0.00%,99.92%,0.00%,0.00%,0.00%,0.02%,0.00%,0.01%,0.01%,0.03%
2323,0.03%,5.14%,1.43%,2.32%,4.49%,0.28%,0.00%,0.00%,0.00%,15.33%,0.00%,56.73%,10.96%,3.27%
234,0.00%,1.63%,0.16%,0.88%,0.34%,0.02%,0.00%,0.00%,0.00%,35.72%,0.00%,53.19%,2.67%,5.39%
2355,0.01%,15.13%,1.30%,1.97%,0.42%,0.02%,0.00%,0.00%,0.00%,5.82%,0.00%,0.04%,75.06%,0.25%
2356,0.00%,1.15%,0.18%,1.43%,0.48%,0.01%,0.00%,0.00%,0.00%,0.00%,0.00%,0.01%,5.23%,91.51%
2386,0.00%,57.52%,4.54%,11.25%,14.77%,0.29%,0.00%,0.00%,0.00%,0.24%,0.00%,0.77%,2.00%,8.61%
2392,0.00%,0.26%,0.31%,0.07%,0.44%,0.02%,0.00%,0.00%,0.00%,0.15%,0.00%,0.08%,33.68%,64.98%
2410,0.00%,0.46%,18.42%,61.87%,10.77%,2.04%,0.03%,0.00%,0.00%,0.73%,0.00%,0.01%,3.91%,1.75%
2429,0.00%,9.24%,2.29%,1.25%,1.47%,0.22%,0.17%,0.28%,11.54%,46.02%,0.06%,0.89%,1.18%,25.39%
2436,0.00%,0.28%,62.03%,8.50%,27.55%,0.01%,0.00%,0.00%,0.00%,0.01%,0.00%,0.01%,0.30%,1.31%
2472,100.00%,0.00%,0.00%,0.00%,0.00%,0.00%,0.00%,0.00%,0.00%,0.00%,0.00%,0.00%,0.00%,0.00%
2487,0.00%,29.23%,1.20%,6.17%,7.75%,0.34%,0.00%,0.00%,0.00%,1.19%,0.00%,2.83%,38.47%,12.82%
2497,0.00%,0.12%,0.21%,0.17%,1.38%,0.02%,0.00%,0.00%,0.00%,1.52%,0.00%,1.02%,46.49%,49.06%
2498,0.00%,2.40%,0.24%,0.35%,0.63%,0.01%,0.00%,0.00%,0.00%,29.22%,0.00%,61.50%,0.51%,5.16%
2505,0.00%,7.34%,3.11%,4.07%,3.09%,0.03%,0.00%,0.00%,0.00%,8.89%,0.00%,14.21%,17.10%,42.17%
2506,0.00%,22.69%,8.63%,18.44%,27.25%,0.06%,0.00%,0.00%,0.00%,0.32%,0.00%,0.21%,18.59%,3.81%
2509,0.00%,0.30%,1.97%,63.83%,20.58%,0.76%,0.00%,0.00%,0.00%,0.09%,0.00%,0.07%,0.23%,12.17%
251,0.00%,1.20%,5.46%,30.88%,58.23%,0.42%,0.00%,0.00%,0.00%,1.22%,0.00%,1.65%,0.23%,0.70%
2514,0.00%,4.02%,8.73%,0.74%,2.12%,0.04%,0.00%,0.00%,0.00%,1.57%,0.00%,0.35%,38.78%,43.65%
2539,0.00%,5.13%,8.70%,25.31%,58.22%,0.06%,0.00%,0.00%,0.02%,0.21%,0.00%,0.01%,1.24%,1.09%
2555,0.00%,98.86%,0.03%,0.09%,0.36%,0.01%,0.00%,0.00%,0.00%,0.02%,0.00%,0.06%,0.07%,0.49%
2570,99.99%,0.00%,0.00%,0.00%,0.00%,0.00%,0.00%,0.00%,0.01%,0.00%,0.00%,0.00%,0.00%,0.00%
258,0.11%,59.72%,0.18%,0.07%,0.11%,0.01%,0.00%,0.00%,0.00%,32.25%,0.00%,5.60%,1.43%,0.53%
2594,0.00%,4.92%,1.65%,0.54%,0.35%,3.99%,0.00%,0.10%,0.35%,14.50%,0.11%,0.40%,33.14%,39.95%
2625,0.00%,3.41%,1.15%,0.32%,0.73%,0.06%,0.00%,0.00%,0.06%,0.52%,0.00%,0.99%,2.37%,90.38%
2642,100.00%,0.00%,0.00%,0.00%,0.00%,0.00%,0.00%,0.00%,0.00%,0.00%,0.00%,0.00%,0.00%,0.00%
2647,0.00%,93.00%,0.06%,0.16%,0.08%,0.00%,0.00%,0.00%,0.00%,5.19%,0.00%,0.23%,1.22%,0.06%
2656,0.00%,2.59%,3.40%,4.79%,64.04%,0.16%,0.00%,0.00%,0.00%,0.37%,0.00%,0.10%,10.72%,13.82%
2666,0.00%,41.71%,3.16%,2.08%,7.58%,0.25%,0.00%,0.00%,0.00%,0.14%,0.00%,0.26%,34.76%,10.07%
2668,0.00%,1.05%,1.46%,3.50%,0.08%,46.24%,0.00%,0.00%,0.00%,0.22%,0.00%,10.16%,35.71%,1.59%
2687,0.00%,0.05%,10.31%,51.77%,27.16%,9.74%,0.00%,0.00%,0.00%,0.00%,0.00%,0.00%,0.30%,0.67%
2695,0.04%,1.45%,0.83%,0.41%,5.05%,0.07%,56.30%,3.57%,0.03%,27.80%,0.03%,0.04%,1.04%,3.35%
2700,0.00%,90.81%,7.45%,0.55%,0.66%,0.14%,0.00%,0.00%,0.01%,0.03%,0.00%,0.01%,0.23%,0.10%
2720,0.00%,11.75%,1.81%,8.31%,74.43%,0.24%,0.00%,0.00%,0.00%,1.02%,0.00%,0.37%,1.60%,0.45%
2736,0.00%,3.39%,0.56%,0.41%,2.06%,0.12%,72.77%,0.01%,0.40%,9.81%,0.04%,0.20%,0.42%,9.80%
2757,0.00%,3.50%,27.97%,17.64%,19.29%,0.07%,0.00%,0.00%,0.00%,4.37%,0.00%,0.37%,13.06%,13.72%
2770,0.02%,2.78%,13.25%,30.05%,29.99%,0.57%,0.00%,0.00%,0.71%,7.02%,0.04%,0.76%,8.10%,6.72%
2781,0.00%,0.00%,0.00%,0.00%,0.00%,100.00%,0.00%,0.00%,0.00%,0.00%,0.00%,0.00%,0.00%,0.00%
2793,0.00%,0.27%,0.00%,0.00%,0.01%,0.00%,0.00%,0.00%,98.98%,0.71%,0.00%,0.00%,0.01%,0.02%
2797,98.71%,0.83%,0.00%,0.00%,0.00%,0.00%,0.00%,0.00%,0.00%,0.38%,0.00%,0.05%,0.02%,0.00%
2798,0.00%,51.99%,0.75%,0.33%,1.20%,0.09%,0.00%,0.00%,0.00%,6.97%,0.00%,1.20%,21.45%,16.01%
2803,0.00%,36.35%,12.23%,20.40%,1.37%,0.64%,0.00%,0.00%,0.00%,0.41%,0.00%,1.49%,20.62%,6.50%
2805,0.00%,3.31%,2.35%,77.94%,14.03%,0.14%,0.00%,0.00%,0.00%,0.08%,0.00%,0.31%,0.26%,1.58%
2807,99.72%,0.06%,0.01%,0.00%,0.01%,0.00%,0.00%,0.00%,0.00%,0.07%,0.00%,0.00%,0.08%,0.05%
2820,0.00%,0.41%,0.07%,0.09%,0.02%,0.00%,0.00%,0.00%,0.00%,6.37%,0.00%,91.90%,1.05%,0.07%
2823,0.01%,14.55%,1.23%,4.28%,0.62%,0.05%,0.00%,0.00%,0.00%,2.82%,0.00%,6.64%,54.67%,15.14%
2826,0.00%,0.00%,0.06%,0.27%,99.64%,0.01%,0.00%,0.00%,0.00%,0.00%,0.00%,0.00%,0.00%,0.01%
2837,99.86%,0.00%,0.00%,0.00%,0.00%,0.01%,0.00%,0.00%,0.09%,0.00%,0.00%,0.00%,0.00%,0.04%
2841,0.01%,8.04%,3.37%,8.04%,1.70%,2.72%,0.00%,0.00%,10.88%,0.43%,1.63%,4.62%,17.80%,40.75%
2886,0.00%,2.15%,0.52%,0.25%,0.35%,0.02%,0.00%,0.00%,0.00%,2.95%,0.00%,7.38%,72.82%,13.56%
2910,0.00%,0.64%,19.01%,64.05%,15.33%,0.02%,0.00%,0.00%,0.00%,0.11%,0.00%,0.01%,0.72%,0.12%
2920,100.00%,0.00%,0.00%,0.00%,0.00%,0.00%,0.00%,0.00%,0.00%,0.00%,0.00%,0.00%,0.00%,0.00%
2938,0.00%,88.12%,1.13%,0.19%,0.23%,0.01%,0.00%,0.00%,0.01%,1.82%,0.00%,0.86%,4.63%,3.00%
294,0.00%,5.15%,18.49%,12.88%,35.57%,0.22%,0.00%,0.00%,0.00%,2.24%,0.00%,0.12%,20.06%,5.27%
2958,0.01%,56.14%,12.84%,1.25%,16.94%,0.23%,0.00%,0.00%,0.00%,2.29%,0.01%,2.18%,6.08%,2.05%
2964,0.00%,0.32%,75.80%,1.84%,10.30%,0.05%,0.00%,0.00%,0.00%,0.06%,0.00%,0.00%,0.65%,10.98%
2976,0.00%,0.65%,0.10%,0.07%,0.07%,0.00%,0.00%,0.00%,0.00%,97.33%,0.00%,0.12%,1.24%,0.41%
2980,0.00%,74.62%,5.28%,2.83%,0.43%,0.62%,0.00%,0.00%,0.00%,1.88%,0.00%,0.20%,13.08%,1.05%
2981,0.00%,42.16%,20.80%,5.84%,0.60%,0.62%,0.00%,0.00%,0.00%,0.13%,0.00%,0.34%,27.20%,2.32%
2982,0.00%,32.78%,9.83%,4.75%,3.24%,2.59%,0.00%,0.00%,0.00%,0.32%,0.00%,0.16%,42.10%,4.22%
2994,100.00%,0.00%,0.00%,0.00%,0.00%,0.00%,0.00%,0.00%,0.00%,0.00%,0.00%,0.00%,0.00%,0.00%
3005,6.33%,0.06%,0.10%,0.01%,0.01%,0.25%,92.25%,0.07%,0.68%,0.10%,0.00%,0.01%,0.02%,0.11%
3006,0.02%,5.61%,4.14%,7.58%,0.91%,4.47%,63.70%,0.04%,1.23%,11.44%,0.06%,0.10%,0.25%,0.44%
3008,0.01%,4.36%,0.82%,0.63%,5.52%,0.05%,0.00%,0.00%,0.00%,75.09%,0.00%,0.39%,12.81%,0.32%
3013,0.00%,18.77%,11.77%,55.33%,1.72%,1.22%,0.00%,0.00%,0.00%,0.11%,0.00%,0.13%,9.67%,1.28%
3019,0.00%,7.84%,0.10%,0.41%,0.37%,0.00%,0.00%,0.00%,0.00%,34.51%,0.00%,50.27%,5.34%,1.16%
302,0.00%,0.03%,0.00%,0.01%,0.04%,0.00%,0.00%,0.00%,0.00%,0.84%,0.00%,81.69%,1.61%,15.77%
3020,0.00%,0.54%,0.17%,0.21%,0.15%,0.01%,0.00%,0.00%,0.00%,0.03%,0.00%,0.19%,18.03%,80.67%
3021,0.00%,0.10%,0.07%,0.07%,0.14%,0.00%,0.00%,0.00%,0.00%,0.06%,0.00%,0.04%,1.78%,97.73%
3023,0.00%,0.68%,10.15%,65.03%,17.47%,0.01%,0.00%,0.00%,0.00%,0.11%,0.00%,4.74%,1.73%,0.08%
3029,0.00%,0.67%,0.39%,0.17%,0.07%,0.22%,0.00%,0.00%,0.00%,8.90%,0.00%,67.40%,20.46%,1.71%
3037,100.00%,0.00%,0.00%,0.00%,0.00%,0.00%,0.00%,0.00%,0.00%,0.00%,0.00%,0.00%,0.00%,0.00%
3039,0.00%,13.36%,0.29%,0.27%,0.54%,0.01%,0.00%,0.00%,0.00%,19.67%,0.00%,20.27%,17.70%,27.89%
3042,0.00%,52.89%,0.09%,0.25%,0.20%,0.05%,0.00%,0.00%,0.00%,5.69%,0.00%,24.77%,9.81%,6.25%
3045,0.00%,1.30%,15.49%,76.40%,4.49%,0.33%,0.00%,0.00%,0.00%,0.17%,0.00%,0.02%,0.85%,0.96%
3046,0.00%,0.00%,0.00%,0.00%,0.00%,100.00%,0.00%,0.00%,0.00%,0.00%,0.00%,0.00%,0.00%,0.00%
3052,0.00%,68.86%,1.61%,0.49%,0.13%,0.03%,0.00%,0.00%,0.00%,6.23%,0.00%,0.31%,20.10%,2.25%
3057,0.00%,3.42%,2.25%,2.25%,2.25%,0.16%,24.18%,21.54%,0.00%,20.05%,0.02%,0.10%,0.49%,23.28%
3062,0.00%,29.32%,21.68%,20.09%,19.51%,0.27%,0.00%,0.04%,0.00%,3.32%,0.23%,1.04%,1.50%,2.98%
3078,0.00%,22.89%,0.51%,0.26%,0.09%,0.01%,0.00%,0.00%,0.00%,26.28%,0.00%,44.79%,4.63%,0.53%
3096,0.00%,2.01%,0.11%,0.06%,0.03%,0.00%,0.00%,0.00%,0.00%,14.95%,0.00%,0.77%,19.27%,62.78%
312,0.02%,3.33%,0.13%,0.08%,0.10%,0.00%,0.00%,0.00%,0.00%,46.74%,0.00%,47.93%,1.39%,0.28%
3132,0.00%,0.01%,0.00%,0.00%,0.00%,99.98%,0.00%,0.00%,0.00%,0.01%,0.00%,0.00%,0.00%,0.00%
3141,0.00%,0.91%,22.26%,37.54%,30.82%,0.02%,0.00%,0.00%,0.00%,0.18%,0.00%,0.11%,5.52%,2.63%
3147,0.02%,8.00%,45.85%,2.12%,2.62%,28.57%,0.00%,0.00%,0.01%,2.24%,0.00%,0.17%,9.11%,1.30%
3152,100.00%,0.00%,0.00%,0.00%,0.00%,0.00%,0.00%,0.00%,0.00%,0.00%,0.00%,0.00%,0.00%,0.00%
3153,0.05%,0.15%,0.80%,0.15%,0.34%,0.01%,0.00%,0.00%,55.16%,20.38%,0.00%,21.40%,0.19%,1.37%
316,0.00%,0.17%,41.20%,29.20%,18.05%,2.15%,0.00%,0.00%,0.00%,0.10%,0.00%,0.28%,1.61%,7.26%
317,0.00%,0.06%,10.64%,60.52%,18.37%,0.23%,0.00%,0.00%,0.00%,0.07%,0.00%,0.15%,0.31%,9.64%
3185,0.00%,0.13%,0.02%,0.00%,0.06%,0.00%,0.00%,0.00%,0.00%,0.00%,99.69%,0.00%,0.09%,0.00%
3187,0.01%,84.34%,0.46%,0.10%,0.69%,0.10%,0.00%,0.00%,0.15%,0.53%,0.02%,1.90%,6.41%,5.27%
3194,0.00%,1.15%,0.33%,0.12%,0.44%,0.01%,0.00%,0.00%,90.26%,6.26%,0.00%,0.01%,1.25%,0.18%
3195,0.00%,0.70%,0.32%,0.49%,0.12%,1.69%,0.00%,0.00%,0.57%,94.37%,0.00%,1.03%,0.42%,0.29%
3205,0.00%,92.83%,0.17%,0.26%,0.29%,0.64%,0.00%,0.00%,0.00%,4.76%,0.00%,0.06%,0.26%,0.73%
3222,0.00%,0.27%,7.37%,8.96%,80.03%,0.18%,0.00%,0.00%,0.00%,0.43%,0.00%,0.04%,0.98%,1.75%
3227,0.01%,3.99%,35.57%,20.35%,27.02%,0.22%,0.03%,0.04%,0.00%,7.53%,1.50%,0.32%,1.62%,1.80%
3230,0.00%,46.88%,11.54%,4.58%,1.67%,1.42%,0.01%,18.84%,0.00%,1.22%,0.03%,0.02%,12.13%,1.67%
324,0.00%,3.07%,6.29%,2.95%,7.10%,0.24%,0.00%,0.00%,0.00%,1.69%,0.00%,10.70%,33.41%,34.54%
3271,0.03%,2.93%,0.15%,2.36%,20.09%,0.08%,0.00%,0.00%,0.00%,0.74%,0.00%,0.11%,35.67%,37.83%
3275,0.00%,0.24%,1.72%,28.75%,68.04%,0.01%,0.00%,0.00%,0.00%,0.95%,0.00%,0.04%,0.19%,0.06%
3276,0.00%,0.34%,0.01%,0.77%,10.21%,82.61%,0.00%,0.00%,0.00%,5.47%,0.00%,0.08%,0.18%,0.32%
328,0.00%,0.05%,0.60%,13.28%,85.06%,0.02%,0.00%,0.00%,0.00%,0.11%,0.00%,0.02%,0.40%,0.47%
3293,53.44%,0.73%,0.13%,0.11%,0.22%,0.04%,43.22%,0.14%,0.31%,0.43%,0.00%,0.88%,0.25%,0.10%
3299,0.00%,7.21%,2.29%,0.82%,0.13%,0.01%,0.00%,0.00%,0.00%,69.69%,0.00%,0.93%,13.82%,5.08%
331,0.15%,0.33%,0.09%,0.31%,0.40%,0.01%,0.00%,0.00%,0.00%,97.20%,0.00%,0.78%,0.28%,0.46%
3323,0.01%,7.85%,0.65%,0.46%,0.35%,0.03%,0.00%,0.00%,0.00%,9.02%,0.00%,6.95%,59.92%,14.75%
3330,0.00%,1.76%,1.74%,87.08%,6.44%,0.07%,0.00%,0.00%,0.00%,0.61%,0.01%,0.20%,1.54%,0.55%
3339,0.00%,0.91%,9.47%,10.11%,63.78%,0.84%,0.00%,0.00%,0.00%,4.07%,0.00%,0.22%,3.44%,7.13%
3340,0.00%,0.21%,3.75%,41.07%,53.61%,0.15%,0.00%,0.00%,0.00%,0.44%,0.00%,0.02%,0.24%,0.51%
3345,0.00%,3.88%,0.84%,0.47%,0.41%,0.01%,0.00%,0.00%,0.00%,63.17%,0.00%,23.81%,5.79%,1.63%
3363,23.20%,12.65%,17.10%,23.27%,9.67%,1.19%,0.26%,0.13%,2.08%,1.65%,0.18%,0.38%,4.87%,3.37%
3364,10.17%,6.43%,11.45%,40.51%,19.54%,1.34%,0.07%,0.91%,4.54%,1.08%,0.08%,0.13%,1.57%,2.18%
3365,2.38%,55.90%,6.93%,5.46%,7.27%,0.96%,0.37%,0.02%,9.04%,1.27%,2.54%,0.72%,4.45%,2.70%
3367,0.00%,0.56%,0.01%,0.04%,0.02%,0.00%,0.00%,0.00%,0.00%,97.47%,0.00%,0.07%,0.72%,1.12%
3375,0.00%,0.82%,1.86%,4.10%,2.73%,89.86%,0.00%,0.00%,0.00%,0.01%,0.00%,0.00%,0.12%,0.51%
3383,0.00%,8.56%,20.09%,54.35%,0.18%,0.12%,0.00%,0.00%,0.00%,0.00%,0.00%,0.01%,7.51%,9.18%
3388,0.00%,1.96%,6.01%,8.24%,0.72%,0.02%,0.00%,0.00%,0.00%,1.03%,0.00%,1.01%,71.17%,9.83%
3398,0.00%,22.72%,6.57%,1.12%,6.34%,0.03%,0.00%,0.00%,0.00%,8.35%,0.00%,21.30%,20.70%,12.86%
3405,0.00%,0.19%,6.78%,4.62%,6.60%,0.01%,0.00%,0.00%,0.00%,78.68%,0.00%,0.46%,0.34%,2.32%
341,0.00%,0.44%,48.27%,39.36%,4.97%,0.04%,0.01%,0.10%,0.00%,3.67%,0.00%,1.14%,1.45%,0.56%
3440,0.00%,14.31%,56.29%,20.56%,3.23%,0.03%,0.00%,0.00%,0.00%,1.03%,0.00%,0.75%,3.66%,0.14%
3458,0.00%,0.18%,0.01%,0.01%,0.01%,0.00%,0.00%,0.00%,0.00%,98.07%,0.00%,1.57%,0.08%,0.06%
3468,0.01%,0.01%,0.00%,0.00%,0.00%,0.00%,0.00%,0.00%,0.00%,98.93%,0.00%,1.05%,0.00%,0.00%
3469,0.00%,0.02%,0.01%,0.00%,0.00%,0.00%,0.00%,0.00%,0.00%,84.31%,0.00%,15.63%,0.02%,0.00%
348,0.00%,0.95%,12.29%,79.83%,6.01%,0.27%,0.00%,0.01%,0.00%,0.11%,0.00%,0.01%,0.21%,0.30%
3483,0.00%,0.32%,29.85%,49.91%,13.01%,1.48%,0.00%,0.00%,0.00%,0.41%,0.00%,0.21%,1.16%,3.66%
3486,6.21%,5.86%,1.91%,2.25%,2.08%,0.02%,0.00%,0.00%,0.00%,67.40%,0.00%,5.44%,1.56%,7.24%
3499,0.00%,1.12%,9.93%,66.47%,3.39%,0.01%,0.00%,0.00%,0.00%,10.97%,0.00%,0.04%,7.48%,0.58%
350,100.00%,0.00%,0.00%,0.00%,0.00%,0.00%,0.00%,0.00%,0.00%,0.00%,0.00%,0.00%,0.00%,0.00%
3500,0.00%,1.23%,6.68%,18.62%,27.27%,0.46%,0.00%,0.00%,0.04%,5.98%,0.03%,0.25%,14.37%,25.07%
3509,0.00%,97.46%,0.07%,0.05%,0.14%,0.08%,0.00%,0.00%,0.00%,0.46%,0.00%,1.55%,0.08%,0.11%
3516,0.00%,9.77%,0.84%,2.98%,1.02%,0.07%,0.00%,0.00%,0.00%,3.55%,0.00%,0.37%,36.92%,44.46%
3525,99.89%,0.01%,0.00%,0.00%,0.00%,0.00%,0.00%,0.00%,0.00%,0.09%,0.00%,0.00%,0.00%,0.01%
3532,0.00%,0.02%,7.23%,63.17%,29.26%,0.03%,0.00%,0.00%,0.00%,0.05%,0.00%,0.02%,0.13%,0.08%
356,99.99%,0.01%,0.00%,0.00%,0.00%,0.00%,0.00%,0.00%,0.00%,0.00%,0.00%,0.00%,0.00%,0.00%
3570,0.00%,0.86%,0.34%,0.42%,0.23%,0.02%,0.00%,0.01%,0.00%,13.43%,0.00%,6.12%,14.65%,63.93%
3571,0.00%,40.01%,0.42%,0.63%,0.53%,0.08%,0.00%,0.00%,0.00%,27.35%,0.00%,11.87%,11.41%,7.70%
3582,0.00%,0.58%,17.97%,37.74%,26.98%,0.10%,0.00%,0.00%,0.00%,0.89%,0.00%,0.45%,11.25%,4.04%
3595,0.00%,0.28%,80.04%,13.30%,3.63%,0.37%,0.00%,0.00%,0.00%,0.43%,0.00%,0.02%,0.23%,1.71%
3599,0.00%,0.57%,0.27%,0.11%,0.14%,0.02%,0.00%,0.00%,0.00%,11.81%,0.00%,82.01%,3.76%,1.30%
3614,0.00%,11.83%,11.67%,14.93%,56.63%,3.07%,0.00%,0.00%,0.00%,0.13%,0.02%,0.06%,0.50%,1.15%
3650,0.00%,3.82%,28.19%,47.39%,12.92%,0.08%,0.00%,0.00%,0.00%,0.68%,0.00%,0.15%,4.93%,1.84%
3653,0.00%,0.01%,0.01%,0.00%,0.01%,99.71%,0.00%,0.00%,0.00%,0.02%,0.00%,0.00%,0.05%,0.19%
3656,0.02%,0.96%,0.11%,0.11%,0.20%,0.01%,0.00%,0.00%,0.00%,26.32%,0.00%,70.44%,1.50%,0.32%
3674,0.00%,25.23%,0.99%,2.59%,1.39%,0.15%,0.00%,0.00%,0.00%,19.43%,0.00%,1.30%,25.66%,23.25%
3721,0.18%,0.45%,14.96%,2.91%,8.60%,8.26%,0.00%,0.00%,0.01%,0.33%,0.02%,45.88%,8.90%,9.50%
373,0.00%,3.03%,0.73%,5.06%,69.88%,0.07%,0.00%,0.00%,0.00%,4.09%,0.00%,13.65%,0.53%,2.96%
3733,0.00%,0.02%,0.30%,0.04%,0.00%,1.78%,0.00%,0.00%,0.01%,1.81%,0.00%,89.15%,6.64%,0.26%
3741,100.00%,0.00%,0.00%,0.00%,0.00%,0.00%,0.00%,0.00%,0.00%,0.00%,0.00%,0.00%,0.00%,0.00%
3768,0.11%,22.88%,6.64%,1.41%,1.18%,0.07%,0.02%,0.10%,0.00%,51.22%,0.00%,0.21%,9.90%,6.26%
3775,0.00%,0.38%,4.21%,75.20%,15.06%,0.36%,0.00%,0.00%,0.00%,0.45%,0.00%,0.00%,4.12%,0.22%
3784,0.00%,1.24%,7.32%,79.34%,7.56%,0.09%,0.00%,0.00%,0.00%,0.01%,0.00%,0.00%,3.35%,1.09%
3786,0.00%,0.00%,0.00%,0.00%,0.00%,100.00%,0.00%,0.00%,0.00%,0.00%,0.00%,0.00%,0.00%,0.00%
3787,99.61%,0.06%,0.00%,0.00%,0.00%,0.00%,0.00%,0.00%,0.00%,0.28%,0.00%,0.03%,0.00%,0.01%
3807,100.00%,0.00%,0.00%,0.00%,0.00%,0.00%,0.00%,0.00%,0.00%,0.00%,0.00%,0.00%,0.00%,0.00%
3808,0.03%,0.03%,0.00%,0.01%,0.01%,0.00%,0.00%,0.00%,0.00%,96.35%,0.00%,3.25%,0.13%,0.18%
3820,0.00%,0.06%,0.05%,0.15%,0.08%,0.03%,0.00%,0.00%,0.40%,2.63%,0.00%,96.16%,0.23%,0.21%
3821,0.01%,1.61%,2.42%,27.97%,6.76%,0.20%,0.00%,0.00%,0.06%,1.50%,0.00%,0.19%,13.10%,46.17%
3823,0.00%,0.22%,0.08%,0.43%,0.18%,98.43%,0.00%,0.00%,0.00%,0.54%,0.00%,0.01%,0.03%,0.07%
3834,0.00%,1.83%,47.79%,5.07%,3.65%,0.09%,0.00%,0.00%,0.00%,3.40%,0.00%,1.43%,6.17%,30.55%
3842,0.00%,1.37%,20.36%,50.09%,1.26%,0.05%,0.00%,0.00%,0.00%,5.46%,0.00%,1.03%,13.43%,6.94%
3861,0.01%,7.90%,2.90%,0.30%,0.92%,0.04%,0.00%,0.00%,0.00%,51.80%,0.00%,6.33%,7.67%,22.13%
3871,0.00%,0.15%,0.00%,0.01%,0.01%,0.00%,0.00%,0.00%,0.00%,7.54%,0.00%,91.26%,0.10%,0.92%
3886,0.00%,0.01%,7.76%,5.53%,86.58%,0.02%,0.00%,0.00%,0.00%,0.02%,0.00%,0.01%,0.04%,0.02%
3898,0.00%,0.00%,0.00%,0.00%,0.00%,100.00%,0.00%,0.00%,0.00%,0.00%,0.00%,0.00%,0.00%,0.00%
3899,99.98%,0.00%,0.00%,0.00%,0.00%,0.00%,0.00%,0.00%,0.00%,0.00%,0.00%,0.00%,0.01%,0.00%
3906,0.00%,0.38%,2.91%,63.44%,1.39%,0.31%,0.00%,0.00%,0.00%,0.01%,0.00%,0.08%,0.25%,31.22%
3921,0.00%,30.67%,68.53%,0.14%,0.21%,0.25%,0.00%,0.00%,0.00%,0.06%,0.01%,0.00%,0.03%,0.10%
3922,0.00%,1.43%,0.65%,12.82%,6.21%,70.83%,0.02%,0.01%,0.00%,0.04%,0.01%,0.09%,2.04%,5.86%
3923,99.99%,0.01%,0.00%,0.00%,0.00%,0.00%,0.00%,0.00%,0.00%,0.00%,0.00%,0.00%,0.00%,0.00%
3932,0.00%,0.00%,0.00%,0.00%,0.00%,100.00%,0.00%,0.00%,0.00%,0.00%,0.00%,0.00%,0.00%,0.00%
3941,0.00%,0.56%,7.16%,9.41%,77.69%,0.08%,0.00%,0.00%,0.00%,3.87%,0.00%,0.16%,0.53%,0.54%
3946,0.00%,2.77%,0.18%,0.08%,0.04%,0.00%,0.00%,0.00%,0.00%,1.85%,0.00%,0.53%,22.17%,72.39%
395,99.95%,0.00%,0.01%,0.00%,0.00%,0.00%,0.00%,0.00%,0.00%,0.01%,0.00%,0.00%,0.02%,0.00%
3950,0.00%,0.66%,63.37%,26.66%,2.74%,0.03%,0.00%,0.00%,0.00%,0.17%,0.00%,0.09%,2.27%,4.02%
3951,0.00%,0.49%,17.61%,54.52%,22.14%,0.03%,0.00%,0.00%,0.00%,0.21%,0.00%,0.05%,3.98%,0.97%
3969,0.00%,96.09%,0.03%,0.02%,0.01%,0.20%,0.00%,0.00%,0.00%,2.75%,0.00%,0.52%,0.30%,0.06%
3973,0.01%,0.89%,3.33%,11.25%,12.15%,0.47%,0.00%,0.00%,2.82%,24.00%,0.04%,0.63%,2.85%,41.58%
3978,0.00%,18.41%,11.76%,2.54%,3.94%,0.30%,0.00%,0.00%,0.10%,15.85%,0.01%,0.41%,43.65%,3.01%
3982,0.00%,0.00%,0.00%,0.00%,0.00%,0.00%,99.88%,0.11%,0.00%,0.01%,0.00%,0.00%,0.00%,0.00%
4005,0.00%,0.00%,0.00%,0.00%,0.00%,100.00%,0.00%,0.00%,0.00%,0.00%,0.00%,0.00%,0.00%,0.00%
4034,0.00%,0.16%,1.45%,41.00%,54.48%,0.00%,0.00%,0.00%,0.00%,0.18%,0.00%,1.80%,0.14%,0.78%
4071,0.01%,1.54%,0.07%,0.08%,0.28%,0.00%,0.00%,0.00%,0.00%,97.24%,0.00%,0.02%,0.62%,0.14%
4079,0.00%,0.00%,0.00%,0.00%,0.00%,100.00%,0.00%,0.00%,0.00%,0.00%,0.00%,0.00%,0.00%,0.00%
411,0.00%,15.21%,9.69%,37.28%,9.97%,11.89%,0.00%,0.00%,0.00%,2.50%,0.00%,8.05%,3.57%,1.83%
4114,0.02%,1.17%,0.01%,0.19%,4.14%,0.08%,0.00%,0.00%,0.12%,0.16%,0.11%,0.07%,23.25%,70.68%
4118,0.00%,0.34%,38.83%,38.54%,19.74%,0.09%,0.00%,0.00%,0.00%,0.98%,0.00%,0.26%,0.26%,0.96%
412,0.00%,13.21%,6.18%,36.05%,16.31%,9.48%,0.00%,0.00%,0.00%,2.01%,0.00%,9.03%,3.42%,4.29%
4132,0.00%,22.68%,0.26%,0.59%,0.72%,0.05%,0.00%,0.00%,0.00%,7.81%,0.00%,14.65%,50.18%,3.05%
4134,0.00%,76.97%,8.00%,8.74%,2.92%,0.03%,0.00%,0.00%,0.00%,0.08%,0.00%,0.22%,0.86%,2.18%
4144,0.00%,0.20%,51.33%,30.36%,9.32%,0.02%,0.00%,0.00%,0.00%,0.06%,0.00%,0.03%,7.14%,1.53%
4146,0.00%,0.08%,2.58%,2.89%,93.39%,0.00%,0.00%,0.00%,0.00%,0.08%,0.00%,0.01%,0.18%,0.80%
4152,0.00%,0.04%,0.06%,0.19%,0.02%,0.04%,0.00%,0.00%,0.00%,0.00%,0.00%,0.02%,0.03%,99.60%
4156,0.00%,0.06%,2.85%,30.16%,66.46%,0.01%,0.00%,0.00%,0.00%,0.02%,0.00%,0.04%,0.03%,0.38%
4161,0.00%,0.84%,0.29%,0.05%,0.05%,0.02%,0.00%,0.00%,0.00%,12.56%,0.00%,83.40%,1.47%,1.31%
4164,0.00%,0.24%,46.01%,29.93%,20.06%,0.03%,0.00%,0.00%,0.00%,0.50%,0.00%,0.54%,0.80%,1.90%
4175,0.00%,0.26%,45.37%,34.54%,19.52%,0.00%,0.00%,0.00%,0.00%,0.00%,0.00%,0.00%,0.17%,0.13%
4183,0.88%,52.23%,0.51%,0.38%,0.39%,0.01%,0.00%,0.00%,0.00%,14.86%,0.00%,28.22%,0.82%,1.69%
4192,0.00%,8.88%,20.31%,15.48%,7.34%,0.17%,0.00%,0.00%,0.00%,5.97%,0.00%,0.69%,32.05%,9.11%
4206,100.00%,0.00%,0.00%,0.00%,0.00%,0.00%,0.00%,0.00%,0.00%,0.00%,0.00%,0.00%,0.00%,0.00%
4218,0.00%,0.09%,0.35%,0.65%,3.28%,0.01%,0.00%,0.00%,0.00%,0.11%,0.00%,0.89%,0.53%,94.09%
4222,0.00%,0.78%,17.52%,36.15%,45.02%,0.01%,0.00%,0.00%,0.00%,0.02%,0.00%,0.00%,0.15%,0.34%
4226,0.00%,1.30%,0.04%,0.05%,0.05%,0.00%,0.00%,0.00%,0.00%,55.54%,0.00%,40.87%,1.08%,1.07%
4227,0.00%,4.07%,0.58%,0.27%,0.92%,0.03%,0.00%,0.00%,0.00%,64.51%,0.00%,5.52%,4.22%,19.88%
423,0.00%,0.54%,0.45%,0.03%,0.02%,0.02%,0.00%,0.00%,0.00%,10.96%,0.00%,87.71%,0.10%,0.17%
4230,0.00%,0.58%,20.04%,11.26%,40.58%,0.14%,0.00%,0.00%,0.00%,0.17%,0.00%,0.06%,7.87%,19.30%
4240,0.00%,8.38%,5.09%,6.68%,6.20%,0.06%,0.00%,0.00%,3.53%,66.84%,0.01%,0.08%,1.10%,2.02%
4241,0.00%,0.36%,0.00%,0.00%,0.00%,0.00%,0.00%,0.00%,0.00%,0.00%,98.29%,0.01%,1.21%,0.11%
4254,0.06%,22.78%,0.43%,0.35%,10.85%,9.95%,0.00%,0.00%,0.14%,1.34%,0.00%,41.51%,10.10%,2.48%
4260,0.00%,10.34%,2.58%,2.05%,1.74%,0.09%,0.00%,0.00%,0.00%,8.82%,0.00%,1.01%,34.18%,39.20%
427,0.00%,0.02%,72.54%,26.67%,0.24%,0.01%,0.00%,0.00%,0.00%,0.00%,0.00%,0.00%,0.39%,0.12%
4287,99.99%,0.01%,0.00%,0.00%,0.00%,0.00%,0.00%,0.00%,0.00%,0.01%,0.00%,0.00%,0.00%,0.00%
43,0.01%,8.12%,37.41%,0.29%,40.28%,10.28%,0.00%,0.00%,0.18%,1.65%,0.01%,0.04%,1.00%,0.74%
4318,0.00%,0.45%,0.01%,0.00%,0.00%,0.00%,0.00%,0.00%,0.00%,1.11%,0.00%,98.17%,0.15%,0.09%
4326,100.00%,0.00%,0.00%,0.00%,0.00%,0.00%,0.00%,0.00%,0.00%,0.00%,0.00%,0.00%,0.00%,0.00%
4329,0.00%,0.33%,52.03%,28.15%,18.38%,0.01%,0.00%,0.00%,0.00%,0.06%,0.00%,0.02%,0.78%,0.23%
4334,0.26%,1.45%,1.07%,0.07%,0.11%,0.00%,95.64%,0.00%,0.00%,1.20%,0.01%,0.10%,0.02%,0.07%
4342,0.00%,4.34%,1.11%,0.27%,0.24%,0.01%,0.01%,0.00%,0.00%,5.31%,0.00%,87.49%,0.50%,0.71%
4345,0.02%,52.24%,6.09%,4.71%,5.33%,0.05%,0.00%,0.01%,0.00%,25.55%,0.00%,0.70%,5.04%,0.27%
4354,0.00%,30.01%,0.16%,0.20%,0.26%,0.00%,0.00%,0.00%,0.00%,30.81%,0.00%,38.27%,0.13%,0.15%
4361,0.00%,0.02%,0.01%,0.00%,0.00%,0.00%,0.00%,0.00%,0.00%,7.85%,0.00%,91.40%,0.46%,0.25%
4363,0.00%,0.14%,18.70%,19.32%,55.12%,0.01%,0.00%,0.00%,0.00%,2.02%,0.00%,0.14%,0.67%,3.88%
4364,0.00%,0.03%,13.80%,44.80%,39.54%,0.02%,0.00%,0.00%,0.00%,0.36%,0.00%,0.11%,0.81%,0.52%
437,0.00%,0.55%,59.88%,32.80%,5.18%,0.11%,0.00%,0.00%,0.00%,0.85%,0.00%,0.01%,0.25%,0.36%
4372,0.00%,4.72%,1.81%,55.66%,2.89%,0.39%,0.00%,0.00%,0.00%,0.66%,0.00%,3.66%,1.85%,28.35%
4377,0.00%,0.00%,0.00%,0.00%,0.23%,99.68%,0.00%,0.00%,0.00%,0.00%,0.00%,0.00%,0.00%,0.09%
4384,0.00%,1.26%,0.80%,9.50%,15.18%,0.03%,0.00%,0.00%,0.00%,18.22%,0.00%,8.81%,7.37%,38.82%
4385,0.00%,3.42%,46.38%,32.73%,1.78%,0.02%,0.00%,0.00%,0.00%,0.60%,0.00%,0.31%,1.46%,13.30%
4400,0.00%,1.47%,1.15%,0.09%,0.20%,0.03%,0.00%,0.00%,0.00%,0.17%,0.00%,0.16%,65.89%,30.84%
4407,1.61%,1.07%,60.97%,29.01%,5.26%,0.01%,0.00%,0.00%,0.00%,0.33%,0.02%,0.15%,1.38%,0.17%
4417,0.00%,0.00%,0.00%,0.00%,0.01%,99.99%,0.00%,0.00%,0.00%,0.00%,0.00%,0.00%,0.00%,0.00%
4425,0.00%,8.44%,45.91%,7.11%,5.74%,8.55%,0.00%,0.00%,0.00%,2.98%,0.00%,0.65%,9.76%,10.86%
4431,0.69%,40.45%,3.47%,4.00%,6.51%,0.06%,0.00%,0.00%,0.00%,4.93%,0.00%,10.75%,28.29%,0.85%
4452,0.00%,53.31%,38.14%,0.44%,7.82%,0.01%,0.00%,0.00%,0.00%,0.01%,0.01%,0.07%,0.14%,0.05%
4465,0.00%,37.29%,0.09%,0.04%,30.46%,0.03%,0.00%,0.00%,0.00%,13.10%,0.00%,6.02%,7.68%,5.28%
4471,100.00%,0.00%,0.00%,0.00%,0.00%,0.00%,0.00%,0.00%,0.00%,0.00%,0.00%,0.00%,0.00%,0.00%
4481,99.89%,0.01%,0.00%,0.00%,0.00%,0.00%,0.00%,0.00%,0.00%,0.00%,0.00%,0.09%,0.00%,0.00%
4492,0.00%,1.23%,1.86%,1.56%,0.19%,0.06%,0.00%,0.00%,0.00%,6.49%,0.00%,0.28%,8.67%,79.66%
4530,100.00%,0.00%,0.00%,0.00%,0.00%,0.00%,0.00%,0.00%,0.00%,0.00%,0.00%,0.00%,0.00%,0.00%
4534,0.02%,3.04%,0.25%,0.11%,0.15%,0.01%,0.00%,0.00%,0.00%,3.55%,0.00%,0.70%,59.36%,32.82%
454,0.01%,99.20%,0.07%,0.02%,0.03%,0.00%,0.00%,0.00%,0.00%,0.19%,0.00%,0.04%,0.37%,0.06%
4545,0.00%,42.02%,0.57%,1.94%,2.87%,0.05%,0.00%,0.00%,0.00%,0.69%,0.00%,0.18%,14.17%,37.49%
4553,0.00%,24.96%,0.09%,0.17%,0.22%,0.28%,0.00%,0.00%,0.00%,12.08%,0.00%,60.59%,0.31%,1.28%
4580,0.00%,2.26%,11.32%,41.83%,41.56%,0.09%,0.00%,0.00%,0.00%,1.43%,0.00%,0.01%,0.56%,0.94%
4583,0.00%,0.00%,0.00%,0.00%,0.00%,100.00%,0.00%,0.00%,0.00%,0.00%,0.00%,0.00%,0.00%,0.00%
4585,5.75%,46.81%,1.90%,0.91%,2.38%,0.04%,0.00%,0.00%,0.01%,22.33%,0.01%,4.21%,2.65%,13.01%
4589,18.71%,26.00%,14.73%,1.72%,0.76%,0.10%,0.00%,0.00%,0.00%,23.06%,0.36%,11.06%,2.10%,1.39%
4592,0.00%,0.51%,4.73%,78.60%,14.60%,0.02%,0.00%,0.00%,0.00%,1.07%,0.01%,0.08%,0.25%,0.14%
4593,0.00%,0.00%,0.00%,0.00%,0.00%,100.00%,0.00%,0.00%,0.00%,0.00%,0.00%,0.00%,0.00%,0.00%
46,99.96%,0.02%,0.00%,0.00%,0.00%,0.00%,0.00%,0.00%,0.00%,0.01%,0.00%,0.01%,0.01%,0.00%
4609,0.06%,57.65%,3.55%,0.99%,0.54%,0.02%,0.31%,0.02%,0.00%,26.95%,4.34%,0.28%,4.69%,0.59%
4619,0.01%,0.65%,1.45%,4.07%,0.16%,0.00%,0.00%,0.00%,0.00%,92.22%,0.00%,0.17%,1.19%,0.07%
4624,0.00%,0.16%,25.96%,61.88%,9.60%,0.12%,0.00%,0.00%,0.00%,0.04%,0.00%,0.13%,1.77%,0.34%
4647,0.00%,0.43%,5.92%,60.37%,4.25%,0.08%,0.00%,0.00%,0.00%,14.22%,0.00%,0.78%,11.57%,2.37%
4655,0.12%,1.84%,0.30%,0.18%,0.28%,0.01%,0.00%,0.00%,0.00%,55.41%,0.00%,27.04%,13.63%,1.19%
4658,0.02%,2.37%,0.16%,0.34%,0.55%,0.04%,0.00%,0.00%,0.00%,2.94%,0.00%,34.29%,23.40%,35.89%
4702,0.00%,0.02%,0.05%,0.02%,0.06%,0.00%,0.00%,0.00%,0.00%,0.14%,0.00%,0.03%,74.49%,25.18%
4703,0.01%,4.45%,0.26%,0.12%,0.23%,0.02%,0.00%,0.00%,0.00%,47.65%,0.00%,32.51%,9.68%,5.07%
4706,0.01%,14.44%,7.48%,55.71%,6.75%,0.13%,0.00%,0.00%,0.00%,2.54%,0.00%,1.45%,3.21%,8.27%
4709,0.00%,0.18%,0.00%,0.01%,0.01%,0.00%,0.00%,0.00%,99.26%,0.51%,0.00%,0.00%,0.01%,0.02%
4721,0.00%,0.20%,0.08%,0.01%,0.06%,0.03%,0.00%,0.00%,0.45%,0.65%,0.00%,98.39%,0.03%,0.08%
4741,0.00%,0.08%,51.64%,17.46%,24.37%,0.02%,0.00%,0.00%,0.00%,0.08%,0.00%,0.01%,0.32%,6.02%
475,0.01%,4.68%,0.84%,83.40%,5.03%,0.87%,0.00%,0.00%,0.00%,0.06%,0.01%,0.15%,3.70%,1.24%
4760,0.00%,0.00%,0.00%,0.00%,0.00%,100.00%,0.00%,0.00%,0.00%,0.00%,0.00%,0.00%,0.00%,0.00%
4775,0.19%,2.97%,1.00%,0.36%,0.20%,0.02%,0.00%,0.00%,0.00%,17.16%,0.00%,7.08%,19.89%,51.12%
4777,0.10%,27.14%,7.86%,2.88%,2.39%,0.04%,0.00%,0.00%,0.00%,27.20%,0.00%,12.47%,15.43%,4.49%
4823,0.00%,4.40%,2.67%,2.92%,5.32%,0.07%,0.00%,0.00%,0.00%,0.30%,0.00%,2.43%,59.69%,22.20%
4834,0.00%,0.35%,0.11%,0.01%,0.02%,0.01%,0.00%,0.00%,0.00%,0.04%,0.00%,0.01%,0.61%,98.83%
4836,0.00%,1.37%,9.70%,8.95%,32.89%,0.02%,0.00%,0.00%,0.00%,0.33%,0.00%,1.53%,38.54%,6.67%
4837,0.00%,1.31%,6.87%,16.22%,29.46%,0.03%,0.00%,0.00%,0.00%,0.71%,0.00%,10.10%,25.32%,9.98%
4843,0.08%,22.17%,12.04%,32.33%,1.09%,0.03%,0.00%,0.00%,0.00%,5.34%,0.00%,0.78%,24.91%,1.24%
4850,99.99%,0.00%,0.00%,0.00%,0.00%,0.00%,0.00%,0.00%,0.00%,0.00%,0.00%,0.00%,0.00%,0.00%
4869,0.00%,0.00%,0.00%,0.00%,0.00%,100.00%,0.00%,0.00%,0.00%,0.00%,0.00%,0.00%,0.00%,0.00%
4871,2.14%,0.51%,0.09%,0.07%,0.04%,0.00%,0.00%,0.00%,0.00%,92.42%,0.00%,4.31%,0.37%,0.06%
4874,0.23%,19.98%,5.32%,4.03%,4.55%,1.44%,0.00%,0.00%,0.00%,25.26%,0.01%,7.65%,7.42%,24.09%
4875,0.01%,97.12%,0.15%,0.00%,0.01%,0.00%,0.00%,0.00%,0.00%,0.87%,0.00%,1.72%,0.11%,0.01%
4884,0.00%,1.42%,11.06%,11.43%,59.09%,0.01%,0.00%,0.00%,0.00%,0.42%,0.00%,0.78%,13.66%,2.12%
4899,100.00%,0.00%,0.00%,0.00%,0.00%,0.00%,0.00%,0.00%,0.00%,0.00%,0.00%,0.00%,0.00%,0.00%
4905,0.00%,58.27%,4.98%,22.94%,4.53%,0.26%,0.00%,0.00%,0.32%,1.74%,0.00%,0.08%,0.92%,5.94%
4919,0.02%,0.49%,0.06%,0.02%,0.02%,0.02%,0.00%,0.00%,0.00%,59.74%,0.00%,31.42%,5.31%,2.90%
4926,0.00%,1.66%,0.13%,0.19%,0.76%,0.17%,0.00%,0.00%,0.75%,91.43%,0.13%,0.16%,2.38%,2.23%
4929,0.00%,21.75%,7.48%,3.33%,20.20%,0.14%,0.00%,0.00%,0.17%,1.40%,0.00%,0.46%,42.11%,2.95%
4969,0.00%,0.08%,0.06%,0.58%,1.66%,95.08%,0.00%,0.00%,0.00%,0.00%,0.00%,0.04%,0.01%,2.50%
4972,0.07%,7.87%,24.35%,21.52%,5.95%,0.52%,0.00%,0.00%,1.30%,10.43%,0.00%,4.33%,22.86%,0.79%
4974,0.02%,14.17%,12.87%,4.30%,2.67%,0.56%,0.00%,0.00%,0.04%,1.35%,0.00%,10.44%,48.59%,5.00%
5000,0.00%,3.76%,0.13%,7.78%,5.88%,0.01%,0.00%,0.00%,0.00%,17.49%,0.00%,61.56%,2.08%,1.32%
5008,0.00%,0.02%,0.03%,0.08%,0.11%,0.00%,0.00%,0.00%,99.69%,0.04%,0.00%,0.00%,0.00%,0.02%
5020,0.00%,0.12%,2.28%,89.37%,4.99%,0.03%,0.00%,0.00%,0.00%,2.14%,0.00%,0.18%,0.59%,0.31%
503,0.00%,1.24%,25.94%,70.02%,0.32%,0.03%,0.00%,0.00%,0.00%,0.07%,0.00%,0.00%,1.71%,0.66%
5034,100.00%,0.00%,0.00%,0.00%,0.00%,0.00%,0.00%,0.00%,0.00%,0.00%,0.00%,0.00%,0.00%,0.00%
5036,0.00%,0.34%,0.04%,0.07%,0.03%,0.00%,0.00%,0.00%,0.00%,0.85%,0.00%,98.17%,0.12%,0.37%
5040,0.00%,2.77%,1.13%,57.31%,7.13%,0.05%,0.00%,0.00%,0.00%,2.99%,0.00%,0.03%,1.43%,27.15%
5057,0.06%,13.33%,3.33%,17.05%,3.92%,0.49%,0.00%,0.00%,0.19%,3.12%,0.00%,2.32%,54.11%,2.06%
5059,0.01%,1.37%,3.06%,1.17%,3.88%,0.12%,0.00%,0.00%,0.12%,4.63%,0.00%,11.54%,68.87%,5.23%
5063,100.00%,0.00%,0.00%,0.00%,0.00%,0.00%,0.00%,0.00%,0.00%,0.00%,0.00%,0.00%,0.00%,0.00%
5091,0.02%,49.98%,4.04%,2.36%,3.59%,0.69%,0.00%,0.00%,2.26%,0.89%,0.01%,0.22%,24.18%,11.77%
5114,0.00%,0.00%,0.00%,0.00%,0.00%,100.00%,0.00%,0.00%,0.00%,0.00%,0.00%,0.00%,0.00%,0.00%
5118,0.00%,89.60%,5.38%,1.40%,1.05%,0.01%,0.00%,0.00%,0.00%,0.59%,0.00%,0.13%,1.62%,0.21%
5124,0.00%,0.00%,0.00%,0.00%,0.00%,99.99%,0.00%,0.00%,0.00%,0.00%,0.00%,0.00%,0.00%,0.00%
5148,100.00%,0.00%,0.00%,0.00%,0.00%,0.00%,0.00%,0.00%,0.00%,0.00%,0.00%,0.00%,0.00%,0.00%
5151,0.00%,59.71%,8.76%,5.11%,4.48%,0.02%,0.00%,0.00%,0.00%,6.02%,0.00%,0.10%,11.62%,4.18%
5169,0.00%,6.98%,1.83%,0.58%,0.51%,76.33%,0.00%,0.00%,0.00%,8.12%,0.00%,0.10%,3.52%,2.04%
5175,0.00%,1.05%,4.25%,57.08%,28.82%,0.48%,0.00%,0.00%,0.00%,0.40%,0.00%,0.12%,5.15%,2.65%
5179,0.04%,10.30%,5.13%,13.31%,3.95%,0.06%,0.00%,0.00%,0.00%,15.69%,0.00%,4.71%,14.16%,32.66%
518,0.17%,7.26%,0.07%,0.01%,0.04%,0.72%,89.18%,1.32%,0.71%,0.33%,0.00%,0.02%,0.09%,0.06%
5181,0.00%,11.48%,61.14%,3.59%,2.07%,0.09%,0.00%,0.00%,0.00%,4.57%,0.00%,0.38%,5.48%,11.20%
5189,0.00%,15.21%,0.25%,1.49%,1.45%,0.99%,0.02%,0.01%,32.73%,45.07%,0.10%,0.18%,0.12%,2.36%
5199,0.00%,0.11%,99.03%,0.79%,0.01%,0.04%,0.00%,0.00%,0.00%,0.01%,0.00%,0.00%,0.01%,0.01%
5200,0.00%,20.69%,16.94%,15.47%,44.86%,0.94%,0.00%,0.01%,0.00%,0.25%,0.00%,0.02%,0.34%,0.49%
5209,0.00%,0.00%,0.00%,0.00%,0.00%,100.00%,0.00%,0.00%,0.00%,0.00%,0.00%,0.00%,0.00%,0.00%
5218,99.98%,0.00%,0.00%,0.00%,0.00%,0.00%,0.00%,0.00%,0.02%,0.00%,0.00%,0.00%,0.00%,0.00%
5223,0.01%,2.98%,0.11%,0.11%,1.61%,0.14%,0.00%,0.00%,0.00%,0.04%,0.00%,0.01%,8.67%,86.31%
5229,100.00%,0.00%,0.00%,0.00%,0.00%,0.00%,0.00%,0.00%,0.00%,0.00%,0.00%,0.00%,0.00%,0.00%
523,0.01%,0.53%,0.07%,0.00%,0.00%,0.00%,0.00%,0.00%,0.04%,0.18%,99.09%,0.02%,0.04%,0.01%
5232,0.00%,4.48%,0.10%,0.10%,0.21%,0.01%,0.00%,0.00%,0.00%,4.29%,0.00%,0.16%,65.87%,24.79%
5264,0.00%,0.03%,73.40%,2.49%,23.88%,0.01%,0.00%,0.00%,0.00%,0.02%,0.00%,0.00%,0.06%,0.11%
5273,0.00%,2.31%,40.50%,31.06%,8.55%,0.12%,0.00%,0.00%,0.00%,1.90%,0.00%,0.17%,0.52%,14.86%
5277,100.00%,0.00%,0.00%,0.00%,0.00%,0.00%,0.00%,0.00%,0.00%,0.00%,0.00%,0.00%,0.00%,0.00%
5282,0.00%,79.48%,2.62%,0.72%,1.06%,0.02%,0.00%,0.00%,0.00%,4.67%,0.00%,6.66%,2.22%,2.54%
529,0.00%,43.07%,0.51%,1.28%,1.87%,1.85%,0.00%,0.00%,0.00%,3.58%,0.00%,37.85%,9.71%,0.27%
5297,0.02%,1.10%,6.03%,4.97%,84.22%,0.09%,0.00%,0.00%,0.00%,2.20%,0.00%,0.52%,0.73%,0.11%
5300,0.00%,4.63%,31.32%,7.36%,9.07%,0.90%,0.00%,0.00%,0.76%,29.77%,0.01%,3.99%,10.05%,2.11%
5302,0.00%,0.20%,0.01%,0.01%,0.01%,0.00%,0.00%,0.00%,0.00%,99.67%,0.00%,0.01%,0.06%,0.03%
5309,0.00%,2.36%,36.87%,24.79%,29.33%,0.06%,0.00%,0.00%,0.00%,0.23%,0.00%,0.74%,1.11%,4.51%
532,0.01%,3.69%,0.72%,8.10%,2.06%,1.46%,0.00%,0.00%,0.00%,4.31%,0.00%,32.75%,43.07%,3.83%
533,1.94%,16.67%,1.55%,3.55%,14.23%,1.57%,0.00%,0.00%,0.00%,11.09%,0.00%,44.44%,1.02%,3.95%
534,0.00%,4.41%,30.32%,60.53%,1.90%,0.29%,0.00%,0.00%,0.00%,1.25%,0.00%,0.17%,1.07%,0.05%
535,0.01%,4.23%,10.28%,47.33%,24.59%,0.40%,0.00%,0.00%,0.00%,4.21%,0.00%,0.71%,3.80%,4.44%
5351,0.00%,0.01%,0.04%,0.13%,99.68%,0.02%,0.00%,0.00%,0.00%,0.00%,0.00%,0.00%,0.10%,0.01%
5356,0.00%,1.56%,0.22%,0.09%,0.07%,0.01%,0.00%,0.00%,0.00%,25.55%,0.00%,2.09%,11.36%,59.05%
5359,0.00%,0.06%,68.36%,26.04%,0.36%,0.01%,0.00%,0.00%,0.00%,0.06%,0.00%,0.02%,0.32%,4.77%
5382,0.22%,5.53%,1.79%,1.56%,0.89%,0.22%,0.00%,0.00%,0.00%,11.84%,0.00%,0.05%,77.34%,0.57%
5386,0.00%,0.00%,0.00%,0.00%,0.00%,100.00%,0.00%,0.00%,0.00%,0.00%,0.00%,0.00%,0.00%,0.00%
5406,0.00%,11.35%,0.20%,0.13%,0.28%,4.26%,0.00%,0.00%,0.00%,1.56%,0.00%,1.43%,54.12%,26.64%
5425,0.00%,7.98%,3.69%,1.95%,83.82%,0.04%,0.00%,0.00%,0.00%,0.17%,0.00%,0.04%,0.45%,1.87%
5439,0.00%,0.02%,0.00%,0.00%,0.00%,0.00%,0.00%,0.00%,0.00%,96.88%,0.00%,3.09%,0.00%,0.00%
5447,1.88%,0.47%,1.01%,0.27%,1.06%,0.03%,0.10%,0.18%,0.00%,44.44%,0.00%,9.87%,10.53%,30.16%
5461,0.00%,0.73%,0.52%,0.14%,0.34%,0.00%,0.00%,0.00%,0.00%,25.28%,0.00%,59.86%,2.77%,10.35%
5467,0.00%,0.41%,7.32%,8.92%,81.44%,0.01%,0.00%,0.00%,0.00%,0.02%,0.00%,0.01%,1.43%,0.43%
5483,0.00%,12.15%,0.20%,0.10%,0.41%,0.17%,0.00%,0.00%,0.49%,43.51%,0.02%,24.49%,10.74%,7.72%
5487,0.91%,17.44%,7.67%,17.84%,2.42%,0.67%,0.00%,0.00%,3.50%,2.92%,1.28%,2.16%,26.27%,16.91%
549,0.00%,0.39%,0.02%,0.05%,0.03%,0.01%,0.00%,0.00%,0.00%,0.04%,0.00%,0.17%,61.05%,38.24%
5493,0.03%,26.12%,4.43%,1.30%,4.58%,0.05%,0.01%,0.01%,0.01%,29.45%,0.00%,16.62%,12.24%,5.15%
5511,0.01%,0.37%,29.29%,17.25%,30.77%,20.70%,0.00%,0.00%,0.00%,0.03%,0.00%,0.02%,1.08%,0.49%
5517,0.00%,0.36%,21.78%,20.65%,52.80%,0.25%,0.00%,0.00%,0.00%,0.09%,0.00%,0.04%,0.59%,3.45%
5520,0.02%,1.57%,0.10%,1.09%,0.14%,0.00%,0.00%,0.00%,0.00%,93.79%,0.00%,1.09%,1.73%,0.47%
5526,0.00%,0.18%,1.34%,56.34%,0.93%,0.27%,0.00%,0.00%,0.00%,0.18%,0.00%,0.23%,2.58%,37.94%
5530,0.00%,0.28%,0.02%,0.11%,0.29%,0.00%,0.00%,0.00%,0.00%,97.96%,0.00%,0.02%,0.66%,0.65%
5540,0.13%,3.21%,0.72%,0.31%,0.15%,0.03%,0.00%,0.00%,70.26%,23.03%,0.01%,0.68%,0.90%,0.59%
5541,0.00%,28.81%,1.26%,0.43%,0.88%,0.11%,0.00%,0.00%,0.32%,7.45%,0.01%,1.41%,12.32%,47.00%
5551,100.00%,0.00%,0.00%,0.00%,0.00%,0.00%,0.00%,0.00%,0.00%,0.00%,0.00%,0.00%,0.00%,0.00%
5564,0.00%,0.56%,0.38%,0.04%,0.07%,0.01%,0.00%,0.00%,0.00%,0.92%,0.00%,0.17%,83.93%,13.91%
5581,0.10%,3.79%,0.05%,0.04%,0.12%,0.03%,0.00%,0.00%,16.94%,3.21%,0.00%,73.08%,1.99%,0.64%
5590,0.00%,4.11%,41.47%,26.85%,17.73%,0.14%,0.00%,0.00%,0.00%,0.38%,0.00%,4.26%,3.46%,1.60%
56,85.77%,0.41%,0.00%,0.00%,0.00%,0.00%,0.00%,0.00%,13.78%,0.03%,0.00%,0.00%,0.00%,0.00%
5602,0.00%,0.00%,0.00%,0.00%,0.00%,100.00%,0.00%,0.00%,0.00%,0.00%,0.00%,0.00%,0.00%,0.00%
5606,0.00%,7.62%,24.29%,41.65%,9.91%,0.19%,0.00%,0.06%,0.59%,14.19%,0.02%,0.17%,0.99%,0.30%
5625,0.00%,1.37%,11.49%,9.89%,22.72%,0.25%,0.01%,0.02%,0.00%,0.87%,0.00%,0.01%,15.97%,37.39%
5648,0.00%,1.88%,0.44%,0.08%,0.26%,0.01%,0.00%,0.00%,0.00%,3.40%,0.00%,0.45%,74.29%,19.18%
5664,0.00%,0.05%,0.06%,0.10%,0.05%,0.00%,0.00%,0.00%,0.00%,8.41%,0.00%,0.78%,2.04%,88.52%
567,100.00%,0.00%,0.00%,0.00%,0.00%,0.00%,0.00%,0.00%,0.00%,0.00%,0.00%,0.00%,0.00%,0.00%
5678,0.00%,0.28%,69.24%,8.92%,20.35%,0.03%,0.00%,0.00%,0.00%,0.02%,0.00%,0.07%,0.35%,0.73%
5696,0.02%,0.55%,0.00%,0.01%,0.04%,0.05%,0.00%,0.00%,79.05%,18.43%,0.00%,0.77%,0.18%,0.89%
5715,0.00%,0.00%,0.00%,0.00%,0.00%,100.00%,0.00%,0.00%,0.00%,0.00%,0.00%,0.00%,0.00%,0.00%
5729,0.04%,0.37%,3.17%,17.65%,53.52%,0.46%,0.00%,0.00%,0.01%,0.86%,0.01%,0.10%,6.59%,17.21%
5745,0.00%,10.97%,0.37%,0.52%,0.34%,0.01%,0.00%,0.00%,0.00%,3.39%,0.00%,81.85%,1.66%,0.89%
5755,0.00%,0.01%,0.01%,0.00%,0.01%,0.00%,0.00%,0.00%,0.00%,1.34%,0.00%,98.53%,0.01%,0.09%
5758,1.20%,61.30%,17.80%,1.52%,0.37%,0.27%,0.00%,0.00%,0.00%,1.41%,0.00%,0.25%,15.54%,0.34%
5760,0.00%,0.02%,8.13%,68.62%,23.01%,0.01%,0.00%,0.00%,0.00%,0.01%,0.00%,0.00%,0.14%,0.06%
5761,0.00%,0.12%,0.37%,13.55%,85.43%,0.08%,0.00%,0.00%,0.00%,0.01%,0.00%,0.00%,0.36%,0.08%
5793,0.15%,11.55%,0.80%,1.32%,2.27%,0.01%,0.00%,0.00%,0.00%,65.01%,0.00%,9.73%,7.88%,1.29%
5794,0.00%,0.01%,0.01%,0.00%,0.00%,0.00%,0.00%,0.00%,0.00%,0.03%,0.00%,99.74%,0.02%,0.19%
5797,0.00%,0.18%,6.38%,64.39%,22.60%,1.12%,0.00%,0.00%,0.00%,0.36%,0.00%,0.00%,0.37%,4.60%
58,0.00%,9.48%,4.60%,21.79%,25.12%,0.62%,0.00%,0.00%,0.64%,36.00%,0.03%,0.10%,0.56%,1.07%
5808,0.00%,0.11%,0.00%,0.04%,0.04%,33.41%,0.00%,0.00%,0.00%,0.03%,66.30%,0.00%,0.00%,0.05%
5809,0.00%,0.05%,0.30%,0.31%,0.16%,0.00%,98.71%,0.04%,0.02%,0.19%,0.01%,0.00%,0.10%,0.12%
5828,0.00%,1.63%,0.10%,0.07%,0.05%,0.00%,0.00%,0.00%,0.00%,0.72%,0.00%,95.86%,1.19%,0.37%
584,0.00%,19.77%,2.30%,65.17%,1.54%,6.65%,0.00%,0.00%,0.00%,0.67%,0.03%,0.07%,1.20%,2.58%
5865,0.00%,93.28%,0.42%,0.54%,0.48%,0.00%,0.00%,0.00%,0.00%,1.07%,0.00%,2.69%,0.45%,1.06%
587,0.00%,0.90%,0.05%,0.05%,0.02%,0.00%,0.00%,0.00%,0.00%,0.48%,0.00%,0.34%,76.56%,21.59%
5876,0.00%,0.20%,22.01%,46.71%,27.11%,0.04%,0.00%,0.00%,0.00%,0.02%,0.00%,0.00%,0.65%,3.26%
5877,0.00%,0.24%,3.30%,36.22%,58.84%,0.04%,0.00%,0.00%,0.00%,0.01%,0.00%,0.00%,0.36%,0.98%
588,98.76%,0.01%,0.00%,0.01%,0.00%,0.00%,0.77%,0.34%,0.00%,0.04%,0.00%,0.00%,0.01%,0.05%
5901,0.00%,1.06%,0.49%,0.12%,0.29%,0.01%,0.00%,0.00%,0.01%,2.66%,0.00%,0.01%,1.36%,93.99%
5905,0.03%,18.92%,3.57%,34.98%,14.89%,12.39%,0.00%,0.00%,0.06%,1.85%,0.01%,0.29%,1.82%,11.20%
5925,0.00%,0.14%,21.54%,24.70%,34.55%,0.15%,0.00%,0.00%,0.00%,11.66%,0.00%,0.63%,4.71%,1.92%
597,0.00%,0.80%,0.06%,0.34%,1.25%,0.01%,0.00%,0.00%,0.00%,3.61%,0.00%,2.14%,58.32%,33.47%
5984,76.42%,0.02%,0.01%,0.05%,0.00%,0.00%,0.00%,0.00%,13.80%,9.27%,0.00%,0.11%,0.27%,0.04%
599,0.00%,66.56%,7.11%,5.91%,5.23%,0.07%,0.00%,0.00%,0.00%,1.11%,0.00%,0.48%,7.63%,5.89%
5993,0.00%,36.61%,2.73%,8.21%,42.85%,0.09%,0.00%,0.00%,0.01%,2.58%,0.00%,0.21%,4.82%,1.88%
6,0.06%,1.10%,13.43%,14.62%,33.37%,0.92%,0.00%,0.00%,0.20%,0.19%,0.00%,0.17%,12.96%,22.98%
6015,0.00%,5.25%,4.90%,18.58%,61.31%,0.05%,0.00%,0.00%,0.00%,1.81%,0.00%,0.17%,2.93%,4.99%
6037,0.00%,0.35%,0.09%,0.08%,0.10%,0.00%,0.00%,0.00%,0.00%,93.19%,0.00%,5.34%,0.59%,0.27%
6046,0.00%,0.08%,0.43%,0.33%,0.43%,0.27%,0.44%,53.27%,0.00%,36.57%,0.01%,0.00%,6.32%,1.84%
6048,0.00%,88.14%,7.69%,1.25%,0.29%,0.16%,0.00%,0.01%,0.00%,0.63%,0.03%,0.07%,0.82%,0.90%
6071,100.00%,0.00%,0.00%,0.00%,0.00%,0.00%,0.00%,0.00%,0.00%,0.00%,0.00%,0.00%,0.00%,0.00%
6076,0.00%,93.03%,0.08%,0.15%,1.91%,0.02%,0.00%,0.00%,0.00%,0.74%,0.00%,0.18%,2.59%,1.30%
6081,75.47%,0.10%,0.01%,0.09%,0.09%,0.00%,0.00%,0.00%,22.47%,0.01%,0.00%,0.04%,1.60%,0.11%
6089,0.00%,3.41%,49.22%,20.93%,19.91%,0.02%,0.00%,0.00%,0.00%,3.01%,0.00%,0.06%,1.16%,2.28%
6095,0.00%,1.93%,0.12%,0.11%,0.11%,0.00%,0.00%,0.00%,0.00%,0.26%,0.00%,0.72%,13.11%,83.65%
6101,0.01%,0.02%,0.02%,0.02%,0.02%,0.02%,0.00%,0.00%,0.09%,0.12%,0.00%,99.51%,0.03%,0.13%
6109,100.00%,0.00%,0.00%,0.00%,0.00%,0.00%,0.00%,0.00%,0.00%,0.00%,0.00%,0.00%,0.00%,0.00%
6133,0.00%,1.74%,0.97%,0.51%,0.94%,0.01%,0.00%,0.00%,0.00%,57.81%,0.00%,0.48%,28.66%,8.89%
6148,0.00%,0.61%,0.27%,0.13%,0.13%,0.01%,0.01%,0.24%,0.00%,0.27%,0.00%,8.59%,41.91%,47.83%
6167,0.00%,31.00%,11.44%,7.73%,47.67%,0.12%,0.00%,0.00%,0.00%,0.20%,0.00%,0.05%,1.40%,0.37%
6170,0.00%,0.00%,0.00%,0.00%,0.00%,99.99%,0.00%,0.00%,0.00%,0.00%,0.00%,0.00%,0.00%,0.00%
6173,0.00%,3.23%,2.61%,6.38%,8.26%,0.67%,0.00%,0.01%,19.33%,51.42%,0.02%,0.27%,3.60%,4.20%
6182,100.00%,0.00%,0.00%,0.00%,0.00%,0.00%,0.00%,0.00%,0.00%,0.00%,0.00%,0.00%,0.00%,0.00%
6189,0.00%,0.60%,16.17%,61.21%,1.00%,0.20%,0.00%,0.00%,1.59%,1.65%,0.01%,0.96%,11.69%,4.91%
6195,0.00%,2.04%,0.30%,0.21%,0.37%,0.06%,0.00%,0.00%,0.94%,92.76%,0.65%,0.07%,0.35%,2.24%
6211,0.00%,3.70%,2.69%,1.70%,0.66%,0.04%,0.00%,0.00%,0.00%,8.15%,0.00%,0.07%,36.19%,46.81%
6234,0.00%,0.41%,11.44%,66.40%,14.28%,0.13%,0.00%,0.00%,0.00%,0.74%,0.00%,0.07%,5.76%,0.76%
6247,0.00%,1.88%,0.02%,0.01%,0.03%,0.00%,0.00%,0.00%,0.00%,55.64%,0.00%,16.97%,24.89%,0.55%
6252,0.00%,0.02%,87.08%,12.54%,0.29%,0.00%,0.00%,0.00%,0.00%,0.00%,0.00%,0.00%,0.04%,0.03%
6258,0.00%,0.55%,0.03%,0.01%,0.03%,0.00%,0.00%,0.00%,0.00%,1.23%,0.00%,98.07%,0.04%,0.03%
6273,0.01%,0.29%,6.64%,35.20%,56.17%,0.22%,0.00%,0.00%,0.00%,0.05%,0.00%,0.00%,0.43%,0.98%
631,0.00%,7.06%,0.68%,0.13%,0.14%,0.01%,0.00%,0.00%,0.00%,3.68%,0.00%,82.90%,4.40%,0.99%
6322,0.00%,6.28%,0.16%,0.17%,0.11%,0.01%,0.00%,0.00%,0.00%,13.18%,0.00%,70.61%,8.28%,1.19%
6323,0.00%,7.78%,1.55%,0.58%,0.39%,0.14%,0.00%,0.00%,0.00%,0.94%,0.00%,0.17%,25.98%,62.46%
6331,0.00%,0.63%,1.09%,0.16%,0.58%,0.01%,0.00%,0.00%,0.00%,29.50%,0.00%,1.28%,61.91%,4.84%
6332,0.00%,0.04%,0.00%,0.00%,0.00%,0.00%,0.00%,0.00%,0.00%,0.00%,0.00%,99.94%,0.00%,0.01%
6346,0.00%,35.33%,1.36%,0.42%,0.28%,0.01%,0.00%,0.00%,0.00%,42.09%,0.00%,9.71%,4.62%,6.19%
6351,0.00%,0.00%,0.00%,0.00%,0.00%,100.00%,0.00%,0.00%,0.00%,0.00%,0.00%,0.00%,0.00%,0.00%
6353,0.00%,61.36%,13.72%,0.22%,0.10%,0.02%,0.00%,0.00%,0.00%,11.34%,0.01%,0.64%,12.15%,0.44%
6364,0.06%,0.23%,0.26%,3.66%,2.88%,0.05%,0.00%,0.00%,0.00%,0.11%,0.10%,0.07%,73.77%,18.80%
6367,0.01%,2.64%,9.10%,39.60%,36.07%,4.18%,0.00%,0.00%,0.02%,2.28%,0.01%,0.22%,1.79%,4.08%
6371,0.09%,71.89%,0.22%,0.26%,0.39%,0.02%,0.02%,0.00%,0.00%,13.70%,0.00%,8.66%,3.65%,1.10%
6384,0.00%,0.51%,0.83%,4.12%,6.28%,0.06%,0.00%,0.00%,0.00%,1.98%,0.00%,0.26%,27.57%,58.38%
639,100.00%,0.00%,0.00%,0.00%,0.00%,0.00%,0.00%,0.00%,0.00%,0.00%,0.00%,0.00%,0.00%,0.00%
6395,0.00%,3.89%,0.42%,0.10%,0.25%,0.13%,0.00%,0.00%,0.00%,0.28%,0.00%,0.10%,2.10%,92.72%
64,0.00%,2.01%,5.77%,28.06%,6.95%,1.46%,0.00%,0.00%,3.26%,5.57%,0.00%,1.36%,42.52%,3.03%
6416,0.01%,3.57%,12.81%,50.31%,5.61%,0.02%,0.00%,5.60%,0.00%,1.58%,12.84%,0.56%,3.82%,3.26%
6427,0.00%,90.54%,0.06%,0.02%,0.15%,0.06%,0.00%,0.00%,0.00%,1.23%,0.00%,7.68%,0.18%,0.08%
6461,0.00%,3.06%,2.66%,4.15%,1.84%,0.42%,0.00%,0.00%,0.00%,0.34%,0.00%,1.19%,35.70%,50.65%
6472,0.00%,0.15%,89.37%,4.51%,0.63%,1.62%,0.00%,0.00%,0.00%,0.10%,0.00%,0.01%,2.04%,1.56%
6490,0.00%,10.49%,15.05%,23.13%,19.54%,0.12%,0.00%,0.00%,0.00%,1.67%,0.00%,0.16%,28.28%,1.57%
6502,0.00%,99.11%,0.04%,0.04%,0.02%,0.00%,0.00%,0.00%,0.00%,0.72%,0.00%,0.02%,0.01%,0.05%
6503,0.00%,1.09%,52.38%,39.86%,4.65%,0.03%,0.00%,0.00%,0.00%,0.05%,0.00%,0.03%,1.14%,0.76%
6513,0.00%,0.90%,44.00%,23.88%,26.05%,0.29%,0.01%,0.01%,0.00%,0.46%,0.00%,0.13%,2.33%,1.96%
6524,0.00%,38.53%,0.10%,0.13%,0.07%,0.00%,0.00%,0.00%,0.00%,1.43%,0.00%,4.73%,51.28%,3.71%
6532,0.02%,37.65%,4.04%,1.09%,1.44%,0.26%,0.00%,0.00%,0.36%,1.30%,49.65%,1.43%,2.29%,0.47%
6546,0.00%,0.33%,23.60%,40.01%,34.65%,0.05%,0.00%,0.00%,0.00%,0.65%,0.00%,0.09%,0.54%,0.08%
6548,0.00%,0.09%,4.23%,2.47%,88.21%,0.22%,0.00%,0.00%,0.00%,0.05%,0.00%,0.01%,4.32%,0.39%
6560,0.00%,0.24%,0.04%,0.03%,0.03%,0.00%,0.00%,0.00%,0.00%,54.03%,0.00%,0.22%,5.61%,39.79%
6572,0.00%,38.78%,5.14%,2.69%,0.51%,0.12%,0.00%,0.00%,0.00%,2.08%,0.00%,0.59%,3.27%,46.80%
6577,100.00%,0.00%,0.00%,0.00%,0.00%,0.00%,0.00%,0.00%,0.00%,0.00%,0.00%,0.00%,0.00%,0.00%
6581,0.00%,0.59%,13.55%,19.18%,6.07%,0.04%,0.00%,0.00%,0.00%,2.54%,0.00%,0.22%,0.75%,57.06%
6582,0.00%,0.74%,35.37%,20.04%,16.78%,0.02%,0.00%,0.00%,0.00%,1.43%,0.00%,0.21%,1.43%,23.98%
6617,0.51%,2.11%,1.58%,0.26%,4.61%,2.99%,0.00%,0.00%,0.21%,0.58%,0.01%,10.85%,74.99%,1.31%
6618,100.00%,0.00%,0.00%,0.00%,0.00%,0.00%,0.00%,0.00%,0.00%,0.00%,0.00%,0.00%,0.00%,0.00%
6637,0.00%,0.24%,0.10%,0.24%,0.40%,98.69%,0.00%,0.00%,0.00%,0.01%,0.00%,0.00%,0.26%,0.05%
664,0.12%,5.50%,6.09%,2.63%,0.73%,0.05%,0.00%,0.00%,23.56%,4.57%,0.00%,2.87%,43.72%,10.16%
6641,0.00%,2.98%,0.60%,0.17%,0.50%,0.14%,0.00%,0.00%,0.00%,4.88%,0.00%,0.09%,33.65%,56.98%
6642,0.00%,1.79%,0.26%,0.12%,0.26%,0.08%,0.00%,0.00%,0.00%,0.38%,0.00%,0.32%,31.80%,64.99%
6659,0.00%,22.95%,13.65%,1.20%,24.35%,0.14%,0.00%,0.00%,0.00%,5.28%,0.00%,0.76%,29.90%,1.76%
6673,0.00%,0.24%,30.88%,27.73%,27.41%,0.02%,0.00%,0.00%,0.00%,0.23%,0.00%,0.05%,2.07%,11.35%
6678,0.00%,14.92%,0.41%,0.32%,0.21%,0.00%,0.00%,0.00%,0.00%,0.54%,0.00%,78.66%,4.58%,0.36%
6698,0.01%,17.90%,2.32%,0.88%,0.45%,0.04%,1.50%,1.11%,0.00%,34.92%,0.00%,27.98%,7.66%,5.21%
6699,0.00%,0.09%,0.25%,0.06%,0.07%,0.01%,0.06%,5.78%,0.00%,0.74%,0.00%,89.75%,1.35%,1.84%
6701,0.09%,52.65%,2.52%,1.86%,1.44%,0.04%,0.01%,0.11%,0.00%,11.74%,0.00%,0.59%,8.30%,20.63%
6705,0.00%,0.09%,7.23%,86.64%,5.35%,0.04%,0.00%,0.01%,0.00%,0.11%,0.00%,0.00%,0.11%,0.43%
6721,0.00%,10.85%,7.57%,8.92%,46.42%,7.71%,0.00%,0.00%,0.00%,0.07%,0.00%,0.03%,0.56%,17.88%
6741,0.00%,0.99%,0.14%,0.07%,0.13%,0.02%,0.00%,0.00%,0.00%,1.73%,0.00%,0.23%,1.00%,95.68%
6749,0.00%,0.01%,0.00%,0.00%,0.00%,0.00%,0.00%,0.00%,0.00%,0.00%,99.99%,0.00%,0.00%,0.00%
6750,0.01%,55.13%,11.12%,1.25%,6.96%,0.06%,0.03%,1.35%,0.00%,4.19%,0.38%,1.29%,1.58%,16.65%
6753,0.00%,0.01%,0.16%,0.78%,98.99%,0.03%,0.00%,0.00%,0.00%,0.01%,0.00%,0.00%,0.00%,0.01%
6759,0.00%,12.01%,2.23%,22.41%,6.35%,0.05%,0.00%,0.00%,0.00%,20.58%,0.00%,9.41%,14.50%,12.46%
676,0.02%,3.34%,0.08%,0.04%,5.74%,0.35%,0.00%,0.00%,0.05%,0.13%,0.08%,0.09%,3.66%,86.42%
6782,0.00%,0.00%,0.00%,0.00%,0.00%,100.00%,0.00%,0.00%,0.00%,0.00%,0.00%,0.00%,0.00%,0.00%
6802,0.00%,4.48%,5.76%,7.81%,0.57%,0.10%,1.03%,79.02%,0.00%,0.46%,0.03%,0.01%,0.72%,0.01%
6809,0.00%,2.55%,2.77%,26.39%,64.14%,1.70%,0.00%,0.02%,0.00%,0.16%,0.02%,0.12%,1.07%,1.05%
6836,0.00%,1.14%,0.01%,0.00%,0.07%,98.62%,0.00%,0.00%,0.00%,0.00%,0.00%,0.00%,0.07%,0.07%
6838,0.07%,0.58%,0.03%,0.04%,0.02%,0.00%,0.00%,0.00%,0.00%,65.47%,0.00%,32.73%,0.96%,0.09%
6841,0.00%,0.40%,0.28%,32.35%,63.51%,0.01%,0.00%,0.00%,0.00%,0.58%,0.00%,0.04%,0.60%,2.23%
6848,99.99%,0.00%,0.00%,0.00%,0.00%,0.00%,0.00%,0.00%,0.00%,0.00%,0.00%,0.00%,0.00%,0.00%
6853,0.03%,96.03%,0.22%,0.24%,0.51%,0.01%,0.00%,0.00%,0.00%,0.71%,0.00%,1.68%,0.39%,0.18%
6857,0.00%,0.00%,0.00%,0.00%,0.00%,100.00%,0.00%,0.00%,0.00%,0.00%,0.00%,0.00%,0.00%,0.00%
6867,0.00%,0.01%,0.00%,0.00%,0.00%,0.00%,0.00%,0.00%,0.03%,0.55%,0.00%,99.40%,0.01%,0.01%
6876,0.00%,10.26%,0.93%,4.19%,4.27%,2.15%,0.00%,0.00%,0.00%,12.20%,0.01%,0.66%,9.54%,55.80%
6898,0.00%,0.20%,10.77%,23.01%,51.15%,0.04%,0.00%,0.00%,0.00%,4.98%,0.00%,2.85%,5.30%,1.69%
6911,0.00%,1.31%,0.02%,0.03%,0.15%,0.00%,0.00%,0.00%,0.00%,0.14%,0.00%,0.02%,78.95%,19.38%
6913,0.00%,8.12%,9.33%,50.58%,22.26%,0.04%,0.00%,0.00%,0.00%,4.90%,0.00%,0.41%,3.08%,1.27%
6917,0.00%,0.00%,0.00%,0.00%,0.00%,0.00%,100.00%,0.00%,0.00%,0.00%,0.00%,0.00%,0.00%,0.00%
692,0.00%,4.39%,0.08%,0.05%,0.03%,0.01%,0.00%,0.00%,0.00%,4.78%,0.00%,83.21%,5.38%,2.09%
6920,0.04%,56.70%,13.73%,0.67%,20.71%,0.04%,0.48%,0.01%,0.03%,6.72%,0.00%,0.31%,0.45%,0.11%
6924,0.00%,47.43%,1.39%,0.31%,2.03%,0.04%,0.00%,0.00%,0.00%,11.05%,0.00%,7.72%,27.08%,2.94%
6925,0.00%,1.15%,6.05%,30.76%,15.22%,0.36%,0.00%,0.00%,0.00%,9.19%,0.00%,2.06%,25.04%,10.17%
6929,0.00%,0.02%,3.79%,14.85%,76.88%,0.02%,0.00%,0.00%,0.00%,0.02%,0.00%,0.07%,0.05%,4.30%
6931,100.00%,0.00%,0.00%,0.00%,0.00%,0.00%,0.00%,0.00%,0.00%,0.00%,0.00%,0.00%,0.00%,0.00%
6939,0.00%,0.08%,92.46%,1.05%,3.97%,0.05%,0.00%,0.00%,0.01%,0.15%,0.00%,2.19%,0.02%,0.02%
6953,0.00%,0.07%,0.23%,0.03%,0.01%,0.00%,0.00%,0.00%,0.00%,0.30%,99.34%,0.00%,0.01%,0.00%
6961,0.00%,0.00%,0.00%,0.00%,0.00%,0.00%,99.96%,0.00%,0.00%,0.02%,0.00%,0.01%,0.00%,0.00%
6964,0.06%,12.68%,2.42%,0.20%,0.24%,0.05%,0.00%,0.01%,0.00%,0.05%,84.18%,0.04%,0.02%,0.04%
6976,0.00%,2.16%,52.12%,29.85%,11.30%,1.16%,0.00%,0.00%,0.15%,0.51%,0.01%,0.17%,2.41%,0.15%
6979,99.05%,0.03%,0.72%,0.01%,0.01%,0.00%,0.00%,0.00%,0.00%,0.01%,0.00%,0.01%,0.15%,0.02%
6980,0.00%,1.04%,0.65%,0.23%,0.28%,0.02%,0.00%,0.00%,0.00%,74.62%,0.00%,15.04%,3.02%,5.11%
6983,0.00%,0.30%,0.43%,0.38%,0.33%,0.03%,0.00%,0.00%,0.00%,5.02%,0.00%,0.06%,35.87%,57.58%
6986,0.00%,0.13%,24.10%,63.09%,11.56%,0.06%,0.00%,0.00%,0.00%,0.19%,0.00%,0.01%,0.69%,0.18%
7003,0.00%,0.16%,0.01%,0.00%,0.00%,0.00%,0.00%,0.00%,0.00%,98.94%,0.00%,0.22%,0.55%,0.12%
7010,0.00%,0.00%,0.00%,0.00%,0.00%,100.00%,0.00%,0.00%,0.00%,0.00%,0.00%,0.00%,0.00%,0.00%
7012,0.00%,0.59%,0.29%,1.69%,0.38%,0.02%,0.00%,0.00%,91.72%,1.11%,0.00%,0.05%,2.86%,1.28%
7018,99.73%,0.01%,0.09%,0.00%,0.16%,0.00%,0.00%,0.00%,0.00%,0.00%,0.00%,0.00%,0.00%,0.00%
7022,0.00%,12.26%,5.96%,2.62%,1.26%,0.06%,0.00%,0.00%,0.00%,2.95%,0.00%,0.32%,31.32%,43.24%
7031,0.00%,34.19%,0.92%,0.44%,0.85%,0.07%,0.00%,0.02%,0.00%,4.38%,0.00%,1.06%,5.92%,52.15%
7035,0.00%,0.01%,0.42%,94.81%,4.65%,0.09%,0.00%,0.00%,0.00%,0.01%,0.00%,0.01%,0.02%,0.00%
7036,0.00%,0.00%,0.00%,0.00%,0.00%,99.99%,0.00%,0.00%,0.00%,0.00%,0.00%,0.00%,0.00%,0.00%
7038,0.00%,0.10%,0.01%,0.03%,0.00%,0.00%,0.00%,0.00%,0.00%,99.44%,0.00%,0.04%,0.31%,0.07%
7048,0.01%,12.20%,0.15%,0.21%,0.05%,0.00%,0.00%,0.00%,0.00%,42.59%,0.00%,25.65%,14.29%,4.84%
7059,0.00%,13.20%,0.03%,0.01%,0.01%,0.01%,0.00%,0.00%,0.00%,0.12%,0.00%,34.57%,51.18%,0.87%
7064,100.00%,0.00%,0.00%,0.00%,0.00%,0.00%,0.00%,0.00%,0.00%,0.00%,0.00%,0.00%,0.00%,0.00%
708,100.00%,0.00%,0.00%,0.00%,0.00%,0.00%,0.00%,0.00%,0.00%,0.00%,0.00%,0.00%,0.00%,0.00%
7087,0.00%,0.24%,15.96%,2.67%,28.19%,0.04%,0.00%,0.00%,0.00%,5.76%,0.00%,0.46%,38.40%,8.29%
7121,0.00%,0.02%,0.06%,0.53%,91.22%,0.00%,0.00%,0.00%,0.00%,0.01%,0.00%,3.47%,0.77%,3.93%
7138,2.17%,1.24%,4.17%,9.24%,1.39%,0.08%,0.00%,0.00%,0.00%,57.08%,0.00%,1.57%,22.53%,0.52%
7169,0.00%,32.18%,8.94%,7.87%,9.44%,0.03%,0.00%,0.00%,0.00%,2.55%,0.00%,0.53%,29.08%,9.39%
7172,0.00%,4.84%,4.52%,49.66%,11.94%,0.22%,0.00%,0.00%,0.00%,0.05%,0.00%,0.01%,12.32%,16.44%
7174,0.00%,1.15%,10.55%,27.11%,58.37%,0.10%,0.00%,0.00%,0.00%,0.00%,0.00%,0.00%,2.32%,0.40%
7175,0.00%,0.00%,0.00%,0.00%,0.00%,99.99%,0.00%,0.00%,0.00%,0.00%,0.00%,0.00%,0.00%,0.00%
718,99.97%,0.03%,0.00%,0.00%,0.00%,0.00%,0.00%,0.00%,0.00%,0.00%,0.00%,0.00%,0.00%,0.00%
7188,0.00%,3.12%,0.78%,0.39%,10.57%,0.07%,0.00%,0.00%,0.00%,73.44%,0.00%,7.70%,3.82%,0.10%
7191,0.05%,1.01%,0.03%,0.01%,4.39%,0.30%,0.00%,0.00%,0.07%,0.05%,0.12%,0.24%,29.13%,64.58%
72,0.00%,5.36%,0.09%,6.86%,77.94%,1.43%,0.00%,0.00%,0.58%,3.76%,0.00%,0.22%,2.88%,0.88%
7201,0.00%,0.06%,95.47%,3.85%,0.08%,0.00%,0.00%,0.00%,0.00%,0.02%,0.00%,0.03%,0.26%,0.23%
7206,0.00%,0.37%,0.01%,0.02%,0.01%,0.00%,0.00%,0.00%,0.00%,83.94%,0.00%,14.85%,0.70%,0.09%
721,0.00%,0.37%,0.08%,0.13%,0.06%,0.00%,0.00%,0.00%,0.00%,0.09%,0.00%,0.15%,59.62%,39.50%
7214,0.00%,0.00%,0.00%,0.00%,0.01%,99.94%,0.00%,0.00%,0.00%,0.00%,0.00%,0.00%,0.04%,0.00%
722,0.00%,0.67%,0.09%,0.06%,0.08%,0.00%,0.00%,0.00%,0.00%,0.14%,0.00%,0.04%,14.82%,84.10%
7224,0.00%,0.38%,2.32%,4.52%,4.26%,2.25%,0.00%,0.00%,13.40%,49.04%,0.01%,0.27%,8.03%,15.52%
7226,99.98%,0.02%,0.00%,0.00%,0.00%,0.00%,0.00%,0.00%,0.00%,0.00%,0.00%,0.00%,0.00%,0.00%
7229,0.00%,1.79%,0.40%,0.08%,0.04%,0.07%,0.00%,0.00%,0.00%,0.68%,0.00%,67.14%,16.83%,12.97%
7230,0.00%,21.86%,0.30%,0.19%,0.12%,0.08%,0.00%,0.00%,0.00%,0.77%,0.00%,26.57%,16.52%,33.59%
7251,0.00%,23.47%,2.00%,0.22%,0.29%,0.00%,0.00%,0.00%,0.00%,2.29%,0.00%,5.24%,6.30%,60.18%
7252,0.00%,5.07%,0.63%,0.22%,0.52%,0.01%,0.00%,0.00%,0.00%,0.06%,0.00%,0.04%,4.17%,89.28%
7270,0.00%,2.54%,0.35%,0.02%,0.06%,0.00%,0.00%,0.00%,0.00%,92.73%,0.00%,1.42%,2.66%,0.23%
728,100.00%,0.00%,0.00%,0.00%,0.00%,0.00%,0.00%,0.00%,0.00%,0.00%,0.00%,0.00%,0.00%,0.00%
729,0.00%,1.26%,0.17%,0.06%,0.05%,0.00%,0.00%,0.00%,0.00%,32.15%,0.00%,43.26%,4.32%,18.73%
730,0.00%,0.63%,0.00%,0.00%,0.00%,0.00%,0.00%,0.00%,0.00%,1.02%,0.00%,98.31%,0.02%,0.01%
7309,0.01%,6.44%,2.60%,1.21%,0.27%,0.05%,0.00%,0.00%,0.01%,11.29%,0.00%,1.26%,74.01%,2.84%
7310,0.00%,3.06%,59.66%,24.98%,11.08%,0.18%,0.00%,0.00%,0.01%,0.50%,0.00%,0.03%,0.18%,0.33%
7315,0.00%,1.21%,0.58%,3.49%,0.95%,0.05%,0.00%,0.00%,0.00%,61.78%,0.00%,0.53%,23.08%,8.32%
7321,0.00%,0.16%,48.57%,11.09%,29.55%,0.02%,0.00%,0.00%,0.00%,3.16%,0.00%,0.16%,2.21%,5.07%
7341,0.00%,2.23%,0.72%,0.30%,0.88%,0.08%,0.00%,0.00%,0.00%,3.40%,0.00%,50.97%,5.98%,35.43%
7350,100.00%,0.00%,0.00%,0.00%,0.00%,0.00%,0.00%,0.00%,0.00%,0.00%,0.00%,0.00%,0.00%,0.00%
7356,0.00%,2.65%,36.93%,44.81%,12.02%,0.06%,0.00%,0.00%,0.00%,0.06%,0.00%,0.26%,1.39%,1.80%
7366,0.00%,0.03%,74.01%,21.95%,2.68%,0.17%,0.00%,0.00%,0.00%,0.03%,0.00%,0.00%,0.54%,0.60%
7368,0.00%,0.15%,20.43%,24.72%,52.07%,0.07%,0.00%,0.00%,0.00%,0.24%,0.00%,0.00%,1.47%,0.85%
7369,0.00%,0.03%,0.15%,0.22%,0.04%,99.49%,0.00%,0.00%,0.00%,0.00%,0.00%,0.00%,0.04%,0.03%
7385,0.00%,0.00%,1.92%,97.61%,0.45%,0.00%,0.00%,0.00%,0.00%,0.01%,0.00%,0.00%,0.01%,0.00%
7393,0.00%,0.12%,3.38%,10.89%,85.21%,0.03%,0.00%,0.00%,0.01%,0.10%,0.00%,0.00%,0.15%,0.11%
7404,0.01%,23.56%,1.24%,1.78%,68.51%,0.02%,0.00%,0.00%,0.00%,0.75%,0.00%,0.31%,1.93%,1.87%
7416,0.00%,2.00%,0.08%,0.04%,0.15%,96.85%,0.00%,0.00%,0.00%,0.25%,0.00%,0.10%,0.48%,0.06%
7440,0.00%,0.08%,0.28%,0.16%,0.06%,0.01%,0.00%,0.00%,73.93%,24.72%,0.21%,0.01%,0.29%,0.26%
7442,0.00%,4.55%,6.55%,1.73%,0.24%,0.10%,0.00%,0.00%,7.00%,1.51%,75.90%,0.15%,1.20%,1.06%
7446,0.00%,0.01%,0.00%,0.00%,0.00%,99.96%,0.00%,0.00%,0.00%,0.02%,0.00%,0.00%,0.00%,0.01%
7451,0.00%,7.30%,0.32%,0.31%,0.29%,0.02%,0.00%,0.00%,0.00%,10.06%,0.00%,7.70%,5.11%,68.88%
7470,0.00%,1.99%,1.24%,0.19%,0.04%,0.03%,0.00%,0.00%,0.00%,0.12%,0.00%,0.40%,3.68%,92.32%
7475,0.01%,14.35%,3.75%,33.72%,8.49%,0.01%,0.00%,0.00%,0.00%,0.82%,0.00%,0.18%,37.77%,0.91%
7498,0.01%,63.03%,22.54%,0.30%,0.26%,0.13%,0.00%,0.00%,0.45%,0.80%,7.37%,0.92%,2.81%,1.37%
7515,0.00%,6.43%,1.05%,0.09%,0.16%,0.02%,0.00%,0.00%,0.00%,0.18%,90.29%,0.12%,0.60%,1.06%
7525,0.00%,7.63%,0.00%,0.01%,0.00%,0.00%,0.00%,0.00%,0.00%,0.03%,92.32%,0.00%,0.00%,0.00%
7539,0.00%,3.36%,1.93%,0.79%,1.46%,0.62%,0.00%,0.00%,22.15%,17.42%,0.02%,0.08%,3.12%,49.05%
7540,0.00%,9.67%,0.88%,0.19%,1.07%,0.24%,0.00%,0.00%,0.52%,77.88%,0.04%,3.06%,1.90%,4.56%
7543,0.00%,5.39%,9.19%,8.81%,5.12%,0.93%,0.00%,0.00%,0.19%,0.25%,0.17%,0.29%,59.79%,9.88%
7548,0.00%,0.03%,0.03%,0.13%,0.08%,98.57%,0.00%,0.00%,0.01%,0.17%,0.36%,0.00%,0.41%,0.20%
7552,0.01%,10.37%,2.79%,12.32%,2.75%,0.10%,0.00%,0.00%,0.00%,1.78%,0.00%,0.21%,52.73%,16.94%
7554,0.05%,26.67%,1.01%,3.88%,2.58%,0.03%,0.00%,0.00%,0.01%,3.48%,0.00%,0.27%,57.92%,4.09%
7563,0.01%,17.26%,1.33%,5.86%,3.54%,0.13%,0.00%,0.00%,0.00%,10.56%,0.00%,2.97%,12.21%,46.12%
7578,100.00%,0.00%,0.00%,0.00%,0.00%,0.00%,0.00%,0.00%,0.00%,0.00%,0.00%,0.00%,0.00%,0.00%
7579,0.00%,21.72%,6.73%,5.68%,6.29%,0.12%,0.00%,0.00%,0.00%,3.98%,0.00%,3.92%,44.59%,6.98%
7580,0.00%,64.28%,5.87%,1.60%,1.27%,0.08%,0.00%,0.01%,0.01%,7.44%,0.01%,9.39%,5.24%,4.81%
7586,0.00%,0.00%,53.46%,43.18%,2.33%,0.09%,0.00%,0.00%,0.00%,0.00%,0.00%,0.00%,0.92%,0.02%
7596,0.01%,89.60%,0.22%,3.06%,4.10%,0.01%,0.00%,0.00%,0.00%,2.27%,0.00%,0.20%,0.25%,0.26%
7604,100.00%,0.00%,0.00%,0.00%,0.00%,0.00%,0.00%,0.00%,0.00%,0.00%,0.00%,0.00%,0.00%,0.00%
7617,100.00%,0.00%,0.00%,0.00%,0.00%,0.00%,0.00%,0.00%,0.00%,0.00%,0.00%,0.00%,0.00%,0.00%
7630,0.00%,0.15%,0.02%,0.01%,0.01%,0.00%,0.00%,0.00%,0.00%,1.68%,0.00%,0.01%,4.93%,93.21%
7645,0.00%,0.59%,1.03%,31.31%,62.82%,0.01%,0.00%,0.00%,0.00%,3.49%,0.00%,0.02%,0.65%,0.10%
7669,0.00%,86.17%,4.14%,0.14%,0.66%,0.12%,0.00%,0.00%,2.97%,0.72%,0.26%,1.25%,1.95%,1.60%
7692,0.00%,3.54%,10.96%,0.52%,2.08%,0.05%,0.00%,0.00%,0.00%,0.10%,0.00%,1.07%,1.79%,79.89%
7701,0.00%,0.02%,0.00%,0.00%,0.00%,0.00%,0.00%,0.00%,0.00%,0.00%,99.85%,0.00%,0.11%,0.01%
7703,0.00%,16.42%,50.99%,7.57%,12.10%,0.87%,0.00%,0.00%,0.01%,0.06%,0.01%,0.08%,1.69%,10.20%
7705,0.00%,6.04%,47.23%,13.21%,22.13%,0.16%,0.00%,0.00%,0.01%,2.15%,0.06%,0.76%,4.68%,3.56%
7748,0.02%,49.68%,7.94%,4.99%,0.73%,0.11%,0.02%,0.02%,0.00%,32.47%,0.01%,0.28%,1.71%,2.01%
7799,100.00%,0.00%,0.00%,0.00%,0.00%,0.00%,0.00%,0.00%,0.00%,0.00%,0.00%,0.00%,0.00%,0.00%
7801,0.00%,0.14%,1.06%,1.74%,0.28%,0.00%,0.00%,0.00%,0.18%,96.40%,0.00%,0.10%,0.04%,0.06%
7805,0.00%,18.78%,31.86%,1.77%,0.51%,1.85%,0.00%,0.00%,0.04%,21.66%,0.00%,0.87%,22.41%,0.24%
7819,0.00%,3.30%,0.04%,2.66%,2.26%,0.00%,0.00%,0.00%,0.00%,83.65%,0.00%,0.15%,7.88%,0.06%
7828,0.00%,2.09%,1.46%,8.60%,1.09%,0.03%,0.00%,0.02%,0.06%,0.74%,80.26%,0.02%,5.23%,0.41%
7845,0.00%,0.25%,2.46%,0.57%,0.17%,0.15%,0.00%,0.00%,0.00%,0.69%,0.00%,0.11%,39.59%,56.00%
7856,0.00%,0.69%,0.02%,0.01%,0.05%,0.00%,0.00%,0.00%,0.00%,0.18%,0.00%,0.01%,62.70%,36.33%
7867,0.00%,31.95%,0.17%,0.15%,0.07%,0.20%,0.00%,0.00%,0.00%,22.32%,0.00%,0.21%,13.58%,31.34%
7883,0.01%,3.51%,3.71%,8.56%,4.01%,40.70%,0.00%,0.00%,0.09%,0.81%,0.00%,0.27%,4.08%,34.25%
7889,0.00%,2.14%,0.43%,17.12%,5.88%,0.06%,0.00%,0.00%,0.00%,0.02%,5.04%,0.05%,37.43%,31.82%
7911,0.01%,63.19%,5.19%,5.75%,0.37%,0.04%,0.00%,0.00%,1.09%,1.17%,0.00%,0.33%,4.81%,18.06%
7917,0.00%,3.20%,10.43%,27.66%,39.09%,1.21%,0.00%,0.00%,0.27%,6.29%,0.00%,0.91%,2.92%,8.01%
7933,0.00%,20.96%,1.50%,2.74%,7.75%,0.42%,0.00%,0.00%,0.31%,45.05%,0.01%,0.33%,10.62%,10.30%
7941,0.02%,0.88%,0.10%,0.09%,0.07%,0.01%,0.00%,0.00%,96.54%,0.16%,0.00%,0.04%,1.61%,0.48%
7947,0.00%,0.31%,62.98%,18.70%,10.07%,0.39%,0.00%,0.00%,0.01%,1.52%,0.00%,0.04%,2.17%,3.82%
795,9.45%,0.18%,0.00%,0.00%,0.01%,0.00%,0.00%,0.00%,0.16%,0.01%,0.00%,90.15%,0.00%,0.03%
7956,0.00%,36.72%,56.61%,0.08%,0.49%,0.07%,0.00%,0.00%,0.00%,0.76%,0.00%,0.34%,3.13%,1.80%
7978,0.00%,0.09%,13.96%,33.37%,47.64%,0.02%,0.00%,0.00%,0.00%,1.28%,0.00%,0.29%,2.25%,1.10%
798,0.00%,1.49%,0.02%,0.00%,0.06%,0.33%,0.00%,0.00%,0.01%,0.33%,0.00%,95.74%,0.04%,1.97%
7991,100.00%,0.00%,0.00%,0.00%,0.00%,0.00%,0.00%,0.00%,0.00%,0.00%,0.00%,0.00%,0.00%,0.00%
8002,100.00%,0.00%,0.00%,0.00%,0.00%,0.00%,0.00%,0.00%,0.00%,0.00%,0.00%,0.00%,0.00%,0.00%
8012,0.01%,6.26%,0.32%,0.11%,0.32%,0.01%,0.00%,0.00%,11.53%,72.63%,0.00%,0.21%,7.67%,0.93%
8013,0.00%,5.37%,0.40%,0.04%,0.07%,0.16%,0.00%,0.00%,0.20%,22.76%,0.00%,61.53%,7.68%,1.78%
8022,0.01%,3.49%,51.58%,13.18%,14.23%,0.15%,0.00%,0.00%,0.26%,7.07%,0.00%,3.62%,3.60%,2.82%
8024,0.05%,0.51%,5.12%,17.33%,18.25%,0.05%,0.00%,0.00%,0.04%,0.01%,0.01%,0.02%,55.29%,3.33%
8041,0.02%,5.75%,7.89%,23.58%,39.17%,0.38%,0.00%,0.00%,0.00%,1.43%,0.00%,0.16%,14.11%,7.52%
8043,0.00%,1.79%,2.67%,85.80%,4.11%,0.12%,0.00%,0.00%,0.00%,1.10%,0.00%,0.23%,2.91%,1.27%
8045,0.00%,0.00%,0.00%,0.00%,0.00%,100.00%,0.00%,0.00%,0.00%,0.00%,0.00%,0.00%,0.00%,0.00%
8078,100.00%,0.00%,0.00%,0.00%,0.00%,0.00%,0.00%,0.00%,0.00%,0.00%,0.00%,0.00%,0.00%,0.00%
8092,0.00%,8.48%,1.48%,2.60%,58.33%,0.22%,0.00%,0.00%,0.00%,1.51%,0.00%,0.85%,2.22%,24.30%
8108,0.00%,0.00%,0.00%,0.00%,0.00%,100.00%,0.00%,0.00%,0.00%,0.00%,0.00%,0.00%,0.00%,0.00%
8117,0.00%,0.08%,59.08%,40.08%,0.65%,0.01%,0.00%,0.00%,0.00%,0.01%,0.00%,0.01%,0.07%,0.02%
8118,0.00%,0.44%,71.32%,6.20%,21.13%,0.13%,0.00%,0.00%,0.01%,0.63%,0.00%,0.02%,0.10%,0.01%
8120,0.45%,1.86%,85.07%,0.01%,0.20%,9.97%,0.00%,1.37%,0.00%,0.39%,0.02%,0.01%,0.28%,0.36%
8122,0.02%,0.14%,1.37%,0.61%,0.08%,0.08%,0.45%,86.96%,0.00%,3.57%,0.13%,3.69%,1.83%,1.06%
8128,0.00%,13.66%,3.05%,73.83%,5.05%,0.05%,0.00%,0.01%,0.00%,0.69%,0.07%,0.74%,0.52%,2.33%
8136,0.00%,5.31%,6.97%,73.15%,6.85%,0.12%,0.00%,0.00%,0.00%,1.02%,0.02%,0.41%,4.20%,1.95%
8139,0.01%,0.18%,0.05%,0.17%,0.03%,0.01%,0.00%,0.00%,95.18%,0.05%,0.00%,0.40%,3.70%,0.22%
815,0.00%,2.13%,1.11%,1.33%,2.61%,92.32%,0.00%,0.00%,0.00%,0.10%,0.00%,0.03%,0.21%,0.16%
8157,100.00%,0.00%,0.00%,0.00%,0.00%,0.00%,0.00%,0.00%,0.00%,0.00%,0.00%,0.00%,0.00%,0.00%
8175,0.00%,0.16%,36.89%,41.74%,20.53%,0.04%,0.00%,0.00%,0.00%,0.01%,0.00%,0.00%,0.43%,0.20%
8177,0.00%,0.11%,0.46%,29.71%,69.59%,0.01%,0.00%,0.00%,0.00%,0.01%,0.00%,0.00%,0.09%,0.03%
8183,0.00%,3.76%,7.45%,1.03%,0.41%,0.02%,0.00%,0.00%,0.00%,19.39%,0.00%,20.79%,22.52%,24.63%
8184,0.00%,18.61%,3.55%,0.83%,0.31%,0.03%,0.00%,0.00%,0.00%,21.12%,0.00%,35.88%,14.55%,5.12%
8187,0.00%,0.55%,1.11%,64.36%,10.33%,0.01%,0.00%,0.00%,0.00%,3.64%,0.00%,0.03%,18.96%,1.02%
819,0.00%,20.18%,1.47%,1.17%,0.64%,0.87%,0.00%,0.00%,0.37%,0.18%,15.63%,1.86%,41.72%,15.91%
8214,0.00%,1.92%,17.37%,24.48%,42.37%,0.03%,0.00%,0.00%,0.00%,1.49%,0.00%,0.14%,9.80%,2.39%
8215,0.00%,0.31%,5.99%,11.25%,64.06%,0.62%,0.00%,0.00%,0.00%,0.40%,0.00%,0.21%,4.53%,12.63%
822,0.00%,45.68%,0.74%,0.21%,43.37%,0.30%,0.00%,0.00%,0.24%,5.16%,0.02%,0.15%,1.76%,2.37%
8222,88.08%,0.01%,0.00%,0.00%,0.00%,0.00%,0.00%,0.00%,11.84%,0.04%,0.00%,0.00%,0.01%,0.02%
824,0.00%,5.26%,14.04%,25.55%,16.16%,1.53%,0.00%,0.00%,0.20%,20.83%,0.00%,1.23%,6.59%,8.59%
826,0.00%,0.73%,0.00%,0.08%,0.27%,97.48%,0.00%,0.00%,0.04%,1.26%,0.00%,0.02%,0.03%,0.10%
8281,0.00%,0.60%,10.13%,84.33%,4.37%,0.05%,0.00%,0.00%,0.00%,0.06%,0.00%,0.08%,0.12%,0.25%
8289,0.00%,0.59%,21.07%,73.11%,4.29%,0.04%,0.00%,0.00%,0.00%,0.26%,0.00%,0.08%,0.43%,0.14%
8315,0.00%,0.01%,0.01%,0.00%,0.01%,0.00%,0.00%,0.01%,0.00%,0.13%,0.00%,98.28%,0.52%,1.03%
8323,0.71%,1.86%,1.24%,0.02%,92.59%,0.94%,0.00%,0.00%,0.00%,0.26%,0.29%,0.01%,1.69%,0.38%
8326,0.00%,0.01%,0.00%,0.02%,0.35%,99.60%,0.00%,0.00%,0.00%,0.01%,0.00%,0.00%,0.00%,0.00%
8328,0.00%,0.00%,0.00%,0.00%,0.01%,99.98%,0.00%,0.00%,0.00%,0.01%,0.00%,0.00%,0.00%,0.00%
8338,0.00%,14.19%,4.70%,0.84%,79.08%,0.12%,0.00%,0.00%,0.00%,0.04%,0.01%,0.19%,0.09%,0.73%
8339,0.00%,17.81%,12.86%,32.88%,31.62%,0.25%,0.00%,0.01%,0.00%,0.23%,0.00%,0.50%,1.33%,2.50%
834,0.00%,14.75%,58.82%,9.16%,3.22%,0.02%,0.00%,0.00%,0.00%,2.61%,0.00%,2.73%,7.15%,1.54%
8357,0.00%,0.03%,0.32%,0.03%,99.34%,0.17%,0.00%,0.00%,0.00%,0.01%,0.00%,0.00%,0.05%,0.06%
8361,0.01%,1.00%,2.11%,1.14%,0.97%,0.09%,16.10%,5.76%,0.00%,59.73%,0.00%,0.22%,11.31%,1.54%
8365,0.00%,5.61%,3.41%,13.03%,72.11%,0.10%,0.00%,0.00%,0.00%,0.32%,0.02%,0.22%,3.86%,1.31%
8370,2.44%,7.62%,2.72%,0.70%,0.29%,0.05%,20.21%,0.47%,0.00%,28.49%,0.03%,25.80%,6.81%,4.36%
8371,0.60%,0.79%,1.81%,0.24%,0.10%,0.04%,7.70%,0.79%,0.00%,31.13%,0.01%,12.07%,29.69%,15.03%
838,0.00%,0.28%,0.01%,0.02%,0.01%,0.00%,0.00%,0.00%,99.33%,0.16%,0.00%,0.01%,0.14%,0.04%
8393,0.00%,0.37%,0.28%,0.16%,0.25%,0.02%,0.03%,0.24%,0.00%,9.34%,0.00%,10.14%,73.20%,5.99%
8399,0.00%,33.04%,13.72%,10.57%,40.93%,0.02%,0.00%,0.00%,0.00%,0.54%,0.00%,0.03%,0.65%,0.49%
8404,0.01%,68.28%,3.05%,2.65%,1.71%,0.06%,0.02%,0.01%,0.00%,12.57%,0.00%,2.58%,6.32%,2.74%
8409,0.00%,0.01%,2.07%,4.28%,91.91%,0.03%,0.00%,0.00%,0.00%,0.01%,0.00%,0.01%,1.67%,0.00%
8412,0.04%,0.20%,0.75%,1.06%,0.49%,0.01%,0.00%,1.64%,0.00%,13.43%,0.00%,0.15%,68.87%,13.37%
8418,0.00%,0.06%,11.29%,16.90%,71.26%,0.04%,0.00%,0.00%,0.00%,0.35%,0.00%,0.00%,0.03%,0.04%
8423,0.48%,0.31%,0.12%,0.02%,0.02%,0.01%,5.52%,26.62%,0.00%,9.81%,0.02%,0.00%,0.18%,56.87%
8426,0.00%,1.79%,41.11%,3.35%,52.65%,0.01%,0.00%,0.00%,0.00%,0.02%,0.08%,0.04%,0.12%,0.83%
8436,0.01%,9.99%,23.02%,42.31%,9.65%,0.20%,0.00%,0.06%,0.00%,1.80%,0.15%,0.14%,5.14%,7.52%
8448,0.00%,36.21%,34.33%,21.91%,6.08%,0.03%,0.00%,0.01%,0.00%,0.13%,0.03%,0.04%,0.89%,0.35%
8471,0.00%,0.38%,0.20%,0.11%,0.07%,0.01%,0.01%,0.82%,0.00%,6.51%,0.00%,83.08%,4.83%,3.98%
8486,0.01%,0.55%,0.66%,0.17%,0.23%,0.07%,3.46%,0.79%,0.00%,44.97%,0.00%,0.08%,34.69%,14.33%
8493,0.00%,0.29%,6.25%,22.72%,70.59%,0.01%,0.00%,0.00%,0.00%,0.07%,0.00%,0.01%,0.05%,0.01%
8501,0.00%,6.35%,0.55%,0.20%,0.25%,0.03%,0.00%,0.95%,0.00%,9.83%,0.00%,0.82%,41.81%,39.21%
851,0.00%,2.86%,71.37%,16.82%,2.86%,1.15%,0.00%,0.00%,0.00%,2.70%,0.00%,0.09%,1.42%,0.73%
8512,0.07%,4.48%,1.93%,0.55%,0.63%,0.04%,0.06%,18.36%,0.00%,4.17%,0.00%,0.10%,23.18%,46.43%
8518,0.00%,0.00%,0.00%,0.00%,0.00%,100.00%,0.00%,0.00%,0.00%,0.00%,0.00%,0.00%,0.00%,0.00%
8529,0.00%,0.00%,1.72%,0.24%,0.36%,97.64%,0.00%,0.00%,0.00%,0.02%,0.00%,0.00%,0.01%,0.01%
8531,100.00%,0.00%,0.00%,0.00%,0.00%,0.00%,0.00%,0.00%,0.00%,0.00%,0.00%,0.00%,0.00%,0.00%
8533,0.00%,0.85%,1.12%,2.12%,5.53%,3.32%,0.00%,0.00%,0.38%,72.26%,0.31%,0.94%,8.17%,5.01%
8536,0.00%,16.57%,7.60%,11.51%,3.71%,0.57%,0.00%,0.00%,1.47%,9.80%,0.02%,0.15%,43.47%,5.11%
8544,0.00%,0.09%,0.17%,0.03%,0.06%,0.01%,0.01%,0.04%,0.00%,5.80%,0.00%,0.02%,82.67%,11.10%
8545,0.02%,97.20%,1.28%,0.29%,0.22%,0.00%,0.01%,0.00%,0.00%,0.81%,0.00%,0.05%,0.06%,0.07%
8549,0.00%,0.00%,0.00%,0.00%,0.00%,100.00%,0.00%,0.00%,0.00%,0.00%,0.00%,0.00%,0.00%,0.00%
8554,0.00%,40.40%,2.13%,4.04%,3.27%,4.46%,0.00%,0.00%,0.05%,1.24%,0.38%,0.25%,24.93%,18.86%
856,0.00%,0.05%,0.00%,0.00%,0.00%,0.00%,0.00%,0.00%,0.00%,0.00%,99.93%,0.00%,0.00%,0.00%
8564,0.00%,30.59%,0.98%,0.06%,0.02%,0.03%,0.00%,0.00%,6.06%,4.49%,57.40%,0.01%,0.11%,0.24%
8569,0.08%,26.07%,12.50%,15.18%,3.69%,8.98%,0.00%,0.01%,30.79%,0.13%,0.04%,0.09%,2.04%,0.39%
8570,0.06%,0.60%,2.13%,61.01%,33.19%,1.58%,0.00%,0.00%,0.45%,0.30%,0.02%,0.00%,0.12%,0.53%
8576,0.02%,12.39%,0.72%,0.52%,0.37%,0.03%,0.09%,12.12%,0.00%,4.58%,0.00%,1.65%,30.30%,37.22%
8598,0.00%,1.33%,3.13%,53.54%,2.50%,0.22%,0.00%,0.00%,0.00%,32.06%,0.00%,0.78%,2.30%,4.14%
860,0.00%,2.51%,25.99%,61.43%,7.51%,0.17%,0.00%,0.00%,0.27%,0.95%,0.31%,0.03%,0.39%,0.42%
8604,0.00%,0.01%,24.63%,1.18%,73.18%,0.04%,0.00%,0.00%,0.00%,0.02%,0.00%,0.00%,0.71%,0.22%
8620,0.13%,6.09%,3.43%,1.63%,1.04%,0.48%,2.69%,0.00%,2.65%,1.33%,0.12%,79.27%,0.95%,0.19%
8629,0.02%,4.34%,0.85%,1.48%,0.22%,0.01%,0.04%,24.64%,0.00%,15.84%,0.00%,18.17%,2.93%,31.45%
8630,0.00%,0.30%,0.16%,0.12%,0.10%,0.01%,0.11%,0.32%,0.00%,4.57%,0.00%,0.36%,19.56%,74.39%
8649,0.00%,2.37%,20.28%,12.06%,14.84%,13.90%,0.00%,0.00%,0.00%,20.10%,0.00%,0.20%,12.68%,3.57%
8654,0.00%,1.23%,4.71%,1.17%,1.50%,0.01%,0.04%,0.35%,0.00%,5.90%,0.00%,62.84%,11.63%,10.61%
8666,0.33%,25.71%,18.33%,1.85%,0.68%,0.33%,0.04%,1.24%,0.01%,3.89%,0.00%,1.57%,39.66%,6.34%
8669,0.00%,0.53%,59.53%,12.06%,26.82%,0.23%,0.00%,0.00%,0.00%,0.19%,0.00%,0.02%,0.26%,0.36%
867,0.00%,51.26%,3.40%,2.43%,0.56%,0.16%,0.00%,0.00%,0.26%,0.53%,0.48%,0.49%,37.02%,3.41%
8680,0.00%,0.92%,94.48%,0.95%,0.33%,0.01%,0.00%,0.01%,0.00%,1.49%,0.01%,0.26%,1.34%,0.20%
8684,0.09%,0.20%,0.00%,0.00%,0.00%,0.00%,0.00%,0.00%,98.74%,0.81%,0.00%,0.02%,0.02%,0.11%
869,0.00%,0.11%,28.95%,19.25%,49.84%,0.04%,0.00%,0.00%,0.00%,0.68%,0.00%,0.02%,0.73%,0.38%
8693,0.00%,0.64%,1.63%,0.05%,38.41%,55.79%,0.00%,0.00%,0.37%,0.05%,0.00%,0.03%,0.02%,3.01%
8698,0.01%,1.43%,6.50%,32.58%,19.68%,0.04%,0.00%,1.84%,0.00%,34.45%,0.00%,0.06%,2.14%,1.27%
870,0.00%,0.09%,13.73%,44.37%,40.82%,0.07%,0.00%,0.00%,0.00%,0.35%,0.00%,0.05%,0.23%,0.29%
8712,0.21%,33.78%,16.76%,1.15%,16.30%,0.13%,0.01%,0.02%,0.00%,4.80%,0.00%,25.45%,0.89%,0.50%
8717,0.00%,0.01%,0.00%,0.01%,0.00%,0.00%,98.38%,0.02%,0.00%,0.76%,0.00%,0.03%,0.08%,0.72%
8726,0.05%,20.25%,13.26%,0.11%,4.72%,0.20%,0.01%,0.01%,0.00%,0.27%,0.00%,6.41%,47.63%,7.07%
8731,0.01%,97.50%,2.11%,0.01%,0.01%,0.00%,0.01%,0.00%,0.00%,0.05%,0.01%,0.24%,0.02%,0.04%
8732,0.00%,0.17%,26.03%,0.79%,72.88%,0.07%,0.00%,0.00%,0.00%,0.01%,0.00%,0.01%,0.01%,0.05%
8738,0.01%,0.37%,0.23%,0.07%,0.12%,0.01%,50.54%,1.81%,0.00%,20.06%,0.00%,22.84%,2.61%,1.31%
8761,0.01%,2.61%,67.21%,9.12%,8.39%,0.29%,0.00%,0.00%,0.00%,3.90%,0.00%,1.50%,6.60%,0.37%
8771,0.00%,13.44%,0.69%,8.41%,76.65%,0.02%,0.00%,0.14%,0.00%,0.01%,0.00%,0.00%,0.51%,0.13%
8772,0.00%,0.51%,0.02%,5.22%,91.29%,0.37%,0.00%,1.73%,0.00%,0.11%,0.00%,0.00%,0.17%,0.57%
8807,0.00%,0.44%,3.14%,2.90%,1.66%,0.25%,0.40%,0.28%,0.00%,88.43%,0.00%,1.53%,0.31%,0.66%
8822,0.00%,0.16%,5.98%,3.84%,0.31%,83.28%,0.00%,0.04%,0.01%,1.11%,0.02%,0.53%,3.20%,1.54%
8831,0.00%,28.50%,39.58%,3.53%,12.98%,0.76%,0.00%,0.04%,0.07%,0.64%,0.57%,0.18%,3.28%,9.87%
8834,0.00%,0.88%,0.18%,0.26%,0.09%,96.75%,0.00%,0.00%,0.00%,0.08%,0.03%,0.91%,0.71%,0.11%
8836,0.00%,1.02%,0.38%,0.83%,0.26%,0.01%,0.00%,78.44%,0.00%,4.89%,0.00%,0.00%,2.35%,11.82%
8866,2.50%,29.83%,16.37%,11.20%,0.65%,0.04%,0.01%,0.17%,0.00%,27.64%,1.27%,3.14%,6.05%,1.12%
8868,0.27%,76.56%,7.88%,2.04%,1.84%,0.37%,0.17%,0.01%,0.00%,5.06%,0.02%,2.51%,1.27%,2.01%
8875,0.17%,0.13%,0.55%,0.00%,13.25%,0.01%,0.00%,1.63%,0.00%,84.23%,0.00%,0.01%,0.02%,0.01%
8879,0.60%,5.17%,0.81%,1.94%,0.95%,0.02%,0.00%,0.00%,0.00%,6.75%,0.00%,76.02%,0.67%,7.08%
8888,0.03%,2.27%,1.76%,1.13%,2.32%,0.89%,0.00%,0.05%,1.07%,1.57%,3.16%,24.12%,59.82%,1.79%
89,0.00%,7.53%,10.67%,10.87%,10.60%,0.30%,0.00%,0.00%,0.06%,56.74%,0.02%,1.26%,1.39%,0.57%
8911,19.63%,1.46%,2.83%,0.15%,0.11%,0.05%,0.33%,0.52%,0.00%,45.53%,0.00%,0.45%,8.11%,20.84%
8922,0.00%,7.92%,1.25%,1.18%,1.71%,0.09%,0.00%,0.00%,0.66%,1.97%,63.75%,0.10%,14.14%,7.22%
8927,0.00%,0.00%,0.00%,1.06%,0.15%,98.70%,0.00%,0.00%,0.00%,0.01%,0.00%,0.00%,0.02%,0.04%
8931,0.00%,0.28%,0.37%,0.27%,0.08%,0.01%,0.00%,0.00%,90.16%,7.38%,0.01%,0.01%,0.83%,0.61%
8932,0.00%,0.57%,0.06%,0.00%,0.00%,0.00%,0.00%,0.00%,0.01%,0.00%,98.89%,0.01%,0.37%,0.08%
8935,0.00%,8.36%,26.32%,11.87%,1.70%,0.40%,0.00%,0.00%,4.05%,7.30%,0.04%,14.08%,16.03%,9.84%
8939,0.04%,0.07%,0.00%,0.00%,0.00%,98.77%,0.00%,0.00%,0.01%,0.01%,0.00%,1.08%,0.01%,0.00%
8943,0.00%,1.97%,0.11%,0.07%,0.17%,0.02%,0.00%,0.06%,0.00%,9.25%,0.00%,0.16%,5.36%,82.84%
8949,0.00%,0.00%,0.00%,0.00%,0.00%,99.99%,0.00%,0.00%,0.00%,0.01%,0.00%,0.00%,0.00%,0.00%
8953,1.65%,0.25%,0.09%,0.05%,0.02%,0.01%,0.96%,84.38%,0.00%,11.33%,0.01%,0.00%,0.46%,0.79%
8957,0.00%,90.14%,6.29%,1.91%,0.57%,0.05%,0.00%,0.00%,0.00%,0.19%,0.05%,0.02%,0.09%,0.70%
8965,0.03%,30.63%,14.52%,10.18%,38.00%,0.60%,0.00%,0.01%,0.00%,2.28%,0.13%,0.21%,0.19%,3.22%
8977,0.00%,6.64%,92.62%,0.12%,0.30%,0.07%,0.00%,0.00%,0.00%,0.02%,0.04%,0.02%,0.11%,0.06%
8990,0.00%,0.01%,0.40%,0.03%,0.12%,99.41%,0.00%,0.00%,0.00%,0.02%,0.00%,0.00%,0.00%,0.01%
9,0.78%,0.26%,0.01%,0.01%,0.01%,0.00%,95.70%,0.13%,0.06%,2.96%,0.00%,0.01%,0.00%,0.06%
90,0.00%,0.74%,0.01%,0.00%,0.00%,0.00%,0.00%,0.00%,0.00%,1.87%,0.00%,97.22%,0.05%,0.09%
9042,0.00%,0.13%,37.67%,10.91%,45.31%,0.07%,0.00%,0.00%,0.00%,3.03%,0.00%,0.16%,2.65%,0.08%
9057,0.05%,14.35%,17.22%,13.72%,35.66%,0.55%,0.00%,0.00%,0.00%,10.01%,0.00%,1.00%,0.64%,6.79%
9060,0.01%,12.18%,6.85%,1.43%,5.89%,0.08%,0.00%,0.00%,0.12%,12.01%,0.01%,6.04%,48.31%,7.07%
907,0.00%,0.39%,30.61%,49.42%,12.90%,2.21%,0.00%,0.00%,0.00%,0.05%,0.00%,0.01%,0.57%,3.84%
9083,0.00%,0.05%,0.00%,0.00%,0.00%,99.95%,0.00%,0.00%,0.00%,0.00%,0.00%,0.00%,0.00%,0.00%
9085,0.00%,15.40%,0.31%,0.06%,0.05%,0.02%,7.65%,1.85%,0.00%,5.34%,0.00%,26.62%,28.43%,14.27%
9095,0.72%,48.06%,0.83%,1.32%,0.36%,0.34%,0.13%,2.31%,0.22%,2.03%,2.16%,4.15%,15.77%,21.60%
9113,0.01%,15.96%,14.07%,1.03%,45.37%,1.20%,0.00%,0.00%,0.00%,3.73%,0.00%,0.84%,1.77%,16.00%
9125,0.00%,0.18%,34.26%,44.84%,11.00%,0.19%,0.00%,0.00%,0.00%,1.40%,0.00%,1.22%,4.65%,2.26%
9126,0.00%,0.23%,16.27%,12.45%,68.44%,0.01%,0.00%,0.00%,0.00%,0.41%,0.00%,0.18%,1.42%,0.59%
9130,0.00%,13.05%,30.83%,9.13%,1.49%,0.04%,0.00%,0.00%,0.00%,11.09%,0.00%,9.21%,5.96%,19.20%
9152,0.00%,1.15%,0.07%,0.03%,0.01%,0.00%,0.00%,0.00%,0.00%,0.04%,98.65%,0.00%,0.03%,0.00%
9174,0.00%,3.00%,21.84%,2.58%,0.59%,0.30%,0.03%,36.64%,0.00%,28.25%,0.00%,0.33%,5.66%,0.79%
9179,0.03%,7.20%,27.91%,35.14%,1.72%,0.26%,0.02%,9.12%,0.00%,12.58%,1.38%,1.88%,0.99%,1.78%
9180,0.00%,0.04%,0.01%,79.50%,5.44%,14.35%,0.00%,0.01%,0.00%,0.01%,0.00%,0.00%,0.10%,0.54%
9187,0.00%,0.00%,0.01%,0.00%,0.00%,0.00%,74.18%,25.76%,0.00%,0.00%,0.00%,0.00%,0.04%,0.00%
9199,0.01%,2.56%,4.87%,18.34%,3.49%,0.11%,0.06%,0.41%,0.00%,3.17%,0.02%,0.18%,61.19%,5.59%
9207,0.02%,5.44%,0.65%,0.75%,0.47%,0.02%,82.25%,0.42%,0.00%,2.36%,0.12%,5.65%,0.27%,1.60%
9217,0.00%,9.29%,9.09%,0.73%,1.38%,0.25%,0.00%,0.00%,1.33%,38.71%,0.11%,0.48%,27.49%,11.14%
9235,0.00%,0.68%,1.13%,20.42%,2.44%,0.01%,0.00%,0.00%,0.00%,24.09%,0.00%,0.47%,49.56%,1.19%
9247,0.00%,0.43%,80.77%,12.42%,5.80%,0.01%,0.00%,0.00%,0.00%,0.05%,0.00%,0.03%,0.24%,0.25%
9267,0.00%,0.14%,51.00%,40.44%,4.15%,0.01%,0.00%,0.00%,0.00%,0.49%,0.00%,0.03%,2.93%,0.82%
9269,0.00%,0.01%,0.11%,0.26%,0.07%,99.46%,0.00%,0.00%,0.00%,0.00%,0.00%,0.01%,0.04%,0.03%
9285,0.00%,0.25%,0.10%,0.15%,0.14%,0.02%,0.00%,0.73%,0.00%,0.32%,0.00%,0.10%,27.71%,70.49%
932,0.00%,0.06%,0.01%,0.00%,0.00%,0.00%,0.00%,0.00%,0.00%,1.45%,0.00%,98.15%,0.31%,0.01%
9323,0.00%,66.46%,20.06%,0.79%,0.45%,0.08%,0.00%,0.01%,0.00%,0.19%,9.87%,0.13%,0.74%,1.21%
9338,0.00%,1.24%,2.58%,0.87%,3.11%,0.01%,0.16%,21.36%,0.00%,1.38%,0.00%,27.95%,41.26%,0.10%
9340,0.00%,18.67%,7.93%,0.98%,25.58%,0.06%,0.09%,0.05%,0.00%,4.93%,0.00%,15.50%,23.16%,3.06%
9347,0.01%,2.21%,4.20%,23.49%,9.73%,0.11%,0.00%,0.00%,0.00%,40.66%,0.00%,2.50%,6.48%,10.62%
9352,0.04%,0.78%,20.36%,11.91%,33.94%,19.60%,0.00%,0.00%,0.00%,9.72%,0.00%,0.30%,1.68%,1.68%
9357,0.00%,24.43%,5.49%,1.43%,1.83%,1.63%,0.00%,0.00%,3.38%,30.33%,0.32%,2.35%,10.52%,18.28%
9363,0.00%,1.08%,2.45%,5.12%,7.58%,0.15%,0.21%,1.55%,0.00%,78.16%,0.00%,0.60%,1.25%,1.85%
9370,0.00%,44.50%,3.37%,5.81%,43.90%,0.19%,0.00%,0.10%,0.00%,0.65%,0.00%,0.01%,0.80%,0.66%
9373,0.00%,0.00%,0.00%,0.00%,99.99%,0.00%,0.00%,0.00%,0.00%,0.00%,0.00%,0.00%,0.00%,0.00%
9378,0.00%,11.80%,6.87%,7.06%,1.49%,0.50%,0.00%,0.00%,1.94%,32.95%,0.09%,1.31%,26.34%,9.65%
9395,0.00%,3.59%,1.62%,0.32%,0.62%,0.06%,0.07%,0.34%,0.00%,6.06%,0.00%,0.13%,23.76%,63.43%
94,0.01%,2.45%,38.59%,47.40%,3.18%,0.35%,0.00%,0.00%,1.24%,3.17%,0.00%,0.10%,1.79%,1.72%
9427,0.00%,0.08%,0.00%,0.00%,0.00%,99.90%,0.00%,0.00%,0.00%,0.01%,0.00%,0.00%,0.00%,0.00%
9428,100.00%,0.00%,0.00%,0.00%,0.00%,0.00%,0.00%,0.00%,0.00%,0.00%,0.00%,0.00%,0.00%,0.00%
9442,0.20%,6.53%,0.15%,0.08%,0.13%,0.01%,0.00%,0.00%,0.00%,1.87%,0.00%,0.00%,78.14%,12.90%
9446,0.01%,0.19%,1.39%,24.95%,70.83%,0.11%,0.00%,0.00%,0.00%,2.09%,0.00%,0.01%,0.32%,0.10%
9450,0.00%,2.13%,0.15%,0.58%,0.50%,0.07%,0.00%,0.00%,0.00%,5.86%,0.00%,48.89%,35.07%,6.74%
9452,0.00%,5.47%,4.38%,11.38%,10.34%,0.15%,0.00%,0.00%,0.02%,27.90%,0.00%,1.44%,16.47%,22.45%
9454,0.00%,0.36%,18.98%,50.33%,27.04%,0.03%,0.00%,0.00%,0.00%,0.23%,0.00%,0.15%,2.43%,0.44%
946,0.00%,25.72%,0.02%,0.01%,0.05%,0.05%,0.00%,0.00%,0.00%,0.02%,0.01%,2.10%,8.39%,63.64%
9464,0.00%,0.10%,92.34%,6.34%,0.25%,0.01%,0.00%,0.00%,0.00%,0.03%,0.00%,0.05%,0.32%,0.56%
9467,0.00%,0.00%,0.00%,0.00%,0.00%,100.00%,0.00%,0.00%,0.00%,0.00%,0.00%,0.00%,0.00%,0.00%
9468,100.00%,0.00%,0.00%,0.00%,0.00%,0.00%,0.00%,0.00%,0.00%,0.00%,0.00%,0.00%,0.00%,0.00%
9471,0.00%,0.02%,0.00%,0.01%,0.05%,0.00%,0.00%,0.00%,0.00%,0.00%,99.91%,0.00%,0.00%,0.01%
9474,0.00%,71.61%,1.82%,0.41%,23.26%,0.07%,0.00%,0.00%,0.00%,1.68%,0.14%,0.53%,0.40%,0.08%
9477,0.00%,0.09%,3.15%,8.72%,86.38%,0.05%,0.00%,0.00%,0.01%,0.08%,0.00%,0.11%,0.30%,1.10%
9479,0.08%,6.48%,1.56%,1.91%,0.76%,0.26%,0.15%,0.54%,0.00%,6.49%,0.00%,75.07%,1.85%,4.84%
9484,0.00%,1.01%,2.88%,2.72%,0.95%,0.08%,0.11%,0.20%,0.00%,71.54%,0.03%,1.09%,12.12%,7.28%
9487,0.01%,2.33%,60.62%,15.78%,3.18%,0.08%,0.00%,0.01%,0.00%,12.19%,0.39%,0.65%,0.54%,4.23%
9529,0.00%,0.06%,9.73%,25.95%,35.45%,0.85%,0.01%,0.03%,0.00%,0.08%,0.02%,0.23%,27.20%,0.39%
954,0.01%,0.12%,5.18%,5.38%,1.50%,0.17%,0.00%,0.00%,0.05%,0.04%,0.14%,0.22%,82.77%,4.43%
9556,0.00%,0.42%,1.21%,1.51%,1.07%,0.22%,0.03%,28.97%,0.00%,13.26%,0.00%,46.87%,0.55%,5.88%
9558,0.00%,0.16%,2.13%,0.73%,1.84%,0.04%,0.10%,62.52%,0.00%,19.78%,0.00%,1.32%,7.11%,4.26%
9562,0.00%,77.37%,2.70%,0.69%,6.95%,0.02%,0.01%,0.00%,0.00%,11.61%,0.00%,0.17%,0.43%,0.05%
9569,99.99%,0.00%,0.00%,0.00%,0.00%,0.00%,0.00%,0.01%,0.00%,0.00%,0.00%,0.00%,0.00%,0.00%
957,0.00%,1.49%,10.29%,45.43%,37.79%,0.00%,0.00%,0.00%,0.13%,0.37%,0.00%,0.29%,4.03%,0.18%
9570,0.00%,0.01%,0.01%,0.01%,0.00%,0.00%,0.01%,99.59%,0.00%,0.21%,0.00%,0.12%,0.01%,0.03%
9573,0.03%,16.44%,7.71%,0.12%,0.12%,0.00%,0.02%,0.00%,0.00%,0.25%,0.84%,74.20%,0.08%,0.19%
9577,0.00%,0.13%,0.46%,61.54%,37.30%,0.02%,0.00%,0.00%,0.00%,0.03%,0.00%,0.01%,0.12%,0.40%
9579,0.03%,0.15%,95.55%,0.03%,0.03%,0.08%,0.00%,0.21%,0.00%,0.49%,0.00%,0.00%,3.32%,0.10%
9580,0.00%,0.34%,0.08%,0.18%,0.59%,0.01%,0.01%,0.08%,0.00%,1.90%,0.00%,95.26%,0.76%,0.78%
9585,0.07%,1.87%,6.03%,2.69%,1.12%,0.08%,0.01%,10.85%,0.00%,56.29%,0.08%,13.18%,1.08%,6.64%
9593,0.08%,45.45%,2.29%,0.48%,0.22%,0.92%,0.02%,0.04%,2.49%,21.13%,0.38%,0.14%,24.80%,1.56%
9608,0.00%,0.30%,29.62%,47.13%,17.57%,0.15%,0.00%,0.00%,0.00%,1.95%,0.00%,0.12%,0.96%,2.20%
9611,0.04%,3.18%,0.53%,0.04%,8.66%,0.00%,0.00%,0.16%,0.00%,0.15%,0.00%,72.62%,8.61%,6.01%
9622,0.00%,5.83%,0.77%,0.99%,1.01%,0.15%,0.00%,0.00%,0.56%,75.93%,0.01%,1.02%,7.46%,6.27%
9626,0.00%,1.83%,1.13%,0.90%,10.18%,0.52%,0.00%,0.00%,0.01%,0.13%,1.38%,0.11%,2.62%,81.19%
963,0.00%,3.27%,0.27%,0.03%,0.07%,0.01%,0.00%,0.00%,0.00%,48.50%,0.00%,45.88%,0.26%,1.72%
9636,0.00%,1.82%,0.36%,0.89%,2.34%,1.86%,0.00%,0.00%,0.60%,9.96%,0.01%,1.45%,15.67%,65.05%
965,0.00%,6.95%,1.59%,0.14%,0.49%,0.04%,0.00%,0.00%,0.00%,0.36%,0.00%,0.28%,10.37%,79.77%
9651,0.00%,0.04%,0.01%,0.01%,0.09%,99.82%,0.00%,0.00%,0.00%,0.03%,0.00%,0.00%,0.00%,0.00%
9653,0.18%,7.31%,0.70%,0.58%,0.36%,0.01%,0.00%,0.00%,0.00%,89.09%,0.00%,0.69%,0.38%,0.68%
9666,0.00%,23.08%,6.10%,2.20%,0.40%,0.17%,0.00%,0.00%,0.77%,25.19%,0.10%,0.67%,5.92%,35.40%
9677,0.00%,0.85%,13.75%,21.29%,62.80%,0.02%,0.00%,0.00%,0.00%,0.12%,0.00%,0.17%,0.78%,0.21%
9684,0.09%,11.30%,42.26%,23.82%,20.70%,0.04%,0.00%,0.00%,0.00%,0.42%,0.09%,0.99%,0.13%,0.15%
9689,0.00%,0.46%,0.07%,0.03%,0.11%,0.00%,0.00%,0.06%,0.00%,0.10%,0.00%,82.66%,14.74%,1.76%
9699,0.03%,2.76%,0.45%,3.70%,0.15%,0.13%,6.79%,28.64%,0.00%,53.15%,0.01%,0.36%,2.82%,1.02%
971,3.44%,0.57%,0.28%,0.19%,0.41%,0.01%,74.67%,0.14%,0.00%,15.70%,0.00%,0.49%,0.31%,3.78%
9721,0.00%,8.57%,0.91%,0.37%,0.58%,0.23%,0.00%,0.00%,0.40%,53.23%,0.01%,0.57%,23.29%,11.84%
9748,38.15%,1.61%,0.18%,0.70%,0.30%,0.04%,2.30%,1.00%,0.00%,47.58%,0.00%,1.44%,1.08%,5.60%
9750,0.00%,2.46%,1.19%,4.14%,2.00%,0.41%,0.62%,42.45%,0.00%,37.51%,0.01%,4.21%,2.88%,2.10%
9752,0.01%,80.40%,0.34%,0.10%,0.43%,0.01%,0.03%,0.09%,0.00%,0.41%,0.23%,16.91%,0.95%,0.09%
9753,0.01%,14.96%,9.45%,1.72%,3.30%,0.56%,0.05%,0.09%,0.00%,43.37%,0.01%,19.01%,6.05%,1.43%
9754,0.00%,3.48%,36.96%,8.85%,46.44%,0.75%,0.00%,0.00%,0.00%,0.43%,0.00%,0.14%,1.80%,1.15%
9781,6.88%,76.94%,0.31%,0.04%,0.16%,0.04%,1.31%,0.01%,0.00%,4.52%,0.00%,9.08%,0.67%,0.03%
979,0.00%,15.98%,1.81%,0.17%,0.21%,0.09%,0.00%,0.00%,0.00%,1.81%,0.00%,6.80%,9.14%,63.98%
9799,0.00%,7.12%,14.32%,62.40%,14.67%,0.56%,0.00%,0.00%,0.00%,0.08%,0.00%,0.05%,0.07%,0.73%
98,1.63%,4.34%,0.07%,0.06%,0.24%,0.01%,0.00%,0.03%,0.00%,4.16%,0.00%,0.00%,63.53%,25.95%
9800,0.00%,0.00%,0.00%,0.00%,0.00%,99.99%,0.00%,0.00%,0.00%,0.00%,0.00%,0.00%,0.00%,0.00%
9805,0.00%,1.45%,0.85%,0.47%,0.41%,0.03%,0.01%,1.48%,0.00%,17.51%,0.00%,1.61%,38.71%,37.45%
9813,0.01%,34.18%,7.10%,4.79%,0.14%,0.12%,0.01%,0.63%,0.00%,5.25%,47.60%,0.05%,0.04%,0.08%
9816,0.00%,0.01%,0.02%,0.00%,0.01%,0.02%,70.00%,0.41%,0.00%,0.92%,0.00%,0.07%,13.02%,15.52%
9819,0.00%,0.82%,11.86%,31.60%,53.43%,0.03%,0.00%,0.06%,0.00%,0.48%,0.03%,0.02%,1.05%,0.61%
9828,0.00%,0.30%,1.17%,0.90%,0.26%,0.13%,0.00%,0.02%,0.00%,53.02%,0.00%,0.03%,42.66%,1.50%
9835,0.00%,0.36%,0.03%,0.03%,0.04%,0.00%,0.00%,0.00%,0.00%,3.34%,0.00%,94.87%,0.33%,1.01%
9836,0.00%,1.46%,0.78%,0.40%,0.13%,0.00%,0.00%,0.00%,0.00%,0.08%,0.00%,75.17%,10.83%,11.14%
9837,0.00%,0.44%,0.31%,0.35%,0.12%,0.00%,0.00%,0.00%,0.00%,0.29%,0.00%,91.29%,2.64%,4.56%
984,0.00%,0.63%,9.14%,49.55%,31.36%,0.05%,0.00%,0.00%,0.00%,1.97%,0.00%,1.77%,4.26%,1.28%
9844,0.01%,0.01%,0.02%,0.01%,0.03%,0.00%,91.58%,0.79%,0.00%,1.06%,0.00%,4.83%,1.51%,0.15%
9847,0.00%,0.77%,2.24%,0.20%,0.18%,0.02%,11.43%,0.08%,0.00%,2.58%,0.00%,79.74%,0.42%,2.34%
9849,0.00%,4.06%,62.47%,7.40%,0.39%,0.52%,0.00%,0.70%,0.00%,13.50%,0.01%,0.06%,0.57%,10.32%
9857,0.00%,30.00%,5.29%,0.41%,0.46%,0.04%,0.03%,0.04%,0.00%,44.44%,0.00%,0.65%,13.28%,5.36%
9860,0.00%,0.24%,12.25%,53.61%,33.04%,0.02%,0.00%,0.00%,0.00%,0.19%,0.00%,0.01%,0.13%,0.50%
9865,0.00%,2.34%,12.58%,1.91%,23.86%,0.59%,0.03%,0.01%,0.00%,52.93%,0.02%,3.45%,1.33%,0.94%
9876,0.01%,0.35%,0.10%,0.09%,0.12%,0.00%,0.02%,0.45%,0.00%,2.85%,0.00%,2.22%,72.77%,21.01%
9879,0.00%,17.76%,56.36%,5.75%,18.40%,0.37%,0.00%,0.00%,0.00%,0.12%,0.00%,0.06%,0.04%,1.13%
9880,0.00%,0.24%,2.07%,89.68%,7.52%,0.01%,0.00%,0.00%,0.00%,0.16%,0.00%,0.03%,0.10%,0.20%
9885,0.24%,7.28%,0.33%,0.05%,0.15%,0.03%,0.00%,0.46%,0.00%,41.45%,0.00%,0.01%,9.67%,40.33%
989,0.00%,0.01%,0.00%,0.00%,0.00%,0.00%,0.00%,0.00%,0.00%,0.04%,0.00%,99.94%,0.01%,0.01%
9903,0.00%,2.68%,10.44%,73.28%,3.64%,6.71%,0.00%,0.00%,0.00%,1.68%,0.01%,0.16%,0.91%,0.48%
9904,0.00%,1.74%,3.78%,89.56%,3.90%,0.52%,0.00%,0.00%,0.00%,0.26%,0.00%,0.05%,0.12%,0.07%
9909,0.00%,0.69%,0.45%,2.96%,21.05%,1.00%,0.00%,4.69%,0.00%,0.07%,0.00%,0.00%,39.89%,29.19%
9939,0.00%,0.01%,0.00%,0.01%,0.04%,99.86%,0.00%,0.00%,0.01%,0.02%,0.00%,0.00%,0.01%,0.04%
9947,0.01%,1.26%,16.76%,7.88%,9.36%,0.05%,0.00%,0.58%,0.00%,50.44%,0.00%,0.04%,7.32%,6.31%
9972,0.00%,4.81%,0.16%,0.03%,0.07%,0.00%,0.28%,0.16%,0.00%,13.39%,0.00%,0.34%,33.16%,47.60%
9974,0.00%,3.71%,0.55%,0.12%,0.35%,0.02%,0.57%,4.73%,0.00%,4.38%,0.00%,48.43%,28.55%,8.59%
9976,0.16%,1.46%,0.91%,0.38%,0.57%,0.03%,0.38%,68.62%,0.00%,18.60%,0.00%,1.19%,1.18%,6.49%
9988,0.00%,0.20%,0.06%,0.02%,0.16%,0.02%,0.00%,0.00%,97.51%,0.77%,0.00%,0.01%,0.04%,1.22%
9989,0.00%,4.62%,0.39%,0.07%,2.03%,0.01%,0.00%,0.00%,1.53%,88.19%,0.03%,0.33%,0.11%,2.68%
9991,0.00%,35.89%,13.68%,7.73%,1.54%,1.14%,0.00%,0.00%,1.31%,15.62%,0.22%,1.62%,18.07%,3.18%
9998,0.11%,0.09%,12.15%,0.02%,38.26%,48.11%,0.00%,0.02%,0.00%,0.23%,0.00%,0.59%,0.15%,0.27%
