nn1, nn2, nn3, nn4, nn5, nn6
2,47,49,4,1,50,3
3,4,9,7,2,48,53
0,4,1,49,3,47,48
48,4,1,9,53,7,51
3,49,48,2,1,50,51
6,8,7,12,52,10,9
5,8,12,52,10,7,54
9,8,5,6,1,3,53
52,6,54,5,7,9,12
53,7,3,48,8,1,54
12,6,13,56,5,11,57
16,13,61,14,57,10,15
10,56,6,13,52,8,5
57,56,12,11,16,59,61
15,17,16,18,11,60,61
14,17,18,60,16,62,64
61,11,13,17,14,57,15
60,62,15,14,64,16,61
1664,15,64,14,17,60,19
20,22,23,1664,65,66,18
19,23,22,1664,65,66,67
24,26,1669,25,22,23,27
23,19,20,24,21,66,1671
22,19,20,66,24,1671,1669
1669,21,26,1670,23,1672,22
26,27,1665,21,1673,24,1669
25,21,27,24,1669,1670,1665
1665,1673,26,1674,25,1675,1670
30,1666,1667,1865,1800,29,72
1667,1666,30,32,34,31,28
1666,1667,28,1800,29,1865,1801
32,33,79,34,80,29,76
31,33,34,79,29,80,76
79,34,80,32,81,31,76
80,76,33,79,32,81,78
37,36,38,39,83,31,84
38,37,35,39,40,83,85
35,36,38,39,83,84,85
36,39,40,37,35,83,1668
38,36,40,1668,35,37,41
39,38,41,1668,36,43,87
87,43,1668,40,86,120,116
44,43,87,1668,41,88,89
1668,41,87,40,42,39,86
42,88,89,90,45,43,87
91,46,92,88,89,93,90
91,92,45,94,93,127,89
49,50,0,4,2,48,3
3,51,4,53,9,50,49
50,4,47,48,2,3,51
49,51,4,48,47,3,1802
48,1802,53,50,3,9,4
54,8,55,6,12,5,56
9,48,51,54,1802,55,3
52,55,8,53,9,7,6
54,52,53,8,1803,58,1802
13,12,57,58,10,52,59
13,59,56,61,1677,58,16
56,1677,57,59,13,52,55
1677,1678,57,61,63,1679,13
62,17,64,15,1681,63,1664
16,63,59,57,1678,17,13
60,17,1681,63,64,61,15
1678,1682,1681,61,62,59,1683
1664,60,65,17,67,62,18
67,64,1664,20,1685,66,1686
1671,67,23,65,20,19,22
65,1685,1686,64,66,20,1664
71,95,69,98,96,1863,1689
96,95,68,97,71,1676,98
1864,1863,99,101,1690,71,74
95,98,68,100,99,1689,69
1800,1865,73,74,75,1801,102
74,72,102,1800,1865,75,103
73,72,102,1800,101,103,1865
1801,72,73,74,1800,104,102
80,77,34,78,79,105,33
78,105,76,106,80,1801,34
77,105,106,76,80,82,81
33,80,34,81,82,76,32
76,34,79,33,78,81,77
82,79,80,78,33,76,110
81,79,110,78,80,108,105
85,112,84,113,114,108,109
112,85,108,83,109,113,114
83,112,113,84,114,108,115
120,116,123,87,117,41,150
41,43,86,120,1668,40,116
89,90,92,91,93,127,45
88,90,92,93,91,127,125
89,88,93,125,124,127,92
92,93,45,46,89,88,90
91,93,89,88,46,45,127
92,127,91,89,94,90,88
93,127,92,46,91,163,162
71,98,68,1689,69,96,97
97,69,95,1689,128,98,71
96,128,1689,95,129,69,98
95,71,100,1689,99,68,97
100,1690,98,132,71,1689,70
99,98,132,1689,71,1690,95
103,102,136,1690,74,73,133
103,101,74,73,104,136,75
101,102,136,74,73,1690,133
137,107,102,75,103,138,136
106,78,77,1691,76,82,81
105,1691,78,77,140,82,76
140,104,137,141,142,143,1691
109,84,112,110,111,144,113
108,111,110,144,112,84,113
109,144,111,108,82,145,81
144,109,110,108,115,146,113
85,84,113,83,108,109,114
114,112,85,115,83,84,109
113,115,85,112,83,84,109
114,113,112,111,85,109,108
86,120,123,117,118,150,119
118,116,119,86,120,123,150
119,117,116,151,152,150,123
118,117,151,152,150,116,153
86,123,116,121,87,150,117
122,154,123,120,86,150,155
121,154,123,120,124,158,155
120,150,116,86,155,121,151
126,125,158,90,89,127,160
126,124,127,90,158,161,159
124,125,158,159,237,90,161
93,125,92,94,90,89,91
129,1689,97,130,131,96,132
130,128,131,209,97,1689,1707
131,129,209,1707,128,97,1689
209,130,1707,129,128,210,300
100,134,99,1689,1690,128,98
136,139,135,212,134,216,1690
135,212,133,132,213,1690,216
212,134,133,216,214,139,213
103,133,101,139,102,1690,216
104,138,107,143,140,141,217
217,137,143,218,222,104,142
216,133,212,214,136,135,217
141,142,107,1691,143,106,105
142,140,143,1691,107,220,137
141,143,140,1691,220,107,221
142,141,140,220,138,137,107
111,110,109,146,108,145,147
146,147,1691,110,144,106,111
147,145,144,224,110,111,1691
146,145,224,1691,144,223,221
149,1708,227,230,228,229,153
148,1708,227,228,229,230,115
155,151,152,123,156,157,116
152,150,155,153,156,119,118
151,150,155,156,153,157,231
230,232,152,1708,151,231,156
122,121,160,234,233,158,155
156,150,152,157,151,231,123
157,155,231,152,150,235,151
156,231,235,155,152,151,150
160,237,126,124,159,125,154
161,237,238,158,126,125,160
158,237,239,233,234,154,159
159,238,240,125,237,126,241
163,94,240,243,242,245,127
162,240,243,94,161,241,127
165,166,255,167,257,343,253
166,164,255,257,254,343,167
165,255,164,254,257,343,256
168,254,166,165,171,261,260
167,254,260,261,258,171,259
171,172,258,170,173,174,262
174,173,172,262,176,169,264
169,258,259,172,263,262,260
262,264,263,170,169,174,171
174,170,176,172,169,177,262
173,170,176,172,177,262,169
179,178,181,270,180,267,177
177,174,266,173,170,178,175
266,176,178,268,175,267,174
270,267,181,266,177,175,269
180,175,181,270,178,267,271
179,181,270,175,271,267,178
270,267,178,175,179,180,271
1703,183,184,186,273,180,274
1703,182,1866,273,272,186,180
186,1703,182,274,185,275,273
274,190,277,188,184,186,276
184,1703,274,273,182,275,185
189,188,190,278,277,185,360
190,187,189,185,277,278,276
187,188,278,190,277,360,185
188,277,185,189,187,276,360
279,454,47,50,455,1907,49
196,194,193,1704,284,1693,280
1704,1705,280,192,1694,196,1693
192,196,284,1698,1693,195,280
1706,199,285,197,1698,1702,286
284,192,194,280,1705,1704,193
199,1702,1706,195,1701,285,1700
200,1701,288,292,203,197,289
1706,197,195,285,1702,1697,1698
292,198,203,289,288,201,294
203,202,200,292,204,293,198
205,204,201,206,293,203,297
201,200,292,198,289,202,294
293,297,202,205,208,206,207
206,202,204,208,207,297,293
205,208,207,297,204,202,296
208,206,296,205,297,204,298
206,207,297,296,205,204,298
131,1707,130,129,210,300,213
213,304,1707,300,301,215,209
302,300,301,1707,296,299,209
135,216,214,134,133,139,307
210,215,304,134,1707,209,135
216,212,307,139,135,1709,219
304,213,305,210,1709,306,214
139,214,212,133,135,307,217
138,218,219,139,216,222,311
311,308,217,222,219,309,313
307,218,309,217,310,308,214
221,222,143,223,142,311,312
223,220,312,142,222,314,143
311,308,218,313,220,138,217
221,312,220,314,224,317,147
146,147,226,225,315,223,145
226,228,224,315,316,227,146
225,315,316,224,318,228,317
228,229,149,319,148,320,1708
227,149,319,225,229,148,320
319,1708,227,320,323,325,230
153,232,1708,152,229,148,151
157,235,156,155,152,232,153
230,153,1708,323,152,151,229
234,239,160,236,154,237,158
233,236,235,239,160,157,154
231,157,156,236,234,155,152
326,234,327,235,233,231,239
159,160,158,239,238,126,233
159,161,237,241,240,239,331
233,160,237,234,329,236,158
241,161,163,243,238,333,159
240,333,331,243,238,416,334
332,245,337,335,244,246,336
333,1810,241,334,240,332,416
245,246,335,336,242,337,332
242,244,335,246,332,337,336
336,335,244,245,337,242,332
249,250,251,1811,248,252,339
252,251,339,250,340,249,253
250,247,251,248,252,339,1811
249,251,247,248,252,339,340
252,248,339,250,340,249,253
248,251,339,340,253,250,249
341,340,339,343,252,342,430
256,255,261,344,166,168,257
254,256,344,257,166,343,261
344,254,261,255,345,348,346
343,255,344,256,166,341,254
259,171,260,263,169,347,172
258,260,347,171,263,348,262
259,261,347,348,258,171,168
348,256,254,260,344,255,345
264,263,172,265,170,258,350
262,264,172,259,258,265,350
262,263,265,172,350,170,268
264,268,262,263,172,1867,266
177,178,268,176,269,267,352
270,181,178,269,271,266,175
352,265,266,1867,269,177,353
353,267,352,178,270,266,268
181,267,178,269,175,179,271
272,355,1866,267,356,270,181
1866,271,355,356,183,180,1813
275,186,1703,274,183,359,184
275,186,185,359,184,276,277
359,274,273,186,276,277,1703
277,361,359,360,274,275,190
276,190,361,360,185,274,359
189,360,187,188,190,361,277
191,454,455,1909,1907,601,600
1705,284,196,1704,193,192,283
282,362,1705,280,1704,283,193
362,281,283,280,1705,363,1910
287,282,280,363,284,362,1705
196,280,194,192,1705,283,287
1706,199,195,286,197,365,291
287,285,284,365,195,1706,196
286,283,284,365,363,196,1910
289,200,290,198,292,291,197
292,294,288,200,290,370,203
291,369,289,288,370,372,292
369,290,372,371,288,370,365
289,200,294,203,288,201,198
204,297,295,202,294,208,201
289,292,374,375,370,293,203
298,379,380,293,297,376,375
207,208,299,298,297,206,378
208,204,298,293,206,295,207
379,295,378,297,296,299,208
378,302,296,382,298,379,211
301,1707,210,209,304,211,303
300,1707,303,210,304,305,211
382,299,211,384,378,296,301
383,305,301,387,385,300,304
305,215,210,213,301,300,303
304,303,215,210,306,387,301
1709,386,215,305,387,388,304
214,219,1709,216,310,309,386
311,313,218,222,309,310,219
310,308,313,219,218,311,390
309,219,390,308,313,218,307
308,222,313,218,309,220,219
223,221,314,317,220,315,224
308,311,309,222,218,390,310
312,394,317,223,395,221,396
316,226,317,318,397,224,225
315,318,226,397,317,225,224
315,312,397,314,318,316,398
397,316,315,398,399,317,226
320,321,322,229,325,227,401
321,319,322,325,401,402,229
320,322,319,401,325,402,405
401,321,325,320,405,319,402
324,325,232,229,230,1708,322
323,325,405,322,1710,229,401
322,405,401,324,321,320,319
327,236,328,1710,410,234,235
326,236,328,1710,410,330,234
330,329,413,409,414,415,410
330,328,413,414,239,409,415
328,329,413,414,409,415,410
416,417,418,241,504,334,333
337,242,335,245,336,246,338
243,1810,334,241,416,331,417
1810,333,416,420,417,243,419
336,246,337,245,332,242,244
335,246,337,245,338,244,332
332,335,336,242,245,246,338
422,337,336,424,335,423,332
340,252,251,253,248,430,342
339,252,251,253,430,248,342
342,253,430,343,431,432,340
341,430,431,432,253,340,343
257,341,253,255,344,342,166
256,345,255,346,254,257,261
346,344,438,434,256,437,436
345,438,434,344,436,1712,437
259,260,348,258,349,263,261
261,260,349,347,256,437,345
437,348,438,1712,347,346,345
351,1867,264,263,265,262,439
350,439,1867,440,354,442,347
268,353,269,1867,354,266,265
269,352,441,1812,355,357,354
442,441,1867,1868,352,353,1812
356,271,357,272,353,1711,269
355,357,1711,443,1813,271,272
1711,356,443,1812,444,355,1813
447,1813,448,445,531,446,443
275,276,274,361,277,273,1713
361,276,277,1713,278,190,452
360,276,1713,277,359,449,452
282,281,363,283,1910,364,280
1910,366,364,457,283,368,362
366,1910,457,363,368,458,1714
371,367,286,287,285,369,291
364,1910,368,363,1714,457,458
461,365,371,462,368,1714,464
1714,366,364,1910,461,363,463
291,290,372,371,370,288,464
290,373,294,374,289,375,372
369,372,365,291,367,464,290
369,464,371,291,373,465,290
1715,372,370,465,1716,464,468
375,294,376,370,377,295,293
374,376,377,294,370,295,467
377,375,374,467,380,295,1716
376,467,380,375,469,374,295
299,379,298,381,296,382,302
380,298,378,295,381,469,299
379,469,377,295,381,376,298
470,471,469,380,379,378,472
302,384,299,378,383,474,211
303,385,384,387,305,301,473
382,474,383,475,302,385,472
473,383,384,387,303,474,476
306,1709,388,391,393,389,307
388,305,385,389,303,306,383
389,477,393,391,386,387,478
388,477,393,391,478,386,387
395,392,313,394,310,309,308
393,477,388,389,386,481,478
480,481,390,483,482,391,395
391,477,389,388,478,481,386
395,314,390,313,484,396,308
394,390,313,314,308,392,311
400,484,485,398,486,394,314
318,398,316,317,315,399,488
397,400,399,318,489,488,396
488,492,404,489,398,490,397
396,484,485,398,397,317,489
405,322,406,325,321,402,403
403,401,321,322,320,405,406
402,406,401,493,405,322,404
492,399,488,494,403,495,402
401,406,322,325,403,321,402
405,401,403,408,322,325,402
496,497,412,498,408,1710,406
496,406,407,405,493,403,499
414,415,413,410,328,411,330
411,409,328,414,412,415,327
410,409,412,415,414,500,498
497,498,407,496,411,410,1710
414,330,415,409,328,329,410
415,409,413,330,328,410,329
414,409,413,330,502,328,411
417,331,334,418,333,504,1810
416,418,331,504,334,506,420
504,417,331,416,334,505,506
420,421,507,506,334,1810,338
419,506,334,1810,421,507,417
507,419,508,420,425,338,506
423,424,338,425,336,1911,335
422,424,1911,425,338,336,426
425,423,422,338,1911,421,507
424,423,422,338,421,507,1911
427,1811,1911,428,509,510,423
509,510,426,428,513,1811,1814
429,427,426,1811,509,1814,510
428,1814,512,430,427,340,431
431,342,341,340,432,339,253
430,342,432,341,514,340,515
431,342,514,430,515,341,516
435,518,436,434,346,438,345
438,436,346,1712,435,345,433
433,518,436,434,438,520,519
434,435,1712,438,518,519,433
349,1712,438,434,346,523,345
434,1712,346,436,437,345,435
440,351,525,522,349,350,347
525,439,522,351,526,591,523
1868,1812,354,442,353,357,1711
354,1868,441,527,1812,1867,529
1711,444,1813,357,446,356,445
443,1711,446,357,1812,445,1813
446,1912,1813,447,443,531,1941
445,443,444,1813,1912,1941,1711
358,445,1813,448,531,1912,446
447,358,531,1912,445,1813,446
450,1870,1713,1871,452,361,359
449,1870,1871,1713,452,361,359
453,452,1871,598,1713,360,1870
1871,1870,1713,453,450,449,451
451,452,1871,598,1870,1713,599
455,279,601,600,456,1909,191
454,601,600,279,456,1909,684
1872,1873,1909,603,600,602,1914
458,364,459,460,1910,366,363
457,460,459,364,366,1910,363
458,460,457,463,364,1714,366
458,459,457,364,366,463,1910
367,462,1714,368,463,532,533
461,533,464,532,367,465,463
534,459,1714,532,461,368,364
465,372,371,462,373,1715,367
464,1715,536,373,372,537,462
468,1715,536,541,537,538,1716
377,1716,376,540,469,468,375
466,1715,1716,541,536,542,537
380,470,381,471,377,379,467
471,381,469,472,380,379,545
470,381,469,472,380,545,544
475,474,544,476,471,470,384
385,476,548,474,475,383,549
475,472,476,384,473,385,548
474,476,472,384,473,549,548
475,474,548,549,473,472,385
389,478,388,393,391,552,479
477,393,552,389,391,388,481
552,550,477,478,389,548,473
392,481,482,483,390,553,486
480,392,483,391,393,553,478
555,483,487,480,486,554,557
553,481,482,554,480,392,478
396,485,400,486,487,394,395
484,396,400,560,486,556,487
487,484,482,485,555,396,557
486,555,482,557,485,484,556
492,399,489,490,404,494,495
490,488,491,492,399,559,398
489,491,488,492,559,399,494
490,489,559,560,488,561,556
488,399,404,494,489,490,495
403,499,408,404,494,563,406
495,492,563,404,564,559,488
494,563,564,559,492,404,488
407,497,498,408,412,406,499
498,412,407,496,408,411,1710
497,412,496,407,500,411,408
565,568,493,570,408,563,640
572,573,571,574,411,498,569
502,503,415,414,413,409,571
503,501,415,571,414,409,413
502,571,501,415,409,414,500
418,417,505,416,331,506,501
575,504,576,506,418,417,577
420,419,507,421,334,417,505
421,419,508,420,425,506,338
578,507,577,421,1919,506,419
510,427,513,579,426,428,511
509,427,579,511,513,580,426
579,510,582,581,580,509,656
1814,429,517,513,583,428,584
580,509,1814,510,584,581,579
515,1815,516,1816,432,586,517
516,1815,514,1816,517,432,586
515,1815,1816,514,517,586,587
583,516,515,512,587,1815,514
435,436,520,519,433,521,434
524,518,589,436,520,521,1712
521,588,518,589,519,435,1916
520,588,589,519,518,1916,586
525,523,440,591,439,437,1712
522,524,1712,437,519,525,436
519,523,589,1712,436,518,590
440,522,591,439,523,526,593
595,596,440,525,591,527,670
529,530,442,528,526,1868,354
1869,1913,529,530,1941,527,444
530,527,528,597,1869,595,442
529,527,597,528,595,1869,670
1912,445,447,448,1941,446,1874
533,534,463,535,462,461,608
532,462,539,608,611,535,461
463,535,532,459,607,1915,533
607,534,532,1915,609,608,604
537,538,466,1715,468,465,541
536,538,466,1715,465,541,468
537,536,466,612,541,1715,539
611,608,533,613,538,537,609
542,467,543,541,468,1716,615
542,466,468,543,536,538,537
541,543,540,616,617,468,466
542,616,617,541,618,540,615
546,545,472,619,475,471,476
547,546,544,620,615,471,619
619,544,545,547,620,622,551
620,545,615,621,546,619,544
549,476,473,550,551,475,474
548,476,551,550,475,473,474
479,548,627,549,552,623,551
549,624,623,625,548,550,546
479,478,477,550,626,389,388
483,554,482,481,478,480,555
553,483,629,482,557,555,630
557,487,482,486,554,629,483
561,560,558,632,637,485,491
555,554,487,482,629,633,486
556,561,632,560,637,634,635
562,495,564,494,491,490,489
556,561,558,491,485,637,632
556,560,558,637,632,491,485
636,559,638,564,566,495,641
564,495,494,566,559,493,499
563,495,559,494,562,566,641
568,570,640,645,499,566,642
641,640,564,643,642,565,563
569,646,647,645,573,574,570
570,565,645,640,647,499,642
574,573,567,646,649,572,647
568,565,645,640,647,642,567
503,500,572,502,649,573,574
573,500,574,649,569,571,567
574,569,572,649,500,567,646
573,569,649,572,646,567,500
505,576,577,506,504,508,652
575,652,505,654,655,653,504
508,1919,578,575,506,507,505
1919,508,577,507,656,421,425
511,581,580,582,510,509,513
581,582,579,513,510,511,509
582,580,579,511,656,510,513
581,580,579,656,511,657,658
585,659,587,517,584,661,516
585,660,583,513,580,662,659
583,584,659,660,587,661,662
1916,588,1816,663,1815,521,520
659,583,585,661,517,665,516
521,520,1916,586,589,518,519
521,519,520,588,524,590,518
589,592,524,666,593,519,521
593,592,525,594,596,522,523
593,591,594,590,668,596,523
592,594,591,668,596,590,525
593,668,596,592,591,743,739
670,672,526,596,597,530,673
594,526,595,593,591,670,592
672,670,673,530,595,529,671
599,453,451,452,1871,1870,680
598,453,451,1871,452,680,1870
684,601,685,603,1719,1900,456
600,685,684,455,759,454,603
1873,1717,1914,1900,1872,603,1719
1719,1900,684,602,1873,1720,1872
605,606,607,1915,686,1724,1721
606,604,686,1724,607,1725,1723
686,605,604,1724,1723,1721,1725
535,1915,604,605,534,610,1724
609,611,539,610,533,535,613
608,610,535,607,1724,611,539
609,1724,1725,608,1727,605,607
539,608,613,614,609,533,538
614,618,538,617,616,613,541
614,1728,611,539,688,689,612
613,612,688,687,618,611,1728
620,547,621,543,545,691,696
617,618,543,542,690,612,687
616,618,543,542,690,612,687
617,616,612,687,543,614,690
546,622,620,621,547,544,625
621,547,615,694,545,619,696
620,694,696,695,547,691,615
619,694,625,621,695,699,620
624,1718,698,627,551,625,699
623,625,551,699,698,1718,627
699,624,700,551,622,623,619
628,627,631,552,550,1718,479
1718,623,698,626,550,702,624
626,631,627,704,630,703,702
630,554,557,633,707,1920,555
631,704,1920,629,705,628,554
704,630,628,1920,705,703,626
558,637,635,634,556,561,633
707,708,635,629,632,557,634
635,710,637,632,639,1875,708
634,632,708,707,633,637,709
638,562,641,639,643,559,566
558,632,634,561,639,556,635
636,562,1877,643,641,1902,639
710,637,1875,634,638,636,1902
565,642,566,568,570,641,644
566,643,640,642,1877,638,644
644,640,641,643,711,566,565
1877,641,642,566,712,638,644
642,711,714,640,712,643,570
570,647,568,565,567,646,640
647,569,567,648,574,645,573
645,646,570,567,648,568,569
646,647,715,721,719,716,718
574,650,573,572,569,1918,1917
1918,1917,649,651,719,574,721
1917,1918,650,720,719,649,722
654,655,653,576,723,720,802
655,654,652,723,720,651,1917
655,652,653,723,576,720,651
654,653,652,723,720,802,651
582,657,581,658,579,511,580
658,726,656,582,581,727,580
657,726,656,582,727,581,725
587,583,585,661,665,517,662
662,728,584,585,727,661,729
659,728,662,665,729,585,587
728,660,729,661,727,731,585
664,1916,732,586,735,667,1816
732,663,735,667,665,736,1916
733,661,734,659,664,587,732
667,669,590,737,735,740,738
666,735,663,732,664,1916,736
594,593,669,592,739,740,596
666,740,668,737,742,739,667
672,595,597,673,671,596,746
743,746,672,744,748,673,670
670,673,597,671,595,746,743
672,746,670,597,671,748,595
675,676,678,750,752,1874,747
747,674,751,750,673,1817,832
752,678,750,674,1878,753,677
679,678,676,752,753,757,681
676,752,677,674,753,750,1874
677,757,681,682,753,755,683
682,681,683,755,756,758,679
682,683,755,756,758,680,757
683,755,681,756,758,680,757
755,682,756,758,681,680,757
1719,603,685,600,1900,1720,1901
684,759,600,1720,601,1719,603
606,605,1724,1723,1725,604,1721
688,618,765,614,617,616,612
687,614,765,613,1728,689,612
1728,1726,766,1735,613,688,763
692,691,693,616,617,696,618
696,695,694,690,621,693,692
693,690,691,769,696,697,772
692,690,691,696,697,769,772
695,696,621,691,697,622,620
694,696,697,691,621,622,620
695,691,694,697,621,693,620
695,774,696,694,691,693,775
1718,702,1729,623,627,624,700
700,625,701,624,777,622,623
701,699,777,776,625,624,698
700,777,699,776,773,778,625
1729,698,1718,780,703,627,623
781,702,780,704,631,1729,784
631,1920,705,630,703,784,628
1920,704,784,706,630,631,785
785,705,1920,786,784,787,707
633,708,635,629,706,788,709
707,633,635,709,788,634,790
788,789,708,790,791,635,792
1875,639,634,1876,637,635,1902
714,644,712,642,716,713,717
713,711,1877,643,644,714,642
712,711,795,1877,796,714,643
711,716,717,715,718,644,799
717,718,716,797,714,798,799
717,715,718,714,797,799,798
716,718,715,797,714,798,799
717,715,797,716,798,714,799
721,722,1918,650,1917,800,651
651,802,1917,800,1918,722,719
722,719,800,1918,648,650,1917
721,800,719,1918,801,720,651
802,655,653,654,803,720,652
805,807,725,1919,806,880,881
724,805,658,809,657,807,726
658,657,727,656,582,581,660
726,660,662,728,731,658,729
662,729,660,661,731,730,727
730,731,728,810,662,661,733
810,729,731,733,811,728,662
729,730,810,728,662,812,727
735,664,736,663,667,734,813
734,665,810,814,730,815,729
733,814,815,665,813,810,732
732,736,664,667,663,738,813
813,738,735,732,818,816,814
738,820,819,818,740,669,823
818,737,736,820,813,735,816
741,821,742,740,743,668,744
742,669,739,737,741,823,819
821,739,827,822,744,826,742
740,739,821,741,824,823,822
744,671,741,745,739,748,826
745,743,826,671,825,748,741
826,744,825,828,827,748,821
748,673,749,671,672,829,744
751,675,1817,829,832,830,750
746,749,671,744,745,825,829
748,829,746,831,825,830,745
1878,1818,752,676,751,832,833
1817,832,747,830,1819,829,750
676,753,678,1878,750,677,1818
752,834,754,676,757,677,1878
835,757,834,753,758,756,755
683,756,682,758,681,757,680
755,758,683,682,681,757,680
754,679,681,756,755,758,682
756,755,683,682,681,757,754
685,838,839,1720,684,1901,760
1903,1730,1901,761,1720,1738,1739
1903,1738,1739,1730,840,760,1901
764,1735,763,845,1740,768,1726
768,845,762,847,766,1740,1735
1740,762,845,1735,763,1733,1741
767,688,770,687,769,766,1742
768,763,689,1742,847,765,845
770,1742,765,848,769,771,1745
847,763,845,766,1741,1742,762
770,771,767,692,765,693,772
767,771,769,848,1745,765,772
1745,770,848,769,772,767,849
1745,771,852,775,769,693,848
1736,777,701,774,851,775,697
775,697,773,695,772,852,693
774,852,853,772,854,697,773
778,777,779,700,701,855,856
701,776,778,700,1736,773,779
779,855,856,776,777,857,1736
855,778,856,857,776,777,783
783,1729,702,703,776,781,698
782,784,703,780,705,783,704
781,784,1820,787,1923,703,783
780,859,779,857,1729,782,781
781,705,787,782,1920,785,706
786,787,706,784,790,705,862
785,787,790,862,706,860,788
785,786,784,860,706,782,1923
790,709,791,708,789,786,862
793,792,791,866,709,863,794
788,791,862,786,709,789,785
789,793,790,863,866,862,788
793,789,1876,794,866,1875,709
789,866,792,794,863,791,1876
866,793,792,867,789,863,1737
1921,796,1922,1737,713,1924,712
795,1922,1921,871,1924,1737,713
798,718,717,715,799,716,1904
797,718,717,799,1904,715,716
797,798,717,718,716,714,715
722,721,719,720,801,876,1918
876,1904,872,1926,800,875,722
723,720,800,877,655,653,654
879,804,723,878,802,806,655
879,803,806,880,883,878,957
724,807,880,806,725,881,882
880,807,804,883,805,882,881
805,880,881,806,882,724,883
884,885,809,812,887,886,965
884,808,887,885,962,725,886
730,811,729,733,815,731,734
815,810,817,889,892,730,891
885,888,1879,808,886,967,731
816,736,814,818,734,738,893
734,813,815,817,891,733,816
817,811,891,814,892,810,734
813,893,818,814,736,891,738
891,892,815,1821,814,1822,811
738,816,893,813,820,736,737
820,823,894,895,737,897,824
819,823,818,895,894,737,738
741,827,822,739,826,745,742
827,896,821,741,824,826,742
894,819,824,897,820,895,742
897,823,894,896,898,822,742
828,826,745,744,749,748,827
745,825,828,827,744,821,741
822,821,826,741,745,896,825
825,826,901,745,831,827,749
830,749,1817,831,747,748,751
1817,829,751,832,902,831,749
901,828,749,829,825,830,903
751,1817,1819,830,1818,747,833
1818,1819,836,1878,832,834,750
836,753,835,754,833,1818,1927
754,834,905,757,753,836,1927
833,1927,834,1818,1819,1878,906
908,984,907,758,756,755,1052
839,1823,759,840,1738,761,1903
838,840,1738,761,1903,760,1739
1738,1739,761,1903,1730,760,839
842,1733,1734,1731,1732,844,843
841,844,910,843,911,1733,1734
911,844,910,912,842,1739,840
910,911,842,843,913,912,841
763,1740,768,1741,762,847,764
914,918,1741,847,916,845,1740
768,845,763,1741,1742,846,766
1745,771,849,770,767,922,850
919,922,848,1744,1743,1745,850
922,924,1745,848,925,849,852
1736,853,858,856,773,854,775
853,775,854,772,1928,774,850
854,852,775,1928,851,926,1736
853,1928,852,926,927,775,851
779,856,778,857,776,777,858
855,778,779,857,858,1736,851
855,779,856,778,929,930,858
930,856,931,851,857,928,855
934,783,1820,929,935,933,857
861,1929,1824,865,862,787,786
860,1929,865,1930,862,938,1824
865,790,791,786,861,938,860
866,864,939,793,791,940,789
939,863,938,940,865,1930,866
938,1930,861,862,1881,864,860
793,863,794,789,792,791,864
868,1924,1737,1922,869,794,1921
867,1924,869,1922,1737,1925,1931
868,1925,1924,941,867,944,1931
871,1925,873,944,874,796,799
1925,870,1924,796,944,1922,869
875,1904,801,873,1926,874,876
874,872,1904,870,875,950,798
950,873,875,872,949,870,1904
949,872,874,1926,951,950,873
801,1926,872,877,1904,875,800
876,1926,953,952,955,801,800
956,879,1019,953,958,1023,957
804,803,878,957,958,723,956
806,807,883,882,881,805,959
882,807,880,883,805,959,806
881,883,959,807,880,960,964
959,960,882,880,961,806,881
809,808,887,885,886,962,966
886,808,812,965,884,966,887
965,966,885,967,1879,812,888
962,884,809,966,885,808,965
1879,889,967,812,968,890,886
890,888,1879,811,968,967,892
889,971,892,968,1821,1822,972
817,892,1821,815,1822,814,811
1821,891,817,1822,890,971,815
816,818,820,895,1825,813,738
823,897,819,824,895,898,820
894,820,819,823,974,893,897
822,824,898,899,897,827,821
894,898,824,823,896,895,819
897,899,824,896,894,823,822
898,977,896,978,897,824,900
1880,977,901,978,980,828,899
831,828,1880,900,903,825,826
904,1882,830,1817,903,832,1819
1880,981,901,1882,831,902,982
902,1819,1882,832,833,830,983
907,835,906,1927,754,834,836
1927,905,836,834,835,833,1051
908,905,984,1051,835,1052,906
984,907,905,1052,837,1051,835
987,1823,1826,988,1055,912,986
911,844,913,912,842,843,989
910,912,844,843,913,989,842
911,910,989,913,843,844,1826
989,910,917,990,911,912,844
918,846,916,1741,1827,920,847
917,993,916,914,994,846,913
1827,993,914,918,846,995,915
994,915,990,913,993,989,1747
914,846,1741,847,916,920,1827
1744,849,1743,922,921,923,848
1827,918,921,914,996,916,1744
996,998,923,919,1883,922,1744
849,850,919,923,848,921,1744
921,998,922,996,924,919,997
925,997,850,923,927,926,1932
924,997,927,926,1932,850,923
1928,927,854,925,928,924,853
926,1928,925,1000,924,928,854
931,927,926,1001,1928,858,930
932,857,859,935,930,1002,931
858,931,1002,929,857,932,928
1002,930,1003,858,928,932,1004
929,1002,1003,931,935,930,934
1820,934,1923,936,1005,859,937
935,933,859,1005,1820,929,1006
1005,934,1007,932,929,859,933
1923,937,1824,1929,933,1820,860
936,1824,1828,1923,1009,1929,933
865,1930,864,1881,862,939,861
864,940,863,942,938,866,1931
939,942,1931,864,863,866,943
943,1931,1011,869,947,948,942
940,1931,1012,939,943,941,864
941,1011,1931,947,942,869,1012
945,1925,948,947,946,869,871
944,948,947,946,1925,869,1014
945,1014,948,944,947,950,1016
948,945,1748,944,941,943,946
947,945,944,946,1748,1014,941
951,875,952,1926,872,950,874
874,875,949,946,951,873,872
949,952,875,1926,954,950,874
954,951,1926,949,1017,875,876
955,1017,1020,877,954,956,1021
1017,952,955,951,1018,953,949
953,1017,954,1020,1021,952,1018
1019,878,1020,1023,958,953,1021
958,1023,1022,961,960,1019,956
957,1023,1022,1019,956,1093,1092
883,960,961,882,1024,880,1022
959,961,883,1022,1024,957,882
960,1022,1024,959,1025,883,957
963,887,1027,966,884,964,1031
962,1027,964,1029,1026,1028,887
1026,1028,963,1098,962,1027,1029
966,886,885,967,1030,1879,887
965,886,885,967,887,1031,1030
1879,888,968,886,965,969,889
969,970,967,1034,1879,889,890
1034,968,970,1030,1037,967,1035
1035,968,969,1036,1034,1038,972
972,1822,890,1746,1821,892,1038
971,1746,1038,1749,970,1035,1039
975,1825,974,1039,1746,1832,976
975,1825,976,895,973,1041,893
974,973,1825,976,1832,1888,1831
1041,979,1888,1043,974,1831,975
978,899,900,980,896,1880,898
977,980,899,900,1042,1880,982
1043,1041,976,1042,1044,1888,1831
978,982,977,900,1880,1110,1111
1882,903,982,983,1046,1880,902
980,981,1880,903,900,1111,1110
1047,1882,1048,1046,1049,981,904
908,1052,907,837,1051,905,835
1053,986,988,1054,1823,987,909
988,1053,985,987,1054,1823,909
909,988,1823,1826,986,1055,1056
986,987,1055,1823,909,1056,1053
913,990,991,912,910,994,917
994,989,917,913,991,1057,1059
992,989,990,1057,1058,1826,913
991,1058,1057,1826,989,990,1752
916,915,1827,917,995,1747,994
990,917,1059,1747,989,913,993
1884,1827,993,916,1064,1062,1747
998,921,1883,923,920,999,1068
925,924,1932,999,923,927,1000
996,921,923,1883,999,1068,997
1068,1067,998,997,1932,1069,923
1932,1071,927,1001,1072,997,1067
1004,1075,1000,1073,928,1071,1076
1003,931,932,1004,930,929,1075
1002,931,932,1004,1074,1075,930
1075,1001,1003,1002,931,1076,928
935,1007,1006,934,1008,933,1828
1005,1007,1828,1009,1008,933,937
1008,1005,1006,935,1078,1079,934
1007,1078,1005,1074,1006,935,1079
1828,1834,1833,1010,937,1889,1006
1009,1829,1836,1828,1889,1834,937
1013,943,941,1012,1748,1081,1750
942,1011,1885,1750,1013,943,1082
1081,1011,1750,1083,1748,1015,1012
1016,946,1838,948,1748,947,1015
1748,1081,1839,1016,1013,947,1014
1838,1014,1839,1015,1830,1748,1085
954,1018,955,952,953,951,1021
1017,954,1086,1090,1089,955,1088
956,1023,1092,1020,958,1093,1021
1021,1091,1019,956,955,953,1092
1091,1020,955,1019,1088,956,953
961,957,958,960,1023,1025,1094
958,1019,957,1093,1092,956,1022
1025,961,1096,960,959,1097,1022
1024,1096,1094,961,1097,1022,960
1028,964,1098,1029,963,1027,1100
1029,963,962,1031,1033,1026,1099
1026,1098,964,1029,963,1100,1097
1027,1099,1026,1028,1098,963,1100
1034,1037,969,1032,1031,1105,1101
1032,1033,1030,1102,1101,1027,966
1031,1033,1102,1101,1030,1103,1105
1102,1032,1031,1101,1103,1104,1027
969,1037,1030,968,970,1035,1036
1036,970,1749,1040,1038,1034,969
1035,1040,970,1749,1038,1037,1034
1034,1030,1105,969,1036,1106,1101
1749,972,1040,1039,1035,1746,970
1749,1040,1038,1751,972,1746,973
1749,1038,1039,1751,1036,1035,972
1888,1831,1043,1044,979,976,1832
1043,1045,979,1044,1041,1109,978
1044,1041,979,1045,1042,1888,1831
1043,1045,1041,1831,1888,1109,979
1044,1109,1043,1042,1041,1831,1888
1049,1048,983,981,1047,1112,1111
1048,983,1049,1050,1046,1114,1882
1049,1046,1047,983,1113,1112,981
1046,1048,1112,1047,983,1113,981
1114,1047,1115,1048,1113,1051,906
1052,1115,907,1050,905,906,984
984,1051,908,907,1115,905,837
1054,986,985,1116,988,1117,987
1053,1116,1117,986,985,988,1056
1056,1118,1752,988,1826,987,992
1118,1055,1752,1119,988,1175,987
1061,1058,991,990,1059,1120,992
1057,992,991,1120,1061,1752,1121
1747,1061,994,1060,1057,990,1120
1747,1124,1059,1064,1061,1884,1062
1059,1120,1057,1121,1747,1060,1058
1064,1066,1884,1934,1065,1063,995
1065,1070,1066,1069,1062,1883,1068
1062,1066,1934,1884,1060,1124,1065
1063,1066,1934,1062,1070,1064,1128
1934,1062,1064,1065,1063,1125,1124
1932,999,1068,1071,1072,1069,1131
1069,999,1070,1067,1063,1131,1883
1070,1068,1131,1133,1063,1132,999
1069,1131,1133,1128,1129,1063,1068
1072,1000,1932,1067,1753,1001,1073
1071,1753,1067,1073,1000,1932,1136
1135,1076,1075,1077,1753,1072,1136
1078,1008,1003,1077,1137,1075,1138
1004,1076,1077,1001,1073,1003,1135
1077,1075,1073,1135,1004,1001,1137
1076,1075,1137,1135,1073,1139,1074
1008,1074,1079,1142,1007,1080,1138
1080,1833,1834,1890,1078,1141,1007
1079,1141,1890,1833,1834,1889,1891
1013,1015,1748,1084,1083,1011,1750
1750,1837,1083,1012,1885,1887,1013
1084,1750,1082,1152,1081,1013,1153
1083,1152,1081,1750,1013,1153,1082
1839,1015,1838,1016,1081,1087,1154
1090,1830,1018,1087,1089,1838,1155
1838,1830,1154,1839,1016,1085,1086
1157,1089,1158,1091,1160,1159,1090
1158,1088,1090,1157,1159,1160,1018
1089,1159,1158,1086,1156,1018,1088
1021,1020,1088,1157,1089,955,1019
1093,1095,1023,1019,958,1020,956
1092,1095,1023,1019,958,1094,1164
1025,1095,1164,1022,1165,1093,1167
1093,1092,1164,1094,1165,1161,1166
1097,1025,1024,1098,1100,1028,1026
1096,1098,1100,1025,1028,1024,1026
1100,1028,1026,1097,1029,1099,1096
1029,1100,1169,1098,1104,1027,1033
1098,1099,1097,1028,1029,1096,1026
1103,1102,1105,1033,1032,1104,1031
1033,1101,1103,1104,1032,1031,1105
1101,1102,1105,1104,1033,1107,1106
1102,1103,1033,1101,1099,1032,1169
1101,1106,1037,1103,1107,1030,1102
1107,1105,1103,1101,1037,1036,1755
1106,1105,1103,1101,1755,1037,1102
1172,1757,1832,1831,1888,1756,1109
1045,1044,1043,1042,1831,1888,1041
1111,982,980,1046,981,978,1042
1110,982,980,1046,981,1049,1112
1173,1113,1049,1046,1048,1174,1111
1112,1173,1174,1049,1114,1048,1046
1050,1115,1113,1047,1174,1048,1049
1114,1050,1051,1174,1052,1113,1047
1117,1054,1053,986,985,988,1056
1116,1054,1053,986,985,1056,988
1056,1752,1119,1055,1175,1176,1058
1752,1118,1056,1058,1175,1177,1055
1121,1061,1122,1123,1057,1126,1058
1120,1122,1123,1126,1061,1178,1127
1121,1123,1126,1120,1178,1127,1177
1122,1121,1178,1120,1177,1126,1758
1125,1060,1179,1127,1934,1064,1066
1124,1179,1130,1934,1127,1066,1841
1127,1122,1121,1123,1120,1178,1124
1126,1179,1124,1841,1122,1125,1121
1129,1180,1133,1070,1131,1065,1069
1128,1133,1180,1070,1131,1069,1134
1125,1844,1179,1934,1180,1841,1066
1132,1133,1069,1070,1134,1129,1128
1131,1134,1133,1069,1070,1182,1129
1129,1131,1128,1132,1134,1070,1069
1132,1182,1183,1133,1131,1184,1129
1073,1076,1136,1077,1753,1186,1185
1753,1135,1073,1186,1072,1185,1071
1138,1139,1077,1140,1187,1142,1076
1137,1140,1142,1139,1187,1143,1188
1137,1138,1187,1140,1077,1188,1185
1187,1143,1138,1142,1188,1137,1189
1144,1080,1890,1145,1891,1146,1079
1143,1138,1140,1078,1137,1187,1080
1142,1140,1138,1191,1760,1187,1144
1141,1146,1193,1145,1760,1080,1143
1891,1146,1890,1889,1141,1144,1834
1145,1193,1891,1144,1192,1141,1194
1192,1150,1197,1199,1198,1196,1149
1151,1153,1149,1837,1082,1933,1150
1150,1933,1151,1148,1197,1147,1836
1197,1149,1147,1198,1199,1151,1148
1148,1149,1150,1198,1153,1197,1200
1084,1153,1083,1081,1750,1148,1085
1152,1148,1151,1083,1084,1082,1837
1087,1203,1201,1085,1155,1839,1202
1203,1156,1204,1205,1154,1159,1201
1155,1204,1205,1203,1159,1207,1766
1088,1158,1089,1160,1159,1162,1090
1159,1089,1160,1157,1090,1205,1088
1158,1205,1160,1090,1089,1156,1157
1158,1206,1159,1205,1157,1207,1208
1166,1163,1210,1164,1165,1212,1167
1209,1157,1211,1088,1160,1206,1163
1210,1166,1161,1212,1165,1164,1167
1165,1166,1167,1161,1212,1163,1095
1164,1167,1166,1212,1161,1163,1210
1161,1163,1210,1165,1164,1212,1167
1165,1212,1164,1166,1161,1163,1210
1215,1216,1214,1167,1165,1212,1164
1099,1104,1100,1029,1102,1098,1245
1754,1171,1751,1755,1217,1040,1756
1754,1170,1756,1761,1172,1751,1755
1756,1757,1108,1220,1761,1171,1218
1112,1113,1174,1224,1049,1046,1048
1113,1173,1114,1112,1050,1049,1115
1176,1118,1119,1752,1056,1177,1055
1175,1118,1119,1752,1056,1177,1252
1178,1123,1758,1840,1122,1121,1120
1758,1177,1123,1122,1840,1126,1121
1841,1125,1127,1844,1130,1124,1842
1128,1129,1181,1759,1133,1130,1225
1759,1225,1226,1762,1180,1227,1844
1184,1134,1183,1228,1133,1229,1132
1184,1182,1134,1228,1229,1132,1233
1183,1228,1182,1229,1134,1233,1132
1186,1190,1231,1139,1135,1234,1136
1185,1231,1190,1136,1135,1139,1234
1188,1140,1189,1139,1138,1137,1191
1189,1187,1140,1191,1190,1139,1234
1188,1187,1191,1140,1190,1234,1237
1234,1185,1236,1235,1231,1188,1186
1237,1760,1189,1188,1143,1140,1187
1195,1147,1194,1196,1193,1146,1764
1194,1146,1763,1195,1192,1144,1760
1195,1763,1193,1192,1765,1196,1238
1194,1196,1192,1238,1193,1763,1765
1764,1195,1238,1192,1194,1199,1240
1199,1198,1150,1147,1149,1764,1151
1199,1197,1150,1200,1764,1151,1239
1197,1198,1764,1150,1147,1196,1240
1239,1198,1151,1199,1197,1261,1240
1202,1241,1203,1154,1155,1766,1204
1201,1241,1203,1154,1766,1155,1769
1155,1156,1201,1241,1204,1154,1766
1207,1766,1156,1205,1241,1155,1203
1207,1159,1204,1156,1160,1206,1158
1208,1160,1207,1205,1159,1158,1204
1205,1204,1206,1208,1160,1766,1156
1206,1207,1160,1205,1242,1204,1766
1162,1211,1210,1163,1161,1157,1166
1163,1166,1161,1212,1165,1164,1213
1209,1210,1163,1162,1243,1161,1166
1166,1167,1165,1210,1163,1164,1213
1212,1210,1214,1163,1166,1167,1165
1216,1215,1213,1212,1167,1168,1165
1168,1216,1214,1167,1212,1165,1213
1214,1215,1168,1213,1167,1212,1165
1755,1754,1170,1107,1106,1171,1246
1219,1761,1247,1220,1248,1756,1757
1247,1761,1218,1756,1248,1249,1246
1757,1218,1172,1761,1756,1219,1247
1223,1222,1251,1224,1250,1274,1110
1250,1221,1251,1220,1757,1223,1274
1221,1224,1222,1110,1111,1251,1112
1223,1173,1221,1112,1174,1113,1251
1759,1226,1762,1181,1227,1230,1180
1762,1225,1759,1227,1181,1230,1180
1762,1226,1225,1230,1759,1181,1767
1184,1229,1183,1182,1233,1767,1134
1228,1767,1184,1230,1182,1227,1762
1767,1227,1253,1229,1762,1226,1254
1232,1235,1190,1234,1186,1236,1185
1231,1255,1233,1256,1235,1236,1234
1232,1228,1184,1229,1255,1231,1183
1190,1236,1235,1231,1189,1188,1185
1236,1234,1256,1231,1190,1255,1258
1235,1234,1256,1190,1231,1255,1258
1191,1760,1189,1188,1763,1257,1187
1196,1764,1240,1195,1765,1194,1260
1240,1200,1261,1764,1198,1199,1197
1764,1239,1238,1196,1199,1198,1195
1766,1201,1202,1204,1203,1769,1155
1243,1244,1263,1208,1264,1206,1266
1244,1242,1264,1265,1211,1263,1266
1243,1264,1265,1242,1266,1263,1211
1169,1289,1267,1099,1100,1216,1104
1249,1268,1269,1272,1247,1219,1270
1219,1761,1218,1248,1756,1249,1246
1247,1218,1219,1272,1273,1249,1761
1246,1272,1268,1269,1273,1247,1270
1251,1222,1274,1220,1221,1218,1757
1274,1250,1222,1294,1221,1223,1220
1295,1176,1175,1840,1117,1118,1119
1254,1767,1230,1276,1277,1275,1227
1253,1276,1277,1279,1767,1230,1275
1256,1232,1235,1236,1231,1258,1233
1255,1258,1235,1236,1232,1231,1234
1259,1280,1258,1236,1235,1234,1237
1256,1259,1281,1257,1236,1235,1255
1257,1280,1258,1283,1281,1282,1236
1765,1763,1238,1194,1846,1195,1847
1239,1768,1200,1240,1773,1764,1198
1769,1770,1285,1286,1766,1263,1287
1266,1242,1244,1243,1286,1264,1262
1265,1244,1243,1266,1242,1288,1263
1264,1244,1266,1288,1243,1771,1263
1263,1244,1265,1848,1288,1264,1243
1271,1849,1291,1328,1290,1329,1268
1269,1246,1249,1270,1272,1290,1291
1268,1270,1246,1249,1272,1290,1291
1290,1269,1292,1268,1291,1272,1293
1291,1267,1849,1290,1270,1328,1269
1249,1273,1246,1269,1268,1270,1248
1272,1293,1249,1270,1248,1292,1269
1251,1294,1250,1222,1221,1223,1224
1277,1278,1297,1298,1276,1253,1279
1254,1279,1277,1296,1253,1278,1297
1278,1275,1276,1279,1297,1254,1296
1297,1277,1279,1298,1275,1296,1276
1296,1276,1297,1278,1277,1254,1298
1259,1283,1281,1257,1282,1302,1258
1302,1280,1258,1303,1259,1339,1300
1283,1846,1305,1847,1280,1772,1306
1282,1280,1305,1846,1259,1303,1306
1772,1847,1768,1304,1308,1346,1260
1770,1286,1262,1313,1287,1769,1315
1287,1285,1315,1262,1263,1313,1314
1315,1286,1316,1313,1314,1285,1848
1848,1317,1265,1266,1314,1264,1318
1327,1323,1326,1325,1361,1330,1329
1291,1270,1292,1271,1849,1269,1268
1290,1271,1849,1270,1292,1267,1328
1290,1270,1293,1291,1331,1273,1269
1273,1292,1331,1270,1272,1290,1269
1274,1251,1250,1221,1224,1222,1223
1252,1176,1175,1840,1758,1177,1843
1279,1297,1276,1278,1277,1298,1299
1278,1298,1279,1296,1277,1299,1276
1299,1297,1278,1277,1332,1275,1279
1298,1332,1297,1278,1333,1296,1279
1301,1335,1336,1298,1299,1339,1332
1300,1335,1339,1336,1337,1338,1368
1303,1281,1280,1307,1283,1339,1305
1302,1307,1305,1281,1283,1280,1306
1772,1847,1306,1305,1282,1344,1284
1306,1307,1283,1282,1304,1303,1343
1305,1307,1343,1304,1344,1303,1345
1306,1305,1343,1303,1345,1302,1344
1309,1348,1346,1347,1768,1773,1284
1308,1348,1850,1347,1349,1773,1350
1352,1353,1312,1851,1311,1351,1852
1312,1351,1352,1355,1353,1356,1310
1311,1351,1352,1353,1310,1355,1380
1315,1285,1287,1316,1354,1355,1286
1317,1848,1315,1287,1316,1318,1357
1287,1316,1313,1314,1357,1286,1285
1357,1315,1358,1287,1314,1313,1354
1848,1314,1318,1288,1266,1315,1287
1317,1314,1848,1288,1359,1322,1384
1321,1320,1322,1324,1359,1360,1771
1324,1319,1321,1360,1325,1322,1323
1319,1322,1320,1359,1360,1324,1771
1359,1321,1319,1320,1318,1387,1360
1325,1326,1324,1289,1361,1327,1320
1320,1325,1323,1319,1326,1360,1321
1326,1323,1324,1361,1320,1362,1892
1361,1325,1323,1892,1362,1327,1390
1289,1330,1329,1326,1361,1323,1892
1849,1329,1330,1291,1271,1267,1290
1330,1328,1849,1327,1267,1271,1291
1329,1327,1328,1849,1289,1391,1892
1293,1292,1273,1270,1290,1291,1272
1333,1299,1334,1905,1336,1298,1364
1905,1334,1332,1364,1336,1368,1363
1364,1363,1905,1333,1332,1366,1365
1301,1337,1339,1338,1336,1300,1342
1368,1338,1369,1333,1905,1332,1335
1338,1335,1342,1339,1373,1369,1371
1369,1368,1336,1337,1335,1371,1370
1335,1342,1340,1337,1301,1341,1372
1341,1342,1372,1339,1373,1374,1337
1340,1342,1372,1374,1339,1373,1345
1340,1372,1341,1373,1339,1337,1375
1345,1307,1306,1376,1344,1305,1303
1343,1345,1306,1376,1774,1307,1377
1376,1343,1344,1377,1378,1307,1306
1347,1348,1308,1309,1379,1284,1304
1346,1348,1308,1379,1309,1350,1349
1309,1308,1347,1346,1350,1349,1379
1350,1850,1379,1348,1309,1853,1852
1349,1850,1379,1348,1309,1853,1347
1312,1311,1352,1355,1380,1356,1353
1353,1312,1310,1351,1851,1311,1380
1352,1851,1312,1310,1380,1351,1311
1355,1356,1381,1313,1382,1357,1316
1356,1354,1351,1382,1311,1381,1312
1382,1355,1354,1381,1380,1351,1311
1316,1358,1315,1354,1314,1384,1313
1357,1316,1385,1384,1381,1383,1386
1322,1321,1387,1319,1318,1389,1360
1778,1320,1321,1325,1324,1319,1359
1326,1892,1362,1390,1325,1778,1323
1892,1390,1361,1326,1391,1778,1854
1364,1334,1365,1905,1333,1367,1366
1363,1334,1905,1366,1333,1365,1370
1367,1363,1364,1334,1905,1366,1333
1370,1394,1905,1364,1368,1395,1369
1365,1363,1364,1334,1780,1366,1905
1369,1336,1338,1905,1333,1366,1370
1368,1338,1336,1370,1366,1395,1905
1394,1366,1395,1369,1368,1905,1779
1375,1373,1395,1337,1369,1397,1338
1373,1342,1375,1374,1340,1397,1341
1375,1372,1397,1342,1371,1374,1337
1372,1397,1398,1341,1373,1375,1342
1373,1397,1372,1371,1374,1396,1342
1345,1378,1377,1343,1400,1344,1341
1378,1400,1376,1345,1774,1776,1344
1400,1377,1376,1345,1398,1374,1422
1350,1349,1402,1347,1348,1403,1401
1382,1351,1353,1356,1406,1312,1352
1383,1382,1356,1354,1358,1385,1355
1356,1381,1380,1355,1354,1383,1406
1381,1385,1409,1382,1410,1408,1358
1386,1358,1385,1410,1357,1413,1412
1410,1383,1386,1358,1411,1384,1381
1384,1410,1385,1412,1411,1413,1358
1777,1388,1413,1414,1415,1389,1782
1414,1782,1777,1387,1389,1415,1781
1782,1416,1388,1414,1417,1781,1387
1362,1892,1854,1391,1361,1392,1778
1392,1393,1854,1390,1892,1362,1361
1391,1393,1854,1390,1892,1362,1361
1392,1391,1854,1390,1892,1362,1361
1370,1395,1366,1779,1369,1368,1905
1394,1370,1366,1779,1369,1371,1368
1399,1893,1419,1397,1375,1894,1371
1375,1373,1374,1372,1396,1399,1893
1374,1397,1893,1378,1399,1400,1396
1893,1396,1419,1397,1894,1375,1398
1378,1377,1376,1422,1424,1398,1423
1403,1402,1425,1431,1775,1426,1428
1403,1401,1425,1431,1775,1379,1426
1402,1401,1425,1431,1426,1775,1428
1405,1852,1853,1786,1407,1851,1787
1404,1786,1787,1407,1852,1853,1430
1408,1380,1382,1407,1356,1383,1381
1405,1406,1404,1786,1380,1408,1851
1406,1409,1432,1383,1382,1381,1411
1432,1408,1411,1383,1433,1410,1385
1411,1385,1386,1433,1409,1412,1384
1433,1410,1412,1409,1434,1385,1432
1411,1435,1386,1436,1433,1410,1413
1777,1415,1387,1414,1388,1412,1436
1388,1415,1777,1781,1782,1387,1416
1777,1413,1414,1388,1436,1781,1387
1417,1782,1781,1389,1783,1439,1414
1416,1781,1439,1783,1782,1855,1440
1421,1420,1449,1779,1395,1450,1419
1893,1399,1396,1894,1420,1397,1418
1421,1418,1449,1419,1451,1450,1396
1449,1418,1420,1450,1451,1452,1779
1423,1424,1400,1784,1377,1427,1776
1422,1424,1784,1400,1457,1456,1427
1423,1422,1784,1456,1936,1400,1457
1401,1426,1431,1428,1403,1402,1427
1428,1431,1785,1425,1788,1401,1403
1788,1459,1428,1425,1426,1460,1431
1426,1431,1788,1785,1425,1427,1459
1430,1787,1785,1853,1403,1402,1431
1429,1787,1462,1466,1463,1785,1789
1426,1428,1785,1425,1788,1403,1401
1409,1433,1937,1408,1411,1434,1410
1411,1434,1432,1410,1409,1412,1435
1433,1937,1435,1411,1432,1409,1412
1437,1434,1412,1433,1436,1857,1411
1437,1415,1412,1438,1435,1413,1414
1436,1438,1435,1467,1468,1412,1415
1467,1440,1439,1437,1468,1436,1781
1781,1440,1417,1438,1416,1783,1855
1439,1438,1467,1781,1417,1468,1855
1442,1443,1855,1783,1791,1854,1417
1441,1443,1791,1854,1855,1783,1393
1442,1791,1441,1855,1783,1417,1440
1445,1448,1469,1473,1470,1447,1446
1444,1448,1446,1447,1473,1469,1942
1447,1473,1448,1452,1450,1445,1942
1446,1473,1448,1942,1445,1452,1943
1473,1942,1444,1445,1447,1446,1469
1451,1450,1421,1452,1420,1418,1446
1452,1449,1451,1421,1446,1420,1447
1449,1452,1450,1421,1420,1792,1446
1450,1451,1449,1446,1421,1447,1792
1935,1895,1454,1894,1456,1936,1458
1936,1456,1935,1458,1895,1453,1474
1896,1793,1906,1795,1859,1894,1453
1936,1454,1895,1935,1784,1458,1453
1784,1477,1481,1423,1424,1459,1936
1476,1474,1454,1936,1477,1475,1456
1460,1788,1461,1481,1427,1482,1428
1459,1461,1788,1482,1481,1480,1428
1460,1459,1482,1480,1788,1484,1481
1463,1466,1789,1486,1787,1430,1489
1466,1462,1789,1486,1787,1489,1430
1465,1484,1485,1480,1785,1461,1487
1485,1484,1464,1480,1487,1461,1785
1463,1462,1789,1787,1486,1430,1489
1438,1468,1440,1437,1439,1436,1501
1467,1438,1501,1500,1440,1529,1437
1470,1471,1472,1504,1448,1444,1502
1469,1471,1472,1504,1502,1448,1503
1472,1470,1469,1504,1502,1503,1942
1471,1470,1469,1502,1503,1504,1942
1942,1448,1447,1446,1943,1504,1505
1475,1458,1476,1454,1935,1477,1936
1474,1476,1458,1896,1861,1478,1477
1458,1477,1474,1478,1475,1454,1936
1478,1476,1458,1479,1474,1475,1936
1477,1479,1476,1458,1511,1475,1510
1478,1511,1510,1477,1476,1512,1509
1484,1485,1465,1461,1464,1487,1483
1482,1460,1459,1461,1457,1483,1480
1461,1481,1483,1460,1480,1459,1484
1487,1482,1480,1514,1515,1484,1485
1485,1465,1480,1464,1487,1461,1483
1484,1465,1480,1464,1487,1483,1461
1491,1488,1463,1462,1789,1466,1489
1485,1518,1483,1484,1480,1514,1465
1518,1519,1486,1491,1487,1485,1465
1490,1789,1790,1492,1491,1486,1463
1489,1492,1790,1522,1491,1789,1496
1486,1488,1489,1519,1523,1492,1490
1490,1522,1489,1523,1491,1790,1524
1495,1494,1497,1496,1525,1856,1526
1496,1493,1495,1497,1790,1490,1492
1493,1494,1496,1497,1525,1527,1526
1494,1495,1493,1492,1522,1490,1790
1493,1495,1856,1525,1494,1526,1527
1897,1898,1938,1939,1499,1526,1527
1897,1938,1498,1939,1898,1937,1857
1529,1501,1468,1467,1857,1440,1438
1500,1529,1468,1467,1440,1438,1791
1503,1472,1471,1470,1469,1798,1504
1502,1472,1471,1470,1469,1798,1504
1505,1471,1942,1470,1469,1507,1472
1507,1504,1531,1530,1942,1943,1506
1796,1944,1943,1531,1508,1532,1505
1530,1531,1505,1504,1533,1506,1471
1536,1797,1538,1532,1796,1506,1535
1861,1545,1540,1544,1511,1512,1479
1511,1512,1479,1513,1544,1478,1517
1510,1512,1479,1544,1513,1478,1509
1544,1511,1510,1513,1545,1546,1517
1517,1546,1548,1512,1550,1510,1544
1520,1516,1515,1483,1487,1518,1549
1516,1514,1520,1549,1483,1487,1554
1520,1514,1515,1549,1554,1483,1518
1548,1513,1546,1550,1547,1512,1551
1488,1487,1519,1520,1514,1516,1485
1488,1518,1521,1491,1523,1552,1486
1516,1514,1515,1518,1487,1483,1554
1552,1519,1553,1523,1524,1557,1558
1492,1523,1524,1490,1489,1491,1496
1524,1521,1519,1522,1491,1552,1492
1523,1556,1522,1552,1557,1521,1558
1527,1526,1564,1560,1495,1497,1493
1527,1525,1564,1498,1898,1565,1897
1526,1564,1525,1565,1560,1498,1898
1940,1939,1898,1938,1897,1899,1568
1500,1501,1468,1467,1857,1567,1440
1507,1531,1505,1533,1504,1471,1798
1507,1530,1505,1533,1506,1575,1532
1534,1538,1536,1575,1580,1508,1576
1575,1531,1530,1507,1534,1532,1576
1532,1575,1576,1580,1581,1577,1538
1858,1537,1541,1539,1860,1543,1536
1538,1508,1532,1537,1797,1535,1579
1539,1579,1535,1543,1541,1538,1536
1536,1508,1532,1537,1579,1580,1539
1579,1537,1543,1541,1535,1538,1536
1545,1542,1509,1544,1582,1861,1583
1543,1539,1537,1535,1579,1858,1860
1582,1583,1540,1545,1584,1587,1509
1541,1539,1537,1579,1535,1858,1860
1512,1545,1511,1540,1513,1510,1509
1540,1544,1509,1542,1512,1511,1861
1550,1547,1517,1513,1548,1551,1585
1585,1551,1550,1590,1546,1586,1548
1517,1513,1550,1546,1549,1547,1551
1515,1516,1548,1554,1520,1514,1517
1546,1547,1551,1585,1548,1590,1517
1585,1590,1547,1550,1586,1546,1548
1521,1553,1557,1558,1524,1523,1519
1552,1555,1521,1554,1558,1557,1594
1589,1553,1516,1595,1549,1520,1515
1594,1558,1553,1598,1557,1596,1552
1557,1559,1558,1524,1598,1552,1555
1558,1556,1598,1559,1552,1555,1594
1557,1598,1556,1555,1594,1559,1552
1556,1598,1557,1558,1799,1524,1594
1563,1862,1564,1561,1525,1599,1527
1562,1563,1862,1560,1559,1599,1525
1561,1563,1862,1559,1560,1799,1620
1862,1561,1562,1560,1599,1564,1525
1527,1565,1526,1525,1566,1560,1599
1566,1564,1568,1940,1527,1528,1899
1565,1564,1568,1600,1599,1899,1940
1570,1569,1601,1899,1568,1940,1528
1899,1600,1940,1569,1566,1528,1565
1570,1567,1601,1899,1568,1940,1528
1567,1569,1601,1899,1568,1940,1528
1572,1574,1573,1798,1602,1603,1530
1571,1574,1573,1602,1798,1603,1604
1574,1602,1572,1571,1603,1604,1798
1572,1573,1571,1602,1603,1604,1798
1534,1533,1576,1532,1578,1577,1580
1577,1580,1581,1534,1578,1605,1606
1576,1605,1581,1578,1606,1580,1534
1577,1605,1576,1606,1581,1604,1603
1539,1537,1543,1541,1538,1535,1536
1581,1576,1577,1534,1606,1532,1605
1580,1577,1576,1606,1605,1578,1534
1583,1542,1584,1587,1540,1545,1544
1582,1584,1542,1587,1540,1545,1544
1583,1582,1587,1542,1540,1609,1627
1590,1551,1547,1586,1550,1546,1588
1585,1590,1547,1551,1588,1607,1611
1584,1583,1582,1609,1608,1607,1586
1607,1611,1608,1610,1612,1586,1609
1592,1591,1597,1595,1554,1615,1549
1585,1551,1547,1586,1550,1546,1611
1592,1589,1593,1613,1590,1597,1611
1591,1589,1597,1615,1613,1614,1618
1611,1612,1591,1588,1607,1590,1613
1555,1596,1598,1558,1557,1616,1553
1597,1615,1589,1554,1592,1555,1594
1616,1594,1617,1555,1598,1595,1799
1615,1592,1595,1618,1589,1614,1613
1558,1557,1594,1559,1556,1799,1555
1862,1566,1560,1564,1565,1563,1527
1568,1899,1566,1601,1565,1569,1940
1569,1570,1899,1567,1568,1600,1940
1573,1603,1574,1604,1572,1571,1578
1604,1602,1578,1573,1605,1577,1575
1603,1578,1602,1605,1577,1575,1573
1606,1577,1578,1581,1576,1580,1604
1605,1577,1581,1578,1576,1580,1622
1588,1608,1611,1610,1609,1612,1586
1609,1610,1607,1588,1611,1612,1587
1608,1610,1607,1588,1611,1628,1612
1608,1607,1588,1609,1612,1611,1593
1588,1612,1607,1593,1610,1608,1586
1611,1610,1593,1588,1607,1608,1609
1614,1592,1618,1615,1593,1597,1591
1618,1613,1615,1597,1592,1630,1591
1597,1618,1614,1592,1595,1613,1589
1596,1617,1619,1632,1594,1595,1598
1632,1616,1619,1596,1634,1633,1621
1614,1615,1597,1613,1619,1592,1595
1633,1617,1616,1618,1632,1634,1615
1621,1799,1635,1559,1598,1632,1617
1620,1635,1632,1636,1617,1799,1637
1623,1624,1605,1606,1578,1577,1604
1624,1622,1625,1606,1605,1626,1577
1623,1625,1622,1626,1606,1605,1581
1624,1626,1623,1622,1627,1606,1605
1625,1627,1624,1623,1622,1606,1584
1626,1584,1625,1628,1583,1587,1582
1629,1609,1608,1610,1607,1612,1588
1628,1631,1610,1612,1609,1608,1630
1631,1614,1613,1618,1629,1612,1615
1630,1629,1628,1613,1612,1614,1610
1617,1634,1636,1616,1619,1621,1633
1619,1634,1632,1617,1618,1616,1614
1632,1633,1636,1647,1619,1645,1617
1637,1636,1646,1621,1640,1648,1620
1637,1635,1632,1647,1634,1648,1621
1636,1648,1647,1635,1646,1649,1634
1639,1641,1640,1643,1650,1644,1651
1638,1641,1640,1650,1646,1651,1643
1639,1646,1638,1635,1641,1650,1652
1639,1638,1650,1643,1644,1651,1640
1644,1643,1641,1600,1638,1650,1639
1644,1642,1641,1638,1639,1650,1651
1643,1642,1641,1650,1651,1638,1639
1653,1647,1649,1634,1656,1648,1654
1640,1635,1637,1655,1648,1652,1639
1648,1649,1637,1645,1636,1634,1653
1647,1649,1637,1655,1636,1656,1646
1648,1656,1647,1655,1658,1657,1645
1651,1641,1639,1660,1652,1638,1640
1650,1660,1662,1652,1641,1661,1639
1661,1655,1650,1659,1663,1651,1646
1645,1654,1656,1649,1647,1648,1658
1656,1653,1658,1649,1645,1657,1647
1657,1649,1648,1659,1658,1652,1646
1658,1649,1654,1657,1653,1655,1648
1655,1659,1658,1656,1649,1652,1661
1656,1657,1649,1655,1659,1654,1648
1657,1663,1661,1655,1658,1652,1656
1662,1651,1650,1661,1663,1652,1641
1663,1652,1659,1660,1662,1657,1651
1660,1663,1651,1661,1652,1650,1659
1661,1659,1662,1652,1660,1657,1655
18,64,20,65,19,60,15
1673,27,25,1674,1676,26,1675
30,28,1667,29,1800,1865,1801
30,1666,29,28,1801,76,1800
43,41,40,87,39,38,42
24,1670,1672,1675,26,21,1671
1672,1675,1669,24,1806,27,1674
66,1804,1672,1669,23,24,1670
1670,1669,1675,1806,1804,1671,24
1665,1674,27,1676,1675,25,26
1675,1673,27,1676,1806,1665,1670
1670,1806,1674,1672,27,1669,1673
1673,1674,69,96,1807,1808,1665
59,1678,1679,58,57,1680,63
59,1679,1677,63,1682,61,1680
1680,1678,1682,1677,1683,59,1684
1679,1692,1677,1678,1693,1696,1682
1683,1682,62,63,60,1684,1685
1683,1681,1684,63,1679,1678,1696
1682,1684,1681,1695,63,1679,1696
1683,1695,1696,1682,1679,1681,1698
1686,67,1688,65,1681,1699,1687
1687,1685,1688,67,1699,1700,65
1686,1700,1688,1701,1685,1699,67
1699,1685,1686,1697,1700,1695,1687
128,98,100,97,95,132,96
99,101,100,133,132,136,103
106,140,105,145,141,142,78
1694,1680,1693,1679,1696,193,1704
1696,192,1694,1692,194,193,1680
1692,193,1693,1704,192,1680,1705
1684,1699,1698,1697,1696,1683,1688
1684,1693,1695,1698,1683,1680,1679
1699,1702,1700,1695,1688,1698,197
1695,1697,195,194,1696,1699,1702
1697,1688,1700,1695,1702,1698,1686
1702,1701,1697,1699,1688,197,1687
1700,198,1702,197,1687,1697,199
1700,197,1697,1701,199,1699,195
186,182,184,183,273,274,275
193,1705,280,192,196,1694,281
280,1704,193,196,284,281,192
199,285,195,197,1702,286,1698
209,131,300,210,130,301,213
230,229,232,148,153,149,227
306,307,386,215,214,305,304
407,327,324,326,412,323,497
357,443,444,356,1812,1813,446
438,434,436,437,523,519,346
449,452,450,361,1871,1870,360
368,366,364,463,461,459,1910
466,468,536,373,465,537,1716
468,467,466,1715,373,376,377
1721,1722,602,1873,1914,604,606
698,627,623,702,1729,624,626
1900,603,684,1720,1901,602,760
1901,760,1719,1903,1900,1730,761
1722,1717,606,686,605,604,1723
1721,1717,606,1732,686,1900,602
1725,686,1724,606,1727,1731,605
1725,605,686,606,610,1723,1727
1724,1723,1727,686,606,605,610
1735,1727,1728,689,610,1725,762
1725,1726,1735,1723,1724,610,686
689,1726,613,688,1735,614,766
702,698,780,1718,776,703,700
1903,760,761,1739,1738,1901,840
1733,1732,1723,841,1734,1725,764
1734,1731,1733,841,1730,1722,1739
1731,841,1732,1734,764,1723,842
1732,841,1731,1733,1730,1739,842
762,1726,1727,689,763,764,1728
773,851,777,778,856,701,855
1922,1921,1924,795,867,796,868
761,840,1739,1903,1730,760,839
1738,761,840,1903,1730,760,843
764,845,1741,762,763,846,768
846,845,1740,918,847,914,768
767,1743,847,766,768,1744,765
1744,919,1742,849,918,847,920
1743,919,849,1742,921,922,920
771,848,772,770,850,849,769
972,971,1822,1038,1749,1821,1039
1059,994,1060,993,1061,995,917
1015,947,1081,948,1011,1013,1014
1038,1040,1039,972,1035,1036,1746
1082,1083,1013,1012,1837,1084,1081
1040,1039,1170,1749,1036,1038,1035
1119,1118,1056,1055,1058,992,1175
1136,1072,1135,1073,1071,1132,1186
1170,1171,1755,1217,1756,1751,1761
1217,1754,1170,1107,1106,1171,1751
1761,1172,1171,1219,1218,1247,1220
1220,1172,1108,1756,1218,1761,1222
1840,1178,1177,1843,1123,1122,1126
1225,1181,1226,1762,1227,1180,1230
1191,1237,1144,1143,1193,1763,1140
1219,1756,1247,1218,1172,1220,1171
1226,1225,1759,1227,1181,1230,1229
1194,1765,1193,1195,1260,1238,1760
1196,1240,1238,1199,1195,1198,1239
1260,1763,1194,1238,1195,1196,1193
1204,1241,1207,1769,1156,1205,1203
1230,1253,1229,1227,1254,1228,1762
1261,1773,1284,1308,1240,1239,1309
1770,1262,1766,1241,1285,1204,1202
1769,1285,1262,1286,1313,1241,1766
1265,1264,1319,1288,1213,1321,1244
1847,1304,1284,1305,1846,1282,1306
1309,1768,1308,1261,1850,1348,1349
1776,1377,1775,1344,1400,1378,1376
1776,1774,1401,1402,1403,1425,1379
1774,1775,1377,1422,1400,1344,1378
1413,1415,1387,1388,1414,1782,1781
1360,1390,1362,1361,1892,1325,1326
1394,1780,1395,1370,1366,1418,1421
1779,1394,1367,1370,1395,1366,1421
1439,1417,1414,1416,1782,1388,1415
1389,1416,1388,1414,1781,1417,1439
1855,1417,1416,1439,1781,1782,1440
1456,1424,1936,1423,1457,1454,1422
1431,1426,1428,1464,1465,1425,1788
1405,1787,1790,1404,1407,1789,1466
1466,1430,1786,1789,1462,1463,1405
1459,1428,1460,1427,1426,1461,1431
1466,1463,1462,1489,1486,1787,1790
1490,1489,1789,1492,1786,1494,1496
1443,1855,1441,1442,1783,1440,1439
1794,1793,1796,1795,1797,1944,1451
1795,1794,1792,1906,1859,1896,1797
1792,1796,1797,1793,1795,1944,1508
1793,1859,1906,1794,1860,1896,1792
1794,1944,1797,1792,1506,1943,1508
1508,1794,1796,1536,1795,1535,1793
1571,1503,1572,1530,1502,1573,1574
1598,1559,1620,1558,1556,1557,1594
1865,72,73,74,75,30,28
75,77,1667,72,76,30,1800
51,53,1803,48,55,50,9
1802,55,54,53,51,1907,52
1671,1672,1805,1806,1670,66,1669
1806,1809,1804,1672,1675,1807,1670
1675,1805,1674,1672,1670,1809,1807
1809,1808,1806,1676,1674,1805,1675
1807,1809,97,1676,96,129,130
1807,1805,1806,1808,1675,1674,205
333,334,243,420,416,419,332
426,428,1911,427,250,509,247
441,1868,1711,357,444,443,353
443,445,446,447,1711,358,356
512,513,429,428,509,427,517
1816,516,515,514,586,1916,517
1815,516,515,514,586,1916,588
751,830,832,747,829,1819,902
833,1878,1819,750,836,832,751
833,832,1818,904,751,1817,1878
933,1923,934,859,782,936,937
1822,892,891,817,971,1746,890
1821,892,971,891,1746,817,972
987,909,988,838,986,839,985
1929,936,937,1923,860,861,1828
974,975,973,893,895,1746,976
909,992,912,987,1055,991,989
916,995,920,993,914,1884,918
1009,1006,937,1834,1833,1010,1079
1881,1930,1010,1886,1836,1835,1887
1838,1087,1016,1086,1014,1839,946
1888,1041,1832,1044,1043,976,1045
1831,1888,1041,1044,976,975,1043
1834,1079,1890,1080,1889,1009,1828
1833,1889,1890,1009,1079,1891,1828
1887,1886,1933,1836,1837,1885,1829
1933,1835,1886,1887,1010,1829,1149
1082,1887,1835,1750,1886,1148,1933
1016,1830,1839,1087,1014,1085,1015
1085,1838,1016,1015,1087,1081,1748
1758,1178,1843,1177,1123,1122,1126
1842,1179,1844,1127,1125,1130,1843
1841,1844,1843,1179,1845,1127,1125
1842,1758,1840,1841,1127,1178,1126
1841,1130,1179,1842,1845,1125,1181
1842,1844,1841,1225,1759,1181,1227
1282,1847,1283,1260,1772,1304,1305
1772,1304,1846,1282,1284,1305,1283
1317,1314,1288,1266,1318,1287,1286
1328,1291,1271,1290,1267,1329,1292
1349,1350,1309,1348,1379,1853,1308
1353,1852,1352,1310,1404,1380,1312
1851,1853,1404,1405,1353,1349,1850
1852,1404,1429,1350,1349,1405,1430
1393,1392,1391,1390,1362,1892,1361
1783,1417,1416,1439,1440,1441,1781
1937,1497,1498,1499,1432,1493,1434
1499,1435,1437,1468,1938,1467,1939
1860,1535,1859,1906,1795,1537,1541
1906,1860,1795,1896,1858,1793,1535
1858,1859,1906,1795,1896,1535,1793
1509,1475,1540,1545,1860,1896,1906
1563,1561,1560,1599,1562,1564,1525
1864,70,68,71,95,98,99
70,1863,1865,74,73,1800,72
1800,72,73,74,30,75,28
272,271,355,356,183,180,181
354,352,268,350,351,265,442
441,1812,442,354,444,1711,353
528,1913,1941,529,530,444,1874
1871,450,449,452,1713,453,451
1870,452,450,449,1713,453,451
1873,1914,602,456,603,1717,1900
602,1914,1872,1717,603,1900,1915
1941,1912,531,1869,1913,678,674
1876,710,792,639,634,709,789
1875,792,710,789,793,794,1902
643,712,1902,641,638,713,642
750,1818,833,752,1819,676,832
888,967,889,968,812,886,890
900,903,901,982,831,980,977
1930,1829,938,865,861,1886,1929
981,983,902,904,903,1046,982
996,998,921,1063,1068,920,999
995,1062,1064,1827,1060,1066,1747
1887,1886,1012,1835,1837,1082,942
1887,1835,1885,1836,1933,1837,1829
1886,1835,1885,1837,1933,1836,1082
1831,1041,1832,1044,1043,976,979
1890,1891,1834,1145,1833,1009,1080
1889,1891,1834,1833,1080,1141,1145
1145,1889,1890,1146,1141,1834,1833
1362,1361,1390,1326,1391,1392,1854
1399,1396,1419,1894,1397,1398,1375
1453,1893,1419,1895,1935,1399,1396
1453,1935,1454,1456,1936,1894,1458
1906,1859,1795,1860,1455,1793,1475
1938,1898,1939,1498,1499,1528,1940
1897,1939,1498,1938,1528,1940,1526
1568,1940,1569,1600,1528,1601,1566
1719,603,602,1901,1720,684,1717
1720,760,1730,1903,761,1719,1900
1877,638,639,1921,795,1876,643
761,1730,760,1738,1739,840,1901
872,798,801,873,797,875,876
1333,1334,1364,1366,1368,1363,1332
1859,1896,1795,1860,1793,1858,1455
1803,1909,1802,1908,51,1694,55
1909,281,362,282,456,1705,1907
1908,1907,456,281,362,282,1872
363,366,364,457,368,458,1714
423,426,422,424,1811,425,427
531,445,1941,446,447,1813,1874
1869,528,1941,444,446,1912,1812
1873,602,1872,1915,1717,460,604
607,604,535,605,534,1914,606
586,588,663,1816,521,520,1815
651,1918,650,719,649,720,722
1917,650,651,719,649,721,722
578,577,508,724,656,805,725
705,704,630,706,631,784,629
795,1737,1922,796,1924,867,1902
1737,1921,1924,795,796,867,868
936,1824,1820,933,937,1929,860
868,1922,867,1737,1925,871,869
871,944,869,1924,945,870,868
876,952,949,875,872,801,951
906,836,834,905,833,835,1818
926,854,927,853,852,928,925
860,1824,861,936,1923,937,865
1881,938,865,861,1829,864,862
940,943,941,942,869,868,867
1000,1067,997,1071,925,999,1072
1835,1836,1149,1887,1886,1837,1148
1066,1064,1065,1062,1125,1124,1130
1453,1895,1454,1936,1456,1458,1894
1456,1454,1935,1458,1895,1784,1453
1434,1856,1432,1433,1499,1409,1498
1939,1897,1898,1499,1498,1528,1940
1938,1897,1898,1528,1940,1498,1499
1528,1939,1899,1568,1898,1938,1565
1912,1913,446,445,1874,1869,444
1473,1504,1448,1447,1943,1505,1470
1944,1942,1473,1506,1796,1505,1447
1943,1796,1506,1794,1792,1942,1473
